Date,Account,Account_Description,Debit,Credit,Reference,Memo
2023-01-01,1100,Accounts Receivable,1071545.79,0.0,AR-2023-0010,
2023-01-01,4000,Revenue – Modern Trade,0.0,1071545.79,AR-2023-0010,
2023-01-01,1100,Accounts Receivable,405207.24,0.0,AR-2023-0514,
2023-01-01,4020,Revenue – Government,0.0,405207.24,AR-2023-0514,
2023-01-01,1100,Accounts Receivable,1036133.4,0.0,AR-2023-0534,
2023-01-01,4020,Revenue – Government,0.0,1036133.4,AR-2023-0534,
2023-01-01,1100,Accounts Receivable,878864.89,0.0,AR-2023-0781,
2023-01-01,4030,Revenue – Catering,0.0,878864.89,AR-2023-0781,
2023-01-01,5000,COGS – Food,135942.12,0.0,INV-2023-0063,Antibiotics + analgesics — bulk SKUs
2023-01-01,2000,Accounts Payable,0.0,135942.12,INV-2023-0063,
2023-01-01,5000,COGS – Food,65860.91,0.0,INV-2023-0296,Bulk SKUs — monthly replenishment
2023-01-01,2000,Accounts Payable,0.0,65860.91,INV-2023-0296,
2023-01-01,5030,COGS – Cosmetics,164371.13,0.0,INV-2023-0805,OTC & consumer health replenishment
2023-01-01,2000,Accounts Payable,0.0,164371.13,INV-2023-0805,
2023-01-01,6210,Printing & Stationery,5410.65,0.0,INV-2023-1213,POS shelf labels
2023-01-01,2000,Accounts Payable,0.0,5410.65,INV-2023-1213,
2023-01-01,6100,Rent Expense,380000.0,0.0,RENT-2023-01,
2023-01-01,1000,Cash – SNB Operating SAR,0.0,380000.0,RENT-2023-01,
2023-01-01,1000,Cash – SNB Operating SAR,38000000.0,0.0,OB-2023,Opening balance Jan 1 2023
2023-01-01,1010,Cash – Riyad Bank FX USD,8100000.0,0.0,OB-2023,Opening balance Jan 1 2023
2023-01-01,1020,Cash – ANB Payroll SAR,1900000.0,0.0,OB-2023,Opening balance Jan 1 2023
2023-01-02,1100,Accounts Receivable,532920.58,0.0,AR-2023-0360,
2023-01-02,4010,Revenue – Hospitality,0.0,532920.58,AR-2023-0360,
2023-01-02,1100,Accounts Receivable,383958.07,0.0,AR-2023-0788,
2023-01-02,4030,Revenue – Catering,0.0,383958.07,AR-2023-0788,
2023-01-02,5000,COGS – Food,114646.02,0.0,INV-2023-0102,OTC & consumer health replenishment
2023-01-02,2000,Accounts Payable,0.0,114646.02,INV-2023-0102,
2023-01-02,6100,Rent Expense,1256571.39,0.0,INV-2023-1086,Warehouse lease — Qassim WH
2023-01-02,2000,Accounts Payable,0.0,1256571.39,INV-2023-1086,
2023-01-03,1100,Accounts Receivable,425415.28,0.0,AR-2023-0516,
2023-01-03,4020,Revenue – Government,0.0,425415.28,AR-2023-0516,
2023-01-03,6110,Utilities,420721.65,0.0,INV-2023-0001,Electricity & water — Riyadh North DC
2023-01-03,2000,Accounts Payable,0.0,420721.65,INV-2023-0001,
2023-01-03,5010,COGS – Beverages,167376.95,0.0,INV-2023-0399,Antibiotics + analgesics — bulk SKUs
2023-01-03,2000,Accounts Payable,0.0,167376.95,INV-2023-0399,
2023-01-03,5020,COGS – Household,79379.49,0.0,INV-2023-0559,
2023-01-03,2000,Accounts Payable,0.0,79379.49,INV-2023-0559,
2023-01-03,6200,Marketing & Advertising,45335.36,0.0,INV-2023-1110,
2023-01-03,2000,Accounts Payable,0.0,45335.36,INV-2023-1110,
2023-01-04,1100,Accounts Receivable,418719.31,0.0,AR-2023-0531,
2023-01-04,4020,Revenue – Government,0.0,418719.31,AR-2023-0531,
2023-01-04,1100,Accounts Receivable,712022.03,0.0,AR-2023-0798,
2023-01-04,4030,Revenue – Catering,0.0,712022.03,AR-2023-0798,
2023-01-04,5010,COGS – Beverages,145911.36,0.0,INV-2023-0344,
2023-01-04,2000,Accounts Payable,0.0,145911.36,INV-2023-0344,
2023-01-04,5010,COGS – Beverages,100342.2,0.0,INV-2023-0416,Antibiotics + analgesics — bulk SKUs
2023-01-04,2000,Accounts Payable,0.0,100342.2,INV-2023-0416,
2023-01-04,5020,COGS – Household,138719.1,0.0,INV-2023-0624,Antibiotics + analgesics — bulk SKUs
2023-01-04,2000,Accounts Payable,0.0,138719.1,INV-2023-0624,
2023-01-04,6100,Rent Expense,1132941.79,0.0,INV-2023-1074,Warehouse lease — Hail WH
2023-01-04,2000,Accounts Payable,0.0,1132941.79,INV-2023-1074,
2023-01-04,6100,Rent Expense,819986.59,0.0,INV-2023-1098,Warehouse lease — Riyadh South DC
2023-01-04,2000,Accounts Payable,0.0,819986.59,INV-2023-1098,
2023-01-05,1100,Accounts Receivable,651226.09,0.0,AR-2023-0789,
2023-01-05,4030,Revenue – Catering,0.0,651226.09,AR-2023-0789,
2023-01-05,6110,Utilities,424415.1,0.0,INV-2023-0002,Electricity & water — Riyadh South DC
2023-01-05,2000,Accounts Payable,0.0,424415.1,INV-2023-0002,
2023-01-05,6110,Utilities,373189.37,0.0,INV-2023-0003,Electricity & water — Qassim WH
2023-01-05,2000,Accounts Payable,0.0,373189.37,INV-2023-0003,
2023-01-05,5010,COGS – Beverages,98787.52,0.0,INV-2023-0431,
2023-01-05,2000,Accounts Payable,0.0,98787.52,INV-2023-0431,
2023-01-06,1100,Accounts Receivable,359178.75,0.0,AR-2023-0357,
2023-01-06,4010,Revenue – Hospitality,0.0,359178.75,AR-2023-0357,
2023-01-06,1100,Accounts Receivable,411407.35,0.0,AR-2023-0764,
2023-01-06,4030,Revenue – Catering,0.0,411407.35,AR-2023-0764,
2023-01-06,1100,Accounts Receivable,402728.47,0.0,AR-2023-0791,
2023-01-06,4030,Revenue – Catering,0.0,402728.47,AR-2023-0791,
2023-01-06,5020,COGS – Household,179557.9,0.0,INV-2023-0697,OTC & consumer health replenishment
2023-01-06,2000,Accounts Payable,0.0,179557.9,INV-2023-0697,
2023-01-06,6300,Logistics – 3PL,127352.82,0.0,INV-2023-0955,Line-haul & distribution services
2023-01-06,2000,Accounts Payable,0.0,127352.82,INV-2023-0955,
2023-01-06,6300,Logistics – 3PL,268638.97,0.0,INV-2023-1037,Line-haul & distribution services
2023-01-06,2000,Accounts Payable,0.0,268638.97,INV-2023-1037,
2023-01-07,1100,Accounts Receivable,305886.27,0.0,AR-2023-0014,
2023-01-07,4000,Revenue – Modern Trade,0.0,305886.27,AR-2023-0014,
2023-01-07,1100,Accounts Receivable,224442.83,0.0,AR-2023-0025,
2023-01-07,4000,Revenue – Modern Trade,0.0,224442.83,AR-2023-0025,
2023-01-07,1100,Accounts Receivable,428149.0,0.0,AR-2023-0800,
2023-01-07,4030,Revenue – Catering,0.0,428149.0,AR-2023-0800,
2023-01-07,5000,COGS – Food,79323.66,0.0,INV-2023-0250,OTC & consumer health replenishment
2023-01-07,2000,Accounts Payable,0.0,79323.66,INV-2023-0250,
2023-01-08,1100,Accounts Receivable,148249.4,0.0,AR-2023-0001,
2023-01-08,4000,Revenue – Modern Trade,0.0,148249.4,AR-2023-0001,
2023-01-08,1100,Accounts Receivable,627991.14,0.0,AR-2023-0011,
2023-01-08,4000,Revenue – Modern Trade,0.0,627991.14,AR-2023-0011,
2023-01-08,1100,Accounts Receivable,637802.4,0.0,AR-2023-0019,
2023-01-08,4000,Revenue – Modern Trade,0.0,637802.4,AR-2023-0019,
2023-01-08,1100,Accounts Receivable,382849.64,0.0,AR-2023-0518,
2023-01-08,4020,Revenue – Government,0.0,382849.64,AR-2023-0518,
2023-01-08,1100,Accounts Receivable,496483.39,0.0,AR-2023-0784,
2023-01-08,4030,Revenue – Catering,0.0,496483.39,AR-2023-0784,
2023-01-08,5020,COGS – Household,68613.37,0.0,INV-2023-0569,Bulk SKUs — monthly replenishment
2023-01-08,2000,Accounts Payable,0.0,68613.37,INV-2023-0569,
2023-01-08,5020,COGS – Household,158659.95,0.0,INV-2023-0702,
2023-01-08,2000,Accounts Payable,0.0,158659.95,INV-2023-0702,
2023-01-08,5020,COGS – Household,79432.06,0.0,INV-2023-0758,
2023-01-08,2000,Accounts Payable,0.0,79432.06,INV-2023-0758,
2023-01-08,6220,Professional Fees,83901.96,0.0,INV-2023-1152,
2023-01-08,2000,Accounts Payable,0.0,83901.96,INV-2023-1152,
2023-01-08,5020,COGS – Household,178301.2,0.0,INV-2023-1192,"Blister & carton packaging PKG-1101 — 23,156 units @ SAR 7.70 (CT-2023-466)"
2023-01-08,2000,Accounts Payable,0.0,178301.2,INV-2023-1192,
2023-01-09,1100,Accounts Receivable,405455.48,0.0,AR-2023-0519,
2023-01-09,4020,Revenue – Government,0.0,405455.48,AR-2023-0519,
2023-01-09,1100,Accounts Receivable,138532.62,0.0,AR-2023-0525,
2023-01-09,4020,Revenue – Government,0.0,138532.62,AR-2023-0525,
2023-01-09,1100,Accounts Receivable,486792.75,0.0,AR-2023-0803,
2023-01-09,4030,Revenue – Catering,0.0,486792.75,AR-2023-0803,
2023-01-09,6110,Utilities,412246.24,0.0,INV-2023-0004,Electricity & water — Hail WH
2023-01-09,2000,Accounts Payable,0.0,412246.24,INV-2023-0004,
2023-01-09,6110,Utilities,406271.0,0.0,INV-2023-0005,Electricity & water — HQ Riyadh Olaya
2023-01-09,2000,Accounts Payable,0.0,406271.0,INV-2023-0005,
2023-01-09,5000,COGS – Food,139821.0,0.0,INV-2023-0104,
2023-01-09,2000,Accounts Payable,0.0,139821.0,INV-2023-0104,
2023-01-09,5000,COGS – Food,102921.27,0.0,INV-2023-0180,Bulk SKUs — monthly replenishment
2023-01-09,2000,Accounts Payable,0.0,102921.27,INV-2023-0180,
2023-01-09,5010,COGS – Beverages,167306.84,0.0,INV-2023-0436,Antibiotics + analgesics — bulk SKUs
2023-01-09,2000,Accounts Payable,0.0,167306.84,INV-2023-0436,
2023-01-09,5010,COGS – Beverages,130526.95,0.0,INV-2023-0504,OTC & consumer health replenishment
2023-01-09,2000,Accounts Payable,0.0,130526.95,INV-2023-0504,
2023-01-09,5030,COGS – Cosmetics,166121.54,0.0,INV-2023-0851,
2023-01-09,2000,Accounts Payable,0.0,166121.54,INV-2023-0851,
2023-01-10,1100,Accounts Receivable,895693.55,0.0,AR-2023-0006,
2023-01-10,4000,Revenue – Modern Trade,0.0,895693.55,AR-2023-0006,
2023-01-10,1100,Accounts Receivable,1071545.79,0.0,AR-2023-0008,
2023-01-10,4000,Revenue – Modern Trade,0.0,1071545.79,AR-2023-0008,
2023-01-10,1100,Accounts Receivable,1074158.52,0.0,AR-2023-0359,
2023-01-10,4010,Revenue – Hospitality,0.0,1074158.52,AR-2023-0359,
2023-01-10,1100,Accounts Receivable,945335.03,0.0,AR-2023-0365,
2023-01-10,4010,Revenue – Hospitality,0.0,945335.03,AR-2023-0365,
2023-01-10,1100,Accounts Receivable,1074158.52,0.0,AR-2023-0366,
2023-01-10,4010,Revenue – Hospitality,0.0,1074158.52,AR-2023-0366,
2023-01-10,1100,Accounts Receivable,419418.76,0.0,AR-2023-0512,
2023-01-10,4020,Revenue – Government,0.0,419418.76,AR-2023-0512,
2023-01-10,1100,Accounts Receivable,939844.48,0.0,AR-2023-0779,
2023-01-10,4030,Revenue – Catering,0.0,939844.48,AR-2023-0779,
2023-01-10,1100,Accounts Receivable,332293.19,0.0,AR-2023-0780,
2023-01-10,4030,Revenue – Catering,0.0,332293.19,AR-2023-0780,
2023-01-10,5000,COGS – Food,63140.4,0.0,INV-2023-0162,OTC & consumer health replenishment
2023-01-10,2000,Accounts Payable,0.0,63140.4,INV-2023-0162,
2023-01-10,5000,COGS – Food,140555.7,0.0,INV-2023-0265,
2023-01-10,2000,Accounts Payable,0.0,140555.7,INV-2023-0265,
2023-01-10,5020,COGS – Household,174179.17,0.0,INV-2023-0667,
2023-01-10,2000,Accounts Payable,0.0,174179.17,INV-2023-0667,
2023-01-11,1100,Accounts Receivable,257687.98,0.0,AR-2023-0521,
2023-01-11,4020,Revenue – Government,0.0,257687.98,AR-2023-0521,
2023-01-11,1100,Accounts Receivable,371095.71,0.0,AR-2023-0524,
2023-01-11,4020,Revenue – Government,0.0,371095.71,AR-2023-0524,
2023-01-11,5000,COGS – Food,63730.82,0.0,INV-2023-0080,Antibiotics + analgesics — bulk SKUs
2023-01-11,2000,Accounts Payable,0.0,63730.82,INV-2023-0080,
2023-01-11,5000,COGS – Food,89967.93,0.0,INV-2023-0107,
2023-01-11,2000,Accounts Payable,0.0,89967.93,INV-2023-0107,
2023-01-11,5020,COGS – Household,137857.63,0.0,INV-2023-0657,
2023-01-11,2000,Accounts Payable,0.0,137857.63,INV-2023-0657,
2023-01-11,5020,COGS – Household,102820.0,0.0,INV-2023-0708,Bulk SKUs — monthly replenishment
2023-01-11,2000,Accounts Payable,0.0,102820.0,INV-2023-0708,
2023-01-11,6300,Logistics – 3PL,312740.53,0.0,INV-2023-0994,Line-haul & distribution services
2023-01-11,2000,Accounts Payable,0.0,312740.53,INV-2023-0994,
2023-01-11,6300,Logistics – 3PL,371141.2,0.0,INV-2023-1030,Line-haul & distribution services
2023-01-11,2000,Accounts Payable,0.0,371141.2,INV-2023-1030,
2023-01-12,1100,Accounts Receivable,663904.31,0.0,AR-2023-0009,
2023-01-12,4000,Revenue – Modern Trade,0.0,663904.31,AR-2023-0009,
2023-01-12,1100,Accounts Receivable,270363.14,0.0,AR-2023-0355,
2023-01-12,4010,Revenue – Hospitality,0.0,270363.14,AR-2023-0355,
2023-01-12,1100,Accounts Receivable,261042.97,0.0,AR-2023-0804,
2023-01-12,4030,Revenue – Catering,0.0,261042.97,AR-2023-0804,
2023-01-12,6300,Logistics – 3PL,297091.36,0.0,INV-2023-0954,Line-haul & distribution services
2023-01-12,2000,Accounts Payable,0.0,297091.36,INV-2023-0954,
2023-01-12,5100,Freight Inwards,42254.71,0.0,INV-2023-1182,
2023-01-12,2000,Accounts Payable,0.0,42254.71,INV-2023-1182,
2023-01-13,1100,Accounts Receivable,819199.23,0.0,AR-2023-0003,
2023-01-13,4000,Revenue – Modern Trade,0.0,819199.23,AR-2023-0003,
2023-01-13,1100,Accounts Receivable,204694.1,0.0,AR-2023-0015,
2023-01-13,4000,Revenue – Modern Trade,0.0,204694.1,AR-2023-0015,
2023-01-13,1100,Accounts Receivable,307015.77,0.0,AR-2023-0024,
2023-01-13,4000,Revenue – Modern Trade,0.0,307015.77,AR-2023-0024,
2023-01-13,5010,COGS – Beverages,167628.8,0.0,INV-2023-0445,Antibiotics + analgesics — bulk SKUs
2023-01-13,2000,Accounts Payable,0.0,167628.8,INV-2023-0445,
2023-01-14,1100,Accounts Receivable,172870.98,0.0,AR-2023-0768,
2023-01-14,4030,Revenue – Catering,0.0,172870.98,AR-2023-0768,
2023-01-14,5000,COGS – Food,104585.7,0.0,INV-2023-0159,Antibiotics + analgesics — bulk SKUs
2023-01-14,2000,Accounts Payable,0.0,104585.7,INV-2023-0159,
2023-01-14,5000,COGS – Food,172635.24,0.0,INV-2023-0305,OTC & consumer health replenishment
2023-01-14,2000,Accounts Payable,0.0,172635.24,INV-2023-0305,
2023-01-14,5020,COGS – Household,89749.39,0.0,INV-2023-0693,OTC & consumer health replenishment
2023-01-14,2000,Accounts Payable,0.0,89749.39,INV-2023-0693,
2023-01-14,5020,COGS – Household,94092.95,0.0,INV-2023-0719,
2023-01-14,2000,Accounts Payable,0.0,94092.95,INV-2023-0719,
2023-01-15,1100,Accounts Receivable,340192.25,0.0,AR-2023-0016,
2023-01-15,4000,Revenue – Modern Trade,0.0,340192.25,AR-2023-0016,
2023-01-15,1100,Accounts Receivable,93147.65,0.0,AR-2023-0026,
2023-01-15,4000,Revenue – Modern Trade,0.0,93147.65,AR-2023-0026,
2023-01-15,1100,Accounts Receivable,135373.45,0.0,AR-2023-0527,
2023-01-15,4020,Revenue – Government,0.0,135373.45,AR-2023-0527,
2023-01-15,1100,Accounts Receivable,502740.07,0.0,AR-2023-0769,
2023-01-15,4030,Revenue – Catering,0.0,502740.07,AR-2023-0769,
2023-01-15,1100,Accounts Receivable,532297.41,0.0,AR-2023-0773,
2023-01-15,4030,Revenue – Catering,0.0,532297.41,AR-2023-0773,
2023-01-15,1100,Accounts Receivable,609758.64,0.0,AR-2023-0782,
2023-01-15,4030,Revenue – Catering,0.0,609758.64,AR-2023-0782,
2023-01-15,1100,Accounts Receivable,456315.09,0.0,AR-2023-0785,
2023-01-15,4030,Revenue – Catering,0.0,456315.09,AR-2023-0785,
2023-01-16,1100,Accounts Receivable,210354.75,0.0,AR-2023-0012,
2023-01-16,4000,Revenue – Modern Trade,0.0,210354.75,AR-2023-0012,
2023-01-16,1100,Accounts Receivable,215032.99,0.0,AR-2023-0029,
2023-01-16,4000,Revenue – Modern Trade,0.0,215032.99,AR-2023-0029,
2023-01-16,1100,Accounts Receivable,195774.04,0.0,AR-2023-0361,
2023-01-16,4010,Revenue – Hospitality,0.0,195774.04,AR-2023-0361,
2023-01-16,1100,Accounts Receivable,407769.97,0.0,AR-2023-0363,
2023-01-16,4010,Revenue – Hospitality,0.0,407769.97,AR-2023-0363,
2023-01-16,1100,Accounts Receivable,351210.04,0.0,AR-2023-0364,
2023-01-16,4010,Revenue – Hospitality,0.0,351210.04,AR-2023-0364,
2023-01-16,5030,COGS – Cosmetics,78239.55,0.0,INV-2023-0784,Bulk SKUs — monthly replenishment
2023-01-16,2000,Accounts Payable,0.0,78239.55,INV-2023-0784,
2023-01-17,1100,Accounts Receivable,326529.37,0.0,AR-2023-0362,
2023-01-17,4010,Revenue – Hospitality,0.0,326529.37,AR-2023-0362,
2023-01-17,1100,Accounts Receivable,145747.42,0.0,AR-2023-0368,
2023-01-17,4010,Revenue – Hospitality,0.0,145747.42,AR-2023-0368,
2023-01-17,1100,Accounts Receivable,1060724.6,0.0,AR-2023-0767,
2023-01-17,4030,Revenue – Catering,0.0,1060724.6,AR-2023-0767,
2023-01-17,1100,Accounts Receivable,525968.69,0.0,AR-2023-0799,
2023-01-17,4030,Revenue – Catering,0.0,525968.69,AR-2023-0799,
2023-01-17,5010,COGS – Beverages,133472.35,0.0,INV-2023-0376,OTC & consumer health replenishment
2023-01-17,2000,Accounts Payable,0.0,133472.35,INV-2023-0376,
2023-01-17,5010,COGS – Beverages,87708.0,0.0,INV-2023-0401,
2023-01-17,2000,Accounts Payable,0.0,87708.0,INV-2023-0401,
2023-01-18,1100,Accounts Receivable,659877.97,0.0,AR-2023-0004,
2023-01-18,4000,Revenue – Modern Trade,0.0,659877.97,AR-2023-0004,
2023-01-18,1100,Accounts Receivable,355635.07,0.0,AR-2023-0005,
2023-01-18,4000,Revenue – Modern Trade,0.0,355635.07,AR-2023-0005,
2023-01-18,1100,Accounts Receivable,334007.18,0.0,AR-2023-0013,
2023-01-18,4000,Revenue – Modern Trade,0.0,334007.18,AR-2023-0013,
2023-01-18,1100,Accounts Receivable,269279.95,0.0,AR-2023-0017,
2023-01-18,4000,Revenue – Modern Trade,0.0,269279.95,AR-2023-0017,
2023-01-18,1100,Accounts Receivable,213240.62,0.0,AR-2023-0028,
2023-01-18,4000,Revenue – Modern Trade,0.0,213240.62,AR-2023-0028,
2023-01-18,1100,Accounts Receivable,581830.86,0.0,AR-2023-0793,
2023-01-18,4030,Revenue – Catering,0.0,581830.86,AR-2023-0793,
2023-01-18,1100,Accounts Receivable,326038.82,0.0,AR-2023-0797,
2023-01-18,4030,Revenue – Catering,0.0,326038.82,AR-2023-0797,
2023-01-18,5010,COGS – Beverages,89324.81,0.0,INV-2023-0457,Antibiotics + analgesics — bulk SKUs
2023-01-18,2000,Accounts Payable,0.0,89324.81,INV-2023-0457,
2023-01-18,5010,COGS – Beverages,134912.75,0.0,INV-2023-0539,Bulk SKUs — monthly replenishment
2023-01-18,2000,Accounts Payable,0.0,134912.75,INV-2023-0539,
2023-01-18,5020,COGS – Household,81245.33,0.0,INV-2023-0614,
2023-01-18,2000,Accounts Payable,0.0,81245.33,INV-2023-0614,
2023-01-19,1000,Cash – SNB Operating SAR,405207.24,0.0,AR-2023-0514,Collection
2023-01-19,1100,Accounts Receivable,0.0,405207.24,AR-2023-0514,Collection
2023-01-19,1100,Accounts Receivable,1029806.39,0.0,AR-2023-0794,
2023-01-19,4030,Revenue – Catering,0.0,1029806.39,AR-2023-0794,
2023-01-19,5000,COGS – Food,99956.7,0.0,INV-2023-0117,Antibiotics + analgesics — bulk SKUs
2023-01-19,2000,Accounts Payable,0.0,99956.7,INV-2023-0117,
2023-01-19,5020,COGS – Household,72683.76,0.0,INV-2023-0660,OTC & consumer health replenishment
2023-01-19,2000,Accounts Payable,0.0,72683.76,INV-2023-0660,
2023-01-19,5030,COGS – Cosmetics,147456.97,0.0,INV-2023-0910,
2023-01-19,2000,Accounts Payable,0.0,147456.97,INV-2023-0910,
2023-01-19,6300,Logistics – 3PL,365859.04,0.0,INV-2023-0960,Line-haul & distribution services
2023-01-19,2000,Accounts Payable,0.0,365859.04,INV-2023-0960,
2023-01-19,6220,Professional Fees,47541.87,0.0,INV-2023-1142,
2023-01-19,2000,Accounts Payable,0.0,47541.87,INV-2023-1142,
2023-01-20,1100,Accounts Receivable,355177.6,0.0,AR-2023-0356,
2023-01-20,4010,Revenue – Hospitality,0.0,355177.6,AR-2023-0356,
2023-01-20,1100,Accounts Receivable,399723.05,0.0,AR-2023-0533,
2023-01-20,4020,Revenue – Government,0.0,399723.05,AR-2023-0533,
2023-01-20,1100,Accounts Receivable,710016.88,0.0,AR-2023-0775,
2023-01-20,4030,Revenue – Catering,0.0,710016.88,AR-2023-0775,
2023-01-20,1100,Accounts Receivable,135473.86,0.0,AR-2023-0786,
2023-01-20,4030,Revenue – Catering,0.0,135473.86,AR-2023-0786,
2023-01-20,5010,COGS – Beverages,160629.54,0.0,INV-2023-0472,Antibiotics + analgesics — bulk SKUs
2023-01-20,2000,Accounts Payable,0.0,160629.54,INV-2023-0472,
2023-01-20,6300,Logistics – 3PL,260123.28,0.0,INV-2023-1015,Line-haul & distribution services
2023-01-20,2000,Accounts Payable,0.0,260123.28,INV-2023-1015,
2023-01-21,1100,Accounts Receivable,531151.56,0.0,AR-2023-0018,
2023-01-21,4000,Revenue – Modern Trade,0.0,531151.56,AR-2023-0018,
2023-01-21,1100,Accounts Receivable,252445.07,0.0,AR-2023-0771,
2023-01-21,4030,Revenue – Catering,0.0,252445.07,AR-2023-0771,
2023-01-21,1100,Accounts Receivable,228234.53,0.0,AR-2023-0787,
2023-01-21,4030,Revenue – Catering,0.0,228234.53,AR-2023-0787,
2023-01-21,5030,COGS – Cosmetics,108605.46,0.0,INV-2023-0768,OTC & consumer health replenishment
2023-01-21,2000,Accounts Payable,0.0,108605.46,INV-2023-0768,
2023-01-21,2000,Accounts Payable,5410.65,0.0,INV-2023-1213,Payment
2023-01-21,1000,Cash – SNB Operating SAR,0.0,5410.65,INV-2023-1213,Payment
2023-01-22,1100,Accounts Receivable,710707.18,0.0,AR-2023-0022,
2023-01-22,4000,Revenue – Modern Trade,0.0,710707.18,AR-2023-0022,
2023-01-22,5010,COGS – Beverages,141857.03,0.0,INV-2023-0518,
2023-01-22,2000,Accounts Payable,0.0,141857.03,INV-2023-0518,
2023-01-22,5020,COGS – Household,125799.99,0.0,INV-2023-0717,OTC & consumer health replenishment
2023-01-22,2000,Accounts Payable,0.0,125799.99,INV-2023-0717,
2023-01-22,5030,COGS – Cosmetics,149198.56,0.0,INV-2023-0879,
2023-01-22,2000,Accounts Payable,0.0,149198.56,INV-2023-0879,
2023-01-22,5100,Freight Inwards,30898.15,0.0,INV-2023-1188,
2023-01-22,2000,Accounts Payable,0.0,30898.15,INV-2023-1188,
2023-01-23,1100,Accounts Receivable,307589.78,0.0,AR-2023-0513,
2023-01-23,4020,Revenue – Government,0.0,307589.78,AR-2023-0513,
2023-01-23,1100,Accounts Receivable,1060724.6,0.0,AR-2023-0765,
2023-01-23,4030,Revenue – Catering,0.0,1060724.6,AR-2023-0765,
2023-01-23,1100,Accounts Receivable,263230.08,0.0,AR-2023-0772,
2023-01-23,4030,Revenue – Catering,0.0,263230.08,AR-2023-0772,
2023-01-23,1100,Accounts Receivable,801241.64,0.0,AR-2023-0774,
2023-01-23,4030,Revenue – Catering,0.0,801241.64,AR-2023-0774,
2023-01-23,1100,Accounts Receivable,246297.25,0.0,AR-2023-0792,
2023-01-23,4030,Revenue – Catering,0.0,246297.25,AR-2023-0792,
2023-01-23,1100,Accounts Receivable,475541.38,0.0,AR-2023-0802,
2023-01-23,4030,Revenue – Catering,0.0,475541.38,AR-2023-0802,
2023-01-23,2000,Accounts Payable,420721.65,0.0,INV-2023-0001,Payment
2023-01-23,1000,Cash – SNB Operating SAR,0.0,420721.65,INV-2023-0001,Payment
2023-01-23,5000,COGS – Food,71697.28,0.0,INV-2023-0129,OTC & consumer health replenishment
2023-01-23,2000,Accounts Payable,0.0,71697.28,INV-2023-0129,
2023-01-23,5010,COGS – Beverages,134004.79,0.0,INV-2023-0521,OTC & consumer health replenishment
2023-01-23,2000,Accounts Payable,0.0,134004.79,INV-2023-0521,
2023-01-23,5020,COGS – Household,167191.27,0.0,INV-2023-0654,
2023-01-23,2000,Accounts Payable,0.0,167191.27,INV-2023-0654,
2023-01-23,5020,COGS – Household,75767.04,0.0,INV-2023-0734,Bulk SKUs — monthly replenishment
2023-01-23,2000,Accounts Payable,0.0,75767.04,INV-2023-0734,
2023-01-23,2000,Accounts Payable,164371.13,0.0,INV-2023-0805,Payment
2023-01-23,1000,Cash – SNB Operating SAR,0.0,164371.13,INV-2023-0805,Payment
2023-01-23,5030,COGS – Cosmetics,155533.36,0.0,INV-2023-0877,Bulk SKUs — monthly replenishment
2023-01-23,2000,Accounts Payable,0.0,155533.36,INV-2023-0877,
2023-01-23,6300,Logistics – 3PL,167068.62,0.0,INV-2023-1017,Line-haul & distribution services
2023-01-23,2000,Accounts Payable,0.0,167068.62,INV-2023-1017,
2023-01-24,1100,Accounts Receivable,673313.39,0.0,AR-2023-0020,
2023-01-24,4000,Revenue – Modern Trade,0.0,673313.39,AR-2023-0020,
2023-01-24,1100,Accounts Receivable,186083.96,0.0,AR-2023-0023,
2023-01-24,4000,Revenue – Modern Trade,0.0,186083.96,AR-2023-0023,
2023-01-24,1100,Accounts Receivable,150458.78,0.0,AR-2023-0367,
2023-01-24,4010,Revenue – Hospitality,0.0,150458.78,AR-2023-0367,
2023-01-24,1100,Accounts Receivable,306654.49,0.0,AR-2023-0517,
2023-01-24,4020,Revenue – Government,0.0,306654.49,AR-2023-0517,
2023-01-24,1100,Accounts Receivable,143736.85,0.0,AR-2023-0530,
2023-01-24,4020,Revenue – Government,0.0,143736.85,AR-2023-0530,
2023-01-24,1100,Accounts Receivable,245638.97,0.0,AR-2023-0801,
2023-01-24,4030,Revenue – Catering,0.0,245638.97,AR-2023-0801,
2023-01-24,1100,Accounts Receivable,94841.38,0.0,AR-2023-0805,
2023-01-24,4030,Revenue – Catering,0.0,94841.38,AR-2023-0805,
2023-01-24,2000,Accounts Payable,114646.02,0.0,INV-2023-0102,Payment
2023-01-24,1000,Cash – SNB Operating SAR,0.0,114646.02,INV-2023-0102,Payment
2023-01-24,5020,COGS – Household,129500.14,0.0,INV-2023-0616,
2023-01-24,2000,Accounts Payable,0.0,129500.14,INV-2023-0616,
2023-01-24,5020,COGS – Household,126913.48,0.0,INV-2023-0751,Antibiotics + analgesics — bulk SKUs
2023-01-24,2000,Accounts Payable,0.0,126913.48,INV-2023-0751,
2023-01-24,1020,Cash – ANB Payroll SAR,3513498.44,0.0,JE-20230101,Transfer SNB -> ANB payroll funding
2023-01-24,1000,Cash – SNB Operating SAR,0.0,3513498.44,JE-20230101,Transfer SNB -> ANB payroll funding
2023-01-25,1100,Accounts Receivable,848092.2,0.0,AR-2023-0007,
2023-01-25,4000,Revenue – Modern Trade,0.0,848092.2,AR-2023-0007,
2023-01-25,1100,Accounts Receivable,239979.57,0.0,AR-2023-0776,
2023-01-25,4030,Revenue – Catering,0.0,239979.57,AR-2023-0776,
2023-01-25,1100,Accounts Receivable,269264.7,0.0,AR-2023-0795,
2023-01-25,4030,Revenue – Catering,0.0,269264.7,AR-2023-0795,
2023-01-25,2000,Accounts Payable,373189.37,0.0,INV-2023-0003,Payment
2023-01-25,1000,Cash – SNB Operating SAR,0.0,373189.37,INV-2023-0003,Payment
2023-01-25,2000,Accounts Payable,145911.36,0.0,INV-2023-0344,Payment
2023-01-25,1000,Cash – SNB Operating SAR,0.0,145911.36,INV-2023-0344,Payment
2023-01-25,2000,Accounts Payable,138719.1,0.0,INV-2023-0624,Payment
2023-01-25,1000,Cash – SNB Operating SAR,0.0,138719.1,INV-2023-0624,Payment
2023-01-25,5020,COGS – Household,125986.56,0.0,INV-2023-0678,
2023-01-25,2000,Accounts Payable,0.0,125986.56,INV-2023-0678,
2023-01-25,5030,COGS – Cosmetics,92742.71,0.0,INV-2023-0845,
2023-01-25,2000,Accounts Payable,0.0,92742.71,INV-2023-0845,
2023-01-25,5030,COGS – Cosmetics,175619.67,0.0,INV-2023-0935,Antibiotics + analgesics — bulk SKUs
2023-01-25,2000,Accounts Payable,0.0,175619.67,INV-2023-0935,
2023-01-25,2000,Accounts Payable,819986.59,0.0,INV-2023-1098,Payment
2023-01-25,1000,Cash – SNB Operating SAR,0.0,819986.59,INV-2023-1098,Payment
2023-01-25,6000,Salaries & Wages,3188292.59,0.0,PAY-2023-01,Payroll batch
2023-01-25,6020,GOSI Contributions,325205.84,0.0,PAY-2023-01,Payroll batch
2023-01-25,2110,Accrued Payroll,0.0,3513498.44,PAY-2023-01,Payroll batch
2023-01-26,1100,Accounts Receivable,1071545.79,0.0,AR-2023-0021,
2023-01-26,4000,Revenue – Modern Trade,0.0,1071545.79,AR-2023-0021,
2023-01-26,1100,Accounts Receivable,109869.36,0.0,AR-2023-0532,
2023-01-26,4020,Revenue – Government,0.0,109869.36,AR-2023-0532,
2023-01-26,1100,Accounts Receivable,73960.37,0.0,AR-2023-0783,
2023-01-26,4030,Revenue – Catering,0.0,73960.37,AR-2023-0783,
2023-01-26,5030,COGS – Cosmetics,117467.11,0.0,INV-2023-0922,
2023-01-26,2000,Accounts Payable,0.0,117467.11,INV-2023-0922,
2023-01-26,2110,Accrued Payroll,3513498.44,0.0,PAY-2023-01,Payroll settlement
2023-01-26,1020,Cash – ANB Payroll SAR,0.0,3513498.44,PAY-2023-01,Payroll settlement
2023-01-27,1100,Accounts Receivable,1036133.4,0.0,AR-2023-0515,
2023-01-27,4020,Revenue – Government,0.0,1036133.4,AR-2023-0515,
2023-01-27,1100,Accounts Receivable,120596.07,0.0,AR-2023-0526,
2023-01-27,4020,Revenue – Government,0.0,120596.07,AR-2023-0526,
2023-01-27,1100,Accounts Receivable,292256.87,0.0,AR-2023-0766,
2023-01-27,4030,Revenue – Catering,0.0,292256.87,AR-2023-0766,
2023-01-27,1100,Accounts Receivable,235941.59,0.0,AR-2023-0796,
2023-01-27,4030,Revenue – Catering,0.0,235941.59,AR-2023-0796,
2023-01-27,2000,Accounts Payable,424415.1,0.0,INV-2023-0002,Payment
2023-01-27,1000,Cash – SNB Operating SAR,0.0,424415.1,INV-2023-0002,Payment
2023-01-27,2000,Accounts Payable,406271.0,0.0,INV-2023-0005,Payment
2023-01-27,1000,Cash – SNB Operating SAR,0.0,406271.0,INV-2023-0005,Payment
2023-01-27,5000,COGS – Food,159966.8,0.0,INV-2023-0185,OTC & consumer health replenishment
2023-01-27,2000,Accounts Payable,0.0,159966.8,INV-2023-0185,
2023-01-27,2000,Accounts Payable,65860.91,0.0,INV-2023-0296,Payment
2023-01-27,1000,Cash – SNB Operating SAR,0.0,65860.91,INV-2023-0296,Payment
2023-01-27,5010,COGS – Beverages,71274.48,0.0,INV-2023-0364,
2023-01-27,2000,Accounts Payable,0.0,71274.48,INV-2023-0364,
2023-01-27,2000,Accounts Payable,167376.95,0.0,INV-2023-0399,Payment
2023-01-27,1000,Cash – SNB Operating SAR,0.0,167376.95,INV-2023-0399,Payment
2023-01-27,5010,COGS – Beverages,88401.9,0.0,INV-2023-0414,
2023-01-27,2000,Accounts Payable,0.0,88401.9,INV-2023-0414,
2023-01-27,2000,Accounts Payable,1256571.39,0.0,INV-2023-1086,Payment
2023-01-27,1000,Cash – SNB Operating SAR,0.0,1256571.39,INV-2023-1086,Payment
2023-01-27,2900,Intercompany – Group Treasury Sweep,21914611.28,0.0,JE-20230190,Treasury sweep to Tamween Holdco cash pool
2023-01-27,1000,Cash – SNB Operating SAR,0.0,21914611.28,JE-20230190,Treasury sweep to Tamween Holdco cash pool
2023-01-28,1100,Accounts Receivable,482903.92,0.0,AR-2023-0002,
2023-01-28,4000,Revenue – Modern Trade,0.0,482903.92,AR-2023-0002,
2023-01-28,1100,Accounts Receivable,417223.93,0.0,AR-2023-0027,
2023-01-28,4000,Revenue – Modern Trade,0.0,417223.93,AR-2023-0027,
2023-01-28,1100,Accounts Receivable,1036133.4,0.0,AR-2023-0520,
2023-01-28,4020,Revenue – Government,0.0,1036133.4,AR-2023-0520,
2023-01-28,1100,Accounts Receivable,1016660.39,0.0,AR-2023-0522,
2023-01-28,4020,Revenue – Government,0.0,1016660.39,AR-2023-0522,
2023-01-28,1100,Accounts Receivable,457211.82,0.0,AR-2023-0523,
2023-01-28,4020,Revenue – Government,0.0,457211.82,AR-2023-0523,
2023-01-28,1100,Accounts Receivable,138095.3,0.0,AR-2023-0528,
2023-01-28,4020,Revenue – Government,0.0,138095.3,AR-2023-0528,
2023-01-28,1100,Accounts Receivable,58042.56,0.0,AR-2023-0777,
2023-01-28,4030,Revenue – Catering,0.0,58042.56,AR-2023-0777,
2023-01-28,1100,Accounts Receivable,1060724.6,0.0,AR-2023-0778,
2023-01-28,4030,Revenue – Catering,0.0,1060724.6,AR-2023-0778,
2023-01-28,2000,Accounts Payable,100342.2,0.0,INV-2023-0416,Payment
2023-01-28,1000,Cash – SNB Operating SAR,0.0,100342.2,INV-2023-0416,Payment
2023-01-28,5020,COGS – Household,180048.85,0.0,INV-2023-0713,
2023-01-28,2000,Accounts Payable,0.0,180048.85,INV-2023-0713,
2023-01-28,5020,COGS – Household,137318.89,0.0,INV-2023-0735,
2023-01-28,2000,Accounts Payable,0.0,137318.89,INV-2023-0735,
2023-01-28,6220,Professional Fees,59659.89,0.0,INV-2023-1160,
2023-01-28,2000,Accounts Payable,0.0,59659.89,INV-2023-1160,
2023-01-28,6500,Depreciation Expense,400000.0,0.0,DEP-2023-01,PPE monthly depreciation accrual
2023-01-28,1510,Accumulated Depreciation – PPE,0.0,400000.0,DEP-2023-01,PPE monthly depreciation accrual
2023-01-29,1100,Accounts Receivable,682762.89,0.0,AR-2023-0529,
2023-01-29,4020,Revenue – Government,0.0,682762.89,AR-2023-0529,
2023-01-29,1100,Accounts Receivable,274989.4,0.0,AR-2023-0770,
2023-01-29,4030,Revenue – Catering,0.0,274989.4,AR-2023-0770,
2023-01-29,5000,COGS – Food,63929.48,0.0,INV-2023-0172,Bulk SKUs — monthly replenishment
2023-01-29,2000,Accounts Payable,0.0,63929.48,INV-2023-0172,
2023-01-29,5000,COGS – Food,161420.75,0.0,INV-2023-0267,
2023-01-29,2000,Accounts Payable,0.0,161420.75,INV-2023-0267,
2023-01-29,5010,COGS – Beverages,61597.04,0.0,INV-2023-0515,
2023-01-29,2000,Accounts Payable,0.0,61597.04,INV-2023-0515,
2023-01-29,5020,COGS – Household,147062.96,0.0,INV-2023-0765,Antibiotics + analgesics — bulk SKUs
2023-01-29,2000,Accounts Payable,0.0,147062.96,INV-2023-0765,
2023-01-30,1100,Accounts Receivable,412149.7,0.0,AR-2023-0358,
2023-01-30,4010,Revenue – Hospitality,0.0,412149.7,AR-2023-0358,
2023-01-30,1100,Accounts Receivable,136227.21,0.0,AR-2023-0790,
2023-01-30,4030,Revenue – Catering,0.0,136227.21,AR-2023-0790,
2023-01-30,2000,Accounts Payable,412246.24,0.0,INV-2023-0004,Payment
2023-01-30,1000,Cash – SNB Operating SAR,0.0,412246.24,INV-2023-0004,Payment
2023-01-30,2000,Accounts Payable,135942.12,0.0,INV-2023-0063,Payment
2023-01-30,1000,Cash – SNB Operating SAR,0.0,135942.12,INV-2023-0063,Payment
2023-01-30,5000,COGS – Food,65967.46,0.0,INV-2023-0202,
2023-01-30,2000,Accounts Payable,0.0,65967.46,INV-2023-0202,
2023-01-30,5000,COGS – Food,167660.55,0.0,INV-2023-0235,
2023-01-30,2000,Accounts Payable,0.0,167660.55,INV-2023-0235,
2023-01-30,5010,COGS – Beverages,112810.05,0.0,INV-2023-0505,
2023-01-30,2000,Accounts Payable,0.0,112810.05,INV-2023-0505,
2023-01-30,6300,Logistics – 3PL,240378.98,0.0,INV-2023-1003,Line-haul & distribution services
2023-01-30,2000,Accounts Payable,0.0,240378.98,INV-2023-1003,
2023-01-30,2000,Accounts Payable,83901.96,0.0,INV-2023-1152,Payment
2023-01-30,1000,Cash – SNB Operating SAR,0.0,83901.96,INV-2023-1152,Payment
2023-02-01,1100,Accounts Receivable,253389.72,0.0,AR-2023-0045,
2023-02-01,4000,Revenue – Modern Trade,0.0,253389.72,AR-2023-0045,
2023-02-01,1100,Accounts Receivable,569862.57,0.0,AR-2023-0055,
2023-02-01,4000,Revenue – Modern Trade,0.0,569862.57,AR-2023-0055,
2023-02-01,1100,Accounts Receivable,740865.76,0.0,AR-2023-0378,
2023-02-01,4010,Revenue – Hospitality,0.0,740865.76,AR-2023-0378,
2023-02-01,1100,Accounts Receivable,465804.52,0.0,AR-2023-0540,
2023-02-01,4020,Revenue – Government,0.0,465804.52,AR-2023-0540,
2023-02-01,1100,Accounts Receivable,390415.17,0.0,AR-2023-0551,
2023-02-01,4020,Revenue – Government,0.0,390415.17,AR-2023-0551,
2023-02-01,1100,Accounts Receivable,500611.87,0.0,AR-2023-0814,
2023-02-01,4030,Revenue – Catering,0.0,500611.87,AR-2023-0814,
2023-02-01,1100,Accounts Receivable,255507.71,0.0,AR-2023-0829,
2023-02-01,4030,Revenue – Catering,0.0,255507.71,AR-2023-0829,
2023-02-01,5000,COGS – Food,166476.03,0.0,INV-2023-0147,Bulk SKUs — monthly replenishment
2023-02-01,2000,Accounts Payable,0.0,166476.03,INV-2023-0147,
2023-02-01,5010,COGS – Beverages,96361.6,0.0,INV-2023-0462,OTC & consumer health replenishment
2023-02-01,2000,Accounts Payable,0.0,96361.6,INV-2023-0462,
2023-02-01,2000,Accounts Payable,127352.82,0.0,INV-2023-0955,Payment
2023-02-01,1000,Cash – SNB Operating SAR,0.0,127352.82,INV-2023-0955,Payment
2023-02-01,6300,Logistics – 3PL,145828.77,0.0,INV-2023-1045,Line-haul & distribution services
2023-02-01,2000,Accounts Payable,0.0,145828.77,INV-2023-1045,
2023-02-01,6100,Rent Expense,1075674.81,0.0,INV-2023-1099,Warehouse lease — Riyadh South DC
2023-02-01,2000,Accounts Payable,0.0,1075674.81,INV-2023-1099,
2023-02-01,2000,Accounts Payable,178301.2,0.0,INV-2023-1192,Payment
2023-02-01,1000,Cash – SNB Operating SAR,0.0,178301.2,INV-2023-1192,Payment
2023-02-01,6100,Rent Expense,380000.0,0.0,RENT-2023-02,
2023-02-01,1000,Cash – SNB Operating SAR,0.0,380000.0,RENT-2023-02,
2023-02-02,1000,Cash – SNB Operating SAR,419418.76,0.0,AR-2023-0512,Collection
2023-02-02,1100,Accounts Receivable,0.0,419418.76,AR-2023-0512,Collection
2023-02-02,5000,COGS – Food,141255.92,0.0,INV-2023-0150,
2023-02-02,2000,Accounts Payable,0.0,141255.92,INV-2023-0150,
2023-02-02,2000,Accounts Payable,63140.4,0.0,INV-2023-0162,Payment
2023-02-02,1000,Cash – SNB Operating SAR,0.0,63140.4,INV-2023-0162,Payment
2023-02-02,5000,COGS – Food,138778.66,0.0,INV-2023-0276,
2023-02-02,2000,Accounts Payable,0.0,138778.66,INV-2023-0276,
2023-02-02,5010,COGS – Beverages,168769.07,0.0,INV-2023-0352,OTC & consumer health replenishment
2023-02-02,2000,Accounts Payable,0.0,168769.07,INV-2023-0352,
2023-02-02,5020,COGS – Household,138768.91,0.0,INV-2023-0722,Bulk SKUs — monthly replenishment
2023-02-02,2000,Accounts Payable,0.0,138768.91,INV-2023-0722,
2023-02-02,5020,COGS – Household,131146.8,0.0,INV-2023-0761,
2023-02-02,2000,Accounts Payable,0.0,131146.8,INV-2023-0761,
2023-02-02,6100,Rent Expense,1218993.49,0.0,INV-2023-1087,Warehouse lease — Riyadh South DC
2023-02-02,2000,Accounts Payable,0.0,1218993.49,INV-2023-1087,
2023-02-03,1100,Accounts Receivable,353968.08,0.0,AR-2023-0050,
2023-02-03,4000,Revenue – Modern Trade,0.0,353968.08,AR-2023-0050,
2023-02-03,1100,Accounts Receivable,261379.67,0.0,AR-2023-0834,
2023-02-03,4030,Revenue – Catering,0.0,261379.67,AR-2023-0834,
2023-02-03,1100,Accounts Receivable,375052.73,0.0,AR-2023-0837,
2023-02-03,4030,Revenue – Catering,0.0,375052.73,AR-2023-0837,
2023-02-03,1100,Accounts Receivable,176011.21,0.0,AR-2023-0846,
2023-02-03,4030,Revenue – Catering,0.0,176011.21,AR-2023-0846,
2023-02-03,6110,Utilities,437568.94,0.0,INV-2023-0008,Electricity & water — Qassim WH
2023-02-03,2000,Accounts Payable,0.0,437568.94,INV-2023-0008,
2023-02-03,2000,Accounts Payable,167306.84,0.0,INV-2023-0436,Payment
2023-02-03,1000,Cash – SNB Operating SAR,0.0,167306.84,INV-2023-0436,Payment
2023-02-03,2000,Accounts Payable,130526.95,0.0,INV-2023-0504,Payment
2023-02-03,1000,Cash – SNB Operating SAR,0.0,130526.95,INV-2023-0504,Payment
2023-02-03,5020,COGS – Household,139393.67,0.0,INV-2023-0635,
2023-02-03,2000,Accounts Payable,0.0,139393.67,INV-2023-0635,
2023-02-03,2000,Accounts Payable,312740.53,0.0,INV-2023-0994,Payment
2023-02-03,1000,Cash – SNB Operating SAR,0.0,312740.53,INV-2023-0994,Payment
2023-02-03,6220,Professional Fees,46737.87,0.0,INV-2023-1151,
2023-02-03,2000,Accounts Payable,0.0,46737.87,INV-2023-1151,
2023-02-04,1100,Accounts Receivable,586835.03,0.0,AR-2023-0539,
2023-02-04,4020,Revenue – Government,0.0,586835.03,AR-2023-0539,
2023-02-04,1100,Accounts Receivable,525729.66,0.0,AR-2023-0555,
2023-02-04,4020,Revenue – Government,0.0,525729.66,AR-2023-0555,
2023-02-04,1100,Accounts Receivable,162918.84,0.0,AR-2023-0815,
2023-02-04,4030,Revenue – Catering,0.0,162918.84,AR-2023-0815,
2023-02-04,1100,Accounts Receivable,930409.96,0.0,AR-2023-0823,
2023-02-04,4030,Revenue – Catering,0.0,930409.96,AR-2023-0823,
2023-02-04,1100,Accounts Receivable,724481.81,0.0,AR-2023-0842,
2023-02-04,4030,Revenue – Catering,0.0,724481.81,AR-2023-0842,
2023-02-04,6110,Utilities,478775.07,0.0,INV-2023-0006,Electricity & water — Riyadh North DC
2023-02-04,2000,Accounts Payable,0.0,478775.07,INV-2023-0006,
2023-02-04,6110,Utilities,510528.55,0.0,INV-2023-0007,Electricity & water — Riyadh South DC
2023-02-04,2000,Accounts Payable,0.0,510528.55,INV-2023-0007,
2023-02-04,2000,Accounts Payable,139821.0,0.0,INV-2023-0104,Payment
2023-02-04,1000,Cash – SNB Operating SAR,0.0,139821.0,INV-2023-0104,Payment
2023-02-04,5000,COGS – Food,112854.58,0.0,INV-2023-0134,
2023-02-04,2000,Accounts Payable,0.0,112854.58,INV-2023-0134,
2023-02-04,5000,COGS – Food,164284.24,0.0,INV-2023-0229,OTC & consumer health replenishment
2023-02-04,2000,Accounts Payable,0.0,164284.24,INV-2023-0229,
2023-02-04,5010,COGS – Beverages,88074.66,0.0,INV-2023-0316,
2023-02-04,2000,Accounts Payable,0.0,88074.66,INV-2023-0316,
2023-02-04,5010,COGS – Beverages,91508.02,0.0,INV-2023-0444,
2023-02-04,2000,Accounts Payable,0.0,91508.02,INV-2023-0444,
2023-02-04,5010,COGS – Beverages,92337.14,0.0,INV-2023-0545,
2023-02-04,2000,Accounts Payable,0.0,92337.14,INV-2023-0545,
2023-02-04,5020,COGS – Household,90123.84,0.0,INV-2023-0650,Bulk SKUs — monthly replenishment
2023-02-04,2000,Accounts Payable,0.0,90123.84,INV-2023-0650,
2023-02-04,2000,Accounts Payable,166121.54,0.0,INV-2023-0851,Payment
2023-02-04,1000,Cash – SNB Operating SAR,0.0,166121.54,INV-2023-0851,Payment
2023-02-04,5030,COGS – Cosmetics,121211.83,0.0,INV-2023-0872,
2023-02-04,2000,Accounts Payable,0.0,121211.83,INV-2023-0872,
2023-02-04,6300,Logistics – 3PL,95537.93,0.0,INV-2023-1062,Line-haul & distribution services
2023-02-04,2000,Accounts Payable,0.0,95537.93,INV-2023-1062,
2023-02-05,1000,Cash – SNB Operating SAR,340192.25,0.0,AR-2023-0016,Collection
2023-02-05,1100,Accounts Receivable,0.0,340192.25,AR-2023-0016,Collection
2023-02-05,1100,Accounts Receivable,586251.99,0.0,AR-2023-0031,
2023-02-05,4000,Revenue – Modern Trade,0.0,586251.99,AR-2023-0031,
2023-02-05,1100,Accounts Receivable,343542.23,0.0,AR-2023-0034,
2023-02-05,4000,Revenue – Modern Trade,0.0,343542.23,AR-2023-0034,
2023-02-05,1100,Accounts Receivable,131275.81,0.0,AR-2023-0373,
2023-02-05,4010,Revenue – Hospitality,0.0,131275.81,AR-2023-0373,
2023-02-05,1100,Accounts Receivable,609868.85,0.0,AR-2023-0543,
2023-02-05,4020,Revenue – Government,0.0,609868.85,AR-2023-0543,
2023-02-05,1100,Accounts Receivable,144016.14,0.0,AR-2023-0808,
2023-02-05,4030,Revenue – Catering,0.0,144016.14,AR-2023-0808,
2023-02-05,1100,Accounts Receivable,321451.59,0.0,AR-2023-0811,
2023-02-05,4030,Revenue – Catering,0.0,321451.59,AR-2023-0811,
2023-02-05,1100,Accounts Receivable,1266919.95,0.0,AR-2023-0848,
2023-02-05,4030,Revenue – Catering,0.0,1266919.95,AR-2023-0848,
2023-02-05,5000,COGS – Food,151021.24,0.0,INV-2023-0072,Antibiotics + analgesics — bulk SKUs
2023-02-05,2000,Accounts Payable,0.0,151021.24,INV-2023-0072,
2023-02-05,5000,COGS – Food,143455.43,0.0,INV-2023-0169,OTC & consumer health replenishment
2023-02-05,2000,Accounts Payable,0.0,143455.43,INV-2023-0169,
2023-02-05,2000,Accounts Payable,79379.49,0.0,INV-2023-0559,Payment
2023-02-05,1000,Cash – SNB Operating SAR,0.0,79379.49,INV-2023-0559,Payment
2023-02-05,2000,Accounts Payable,89749.39,0.0,INV-2023-0693,Payment
2023-02-05,1000,Cash – SNB Operating SAR,0.0,89749.39,INV-2023-0693,Payment
2023-02-05,2000,Accounts Payable,158659.95,0.0,INV-2023-0702,Payment
2023-02-05,1000,Cash – SNB Operating SAR,0.0,158659.95,INV-2023-0702,Payment
2023-02-05,2000,Accounts Payable,79432.06,0.0,INV-2023-0758,Payment
2023-02-05,1000,Cash – SNB Operating SAR,0.0,79432.06,INV-2023-0758,Payment
2023-02-05,6100,Rent Expense,1252574.39,0.0,INV-2023-1075,Warehouse lease — Riyadh South DC
2023-02-05,2000,Accounts Payable,0.0,1252574.39,INV-2023-1075,
2023-02-06,1000,Cash – SNB Operating SAR,1071545.79,0.0,AR-2023-0010,Collection
2023-02-06,1100,Accounts Receivable,0.0,1071545.79,AR-2023-0010,Collection
2023-02-06,1100,Accounts Receivable,811827.89,0.0,AR-2023-0054,
2023-02-06,4000,Revenue – Modern Trade,0.0,811827.89,AR-2023-0054,
2023-02-06,1000,Cash – SNB Operating SAR,939844.48,0.0,AR-2023-0779,Collection
2023-02-06,1100,Accounts Receivable,0.0,939844.48,AR-2023-0779,Collection
2023-02-06,1100,Accounts Receivable,475338.74,0.0,AR-2023-0816,
2023-02-06,4030,Revenue – Catering,0.0,475338.74,AR-2023-0816,
2023-02-06,2000,Accounts Payable,89967.93,0.0,INV-2023-0107,Payment
2023-02-06,1000,Cash – SNB Operating SAR,0.0,89967.93,INV-2023-0107,Payment
2023-02-06,5000,COGS – Food,172647.4,0.0,INV-2023-0269,Bulk SKUs — monthly replenishment
2023-02-06,2000,Accounts Payable,0.0,172647.4,INV-2023-0269,
2023-02-06,2000,Accounts Payable,98787.52,0.0,INV-2023-0431,Payment
2023-02-06,1000,Cash – SNB Operating SAR,0.0,98787.52,INV-2023-0431,Payment
2023-02-06,5030,COGS – Cosmetics,93504.24,0.0,INV-2023-0868,
2023-02-06,2000,Accounts Payable,0.0,93504.24,INV-2023-0868,
2023-02-06,2000,Accounts Payable,297091.36,0.0,INV-2023-0954,Payment
2023-02-06,1000,Cash – SNB Operating SAR,0.0,297091.36,INV-2023-0954,Payment
2023-02-06,6220,Professional Fees,60177.03,0.0,INV-2023-1137,
2023-02-06,2000,Accounts Payable,0.0,60177.03,INV-2023-1137,
2023-02-06,6220,Professional Fees,39939.4,0.0,INV-2023-1148,
2023-02-06,2000,Accounts Payable,0.0,39939.4,INV-2023-1148,
2023-02-07,1100,Accounts Receivable,294818.5,0.0,AR-2023-0053,
2023-02-07,4000,Revenue – Modern Trade,0.0,294818.5,AR-2023-0053,
2023-02-07,1100,Accounts Receivable,189285.46,0.0,AR-2023-0057,
2023-02-07,4000,Revenue – Modern Trade,0.0,189285.46,AR-2023-0057,
2023-02-07,1100,Accounts Receivable,354168.39,0.0,AR-2023-0060,
2023-02-07,4000,Revenue – Modern Trade,0.0,354168.39,AR-2023-0060,
2023-02-07,1100,Accounts Receivable,980617.76,0.0,AR-2023-0381,
2023-02-07,4010,Revenue – Hospitality,0.0,980617.76,AR-2023-0381,
2023-02-07,1100,Accounts Receivable,524966.82,0.0,AR-2023-0545,
2023-02-07,4020,Revenue – Government,0.0,524966.82,AR-2023-0545,
2023-02-07,1100,Accounts Receivable,415853.27,0.0,AR-2023-0546,
2023-02-07,4020,Revenue – Government,0.0,415853.27,AR-2023-0546,
2023-02-07,1100,Accounts Receivable,686278.93,0.0,AR-2023-0806,
2023-02-07,4030,Revenue – Catering,0.0,686278.93,AR-2023-0806,
2023-02-07,1100,Accounts Receivable,1023502.9,0.0,AR-2023-0819,
2023-02-07,4030,Revenue – Catering,0.0,1023502.9,AR-2023-0819,
2023-02-07,5000,COGS – Food,106193.73,0.0,INV-2023-0088,
2023-02-07,2000,Accounts Payable,0.0,106193.73,INV-2023-0088,
2023-02-07,5010,COGS – Beverages,70980.58,0.0,INV-2023-0494,Antibiotics + analgesics — bulk SKUs
2023-02-07,2000,Accounts Payable,0.0,70980.58,INV-2023-0494,
2023-02-07,2000,Accounts Payable,78239.55,0.0,INV-2023-0784,Payment
2023-02-07,1000,Cash – SNB Operating SAR,0.0,78239.55,INV-2023-0784,Payment
2023-02-07,6220,Professional Fees,80735.75,0.0,INV-2023-1149,
2023-02-07,2000,Accounts Payable,0.0,80735.75,INV-2023-1149,
2023-02-08,1000,Cash – SNB Operating SAR,359178.75,0.0,AR-2023-0357,Collection
2023-02-08,1100,Accounts Receivable,0.0,359178.75,AR-2023-0357,Collection
2023-02-08,1100,Accounts Receivable,158182.56,0.0,AR-2023-0371,
2023-02-08,4010,Revenue – Hospitality,0.0,158182.56,AR-2023-0371,
2023-02-08,1100,Accounts Receivable,467583.04,0.0,AR-2023-0825,
2023-02-08,4030,Revenue – Catering,0.0,467583.04,AR-2023-0825,
2023-02-08,1100,Accounts Receivable,662332.16,0.0,AR-2023-0836,
2023-02-08,4030,Revenue – Catering,0.0,662332.16,AR-2023-0836,
2023-02-08,6110,Utilities,377191.17,0.0,INV-2023-0010,Electricity & water — HQ Riyadh Olaya
2023-02-08,2000,Accounts Payable,0.0,377191.17,INV-2023-0010,
2023-02-08,5000,COGS – Food,110011.83,0.0,INV-2023-0137,
2023-02-08,2000,Accounts Payable,0.0,110011.83,INV-2023-0137,
2023-02-08,2000,Accounts Payable,79323.66,0.0,INV-2023-0250,Payment
2023-02-08,1000,Cash – SNB Operating SAR,0.0,79323.66,INV-2023-0250,Payment
2023-02-08,5030,COGS – Cosmetics,148537.23,0.0,INV-2023-0939,
2023-02-08,2000,Accounts Payable,0.0,148537.23,INV-2023-0939,
2023-02-09,1100,Accounts Receivable,91905.54,0.0,AR-2023-0046,
2023-02-09,4000,Revenue – Modern Trade,0.0,91905.54,AR-2023-0046,
2023-02-09,1100,Accounts Receivable,540537.83,0.0,AR-2023-0370,
2023-02-09,4010,Revenue – Hospitality,0.0,540537.83,AR-2023-0370,
2023-02-09,1000,Cash – SNB Operating SAR,382849.64,0.0,AR-2023-0518,Collection
2023-02-09,1100,Accounts Receivable,0.0,382849.64,AR-2023-0518,Collection
2023-02-09,1000,Cash – SNB Operating SAR,383958.07,0.0,AR-2023-0788,Collection
2023-02-09,1100,Accounts Receivable,0.0,383958.07,AR-2023-0788,Collection
2023-02-09,1100,Accounts Receivable,387713.98,0.0,AR-2023-0826,
2023-02-09,4030,Revenue – Catering,0.0,387713.98,AR-2023-0826,
2023-02-09,6110,Utilities,493536.79,0.0,INV-2023-0009,Electricity & water — Hail WH
2023-02-09,2000,Accounts Payable,0.0,493536.79,INV-2023-0009,
2023-02-09,2000,Accounts Payable,63730.82,0.0,INV-2023-0080,Payment
2023-02-09,1000,Cash – SNB Operating SAR,0.0,63730.82,INV-2023-0080,Payment
2023-02-09,5010,COGS – Beverages,85966.24,0.0,INV-2023-0433,OTC & consumer health replenishment
2023-02-09,2000,Accounts Payable,0.0,85966.24,INV-2023-0433,
2023-02-09,5010,COGS – Beverages,139480.27,0.0,INV-2023-0435,Bulk SKUs — monthly replenishment
2023-02-09,2000,Accounts Payable,0.0,139480.27,INV-2023-0435,
2023-02-09,5020,COGS – Household,64433.57,0.0,INV-2023-0696,
2023-02-09,2000,Accounts Payable,0.0,64433.57,INV-2023-0696,
2023-02-09,2000,Accounts Payable,371141.2,0.0,INV-2023-1030,Payment
2023-02-09,1000,Cash – SNB Operating SAR,0.0,371141.2,INV-2023-1030,Payment
2023-02-09,5020,COGS – Household,163086.0,0.0,INV-2023-1193,"Blister & carton packaging PKG-1101 — 21,180 units @ SAR 7.70 (CT-2023-466)"
2023-02-09,2000,Accounts Payable,0.0,163086.0,INV-2023-1193,
2023-02-09,5000,COGS – Food,46754.22,0.0,INV-2023-1208,Paracetamol + ibuprofen API
2023-02-09,2000,Accounts Payable,0.0,46754.22,INV-2023-1208,
2023-02-10,1000,Cash – SNB Operating SAR,895693.55,0.0,AR-2023-0006,Collection
2023-02-10,1100,Accounts Receivable,0.0,895693.55,AR-2023-0006,Collection
2023-02-10,1100,Accounts Receivable,199116.42,0.0,AR-2023-0058,
2023-02-10,4000,Revenue – Modern Trade,0.0,199116.42,AR-2023-0058,
2023-02-10,2000,Accounts Payable,140555.7,0.0,INV-2023-0265,Payment
2023-02-10,1000,Cash – SNB Operating SAR,0.0,140555.7,INV-2023-0265,Payment
2023-02-10,2000,Accounts Payable,89324.81,0.0,INV-2023-0457,Payment
2023-02-10,1000,Cash – SNB Operating SAR,0.0,89324.81,INV-2023-0457,Payment
2023-02-10,2000,Accounts Payable,134912.75,0.0,INV-2023-0539,Payment
2023-02-10,1000,Cash – SNB Operating SAR,0.0,134912.75,INV-2023-0539,Payment
2023-02-10,2000,Accounts Payable,102820.0,0.0,INV-2023-0708,Payment
2023-02-10,1000,Cash – SNB Operating SAR,0.0,102820.0,INV-2023-0708,Payment
2023-02-10,5030,COGS – Cosmetics,152918.93,0.0,INV-2023-0883,Antibiotics + analgesics — bulk SKUs
2023-02-10,2000,Accounts Payable,0.0,152918.93,INV-2023-0883,
2023-02-10,5030,COGS – Cosmetics,110069.22,0.0,INV-2023-0901,Antibiotics + analgesics — bulk SKUs
2023-02-10,2000,Accounts Payable,0.0,110069.22,INV-2023-0901,
2023-02-10,6300,Logistics – 3PL,249609.67,0.0,INV-2023-1025,Line-haul & distribution services
2023-02-10,2000,Accounts Payable,0.0,249609.67,INV-2023-1025,
2023-02-11,1100,Accounts Receivable,375491.43,0.0,AR-2023-0039,
2023-02-11,4000,Revenue – Modern Trade,0.0,375491.43,AR-2023-0039,
2023-02-11,1100,Accounts Receivable,161598.11,0.0,AR-2023-0047,
2023-02-11,4000,Revenue – Modern Trade,0.0,161598.11,AR-2023-0047,
2023-02-11,1000,Cash – SNB Operating SAR,355177.6,0.0,AR-2023-0356,Collection
2023-02-11,1100,Accounts Receivable,0.0,355177.6,AR-2023-0356,Collection
2023-02-11,1100,Accounts Receivable,427525.61,0.0,AR-2023-0556,
2023-02-11,4020,Revenue – Government,0.0,427525.61,AR-2023-0556,
2023-02-11,1100,Accounts Receivable,128771.87,0.0,AR-2023-0813,
2023-02-11,4030,Revenue – Catering,0.0,128771.87,AR-2023-0813,
2023-02-11,1100,Accounts Receivable,123724.85,0.0,AR-2023-0845,
2023-02-11,4030,Revenue – Catering,0.0,123724.85,AR-2023-0845,
2023-02-11,2000,Accounts Payable,102921.27,0.0,INV-2023-0180,Payment
2023-02-11,1000,Cash – SNB Operating SAR,0.0,102921.27,INV-2023-0180,Payment
2023-02-11,5010,COGS – Beverages,79963.88,0.0,INV-2023-0335,
2023-02-11,2000,Accounts Payable,0.0,79963.88,INV-2023-0335,
2023-02-11,5010,COGS – Beverages,128824.44,0.0,INV-2023-0348,OTC & consumer health replenishment
2023-02-11,2000,Accounts Payable,0.0,128824.44,INV-2023-0348,
2023-02-11,5010,COGS – Beverages,128799.25,0.0,INV-2023-0358,OTC & consumer health replenishment
2023-02-11,2000,Accounts Payable,0.0,128799.25,INV-2023-0358,
2023-02-11,5010,COGS – Beverages,89525.99,0.0,INV-2023-0508,
2023-02-11,2000,Accounts Payable,0.0,89525.99,INV-2023-0508,
2023-02-11,6300,Logistics – 3PL,208703.71,0.0,INV-2023-1004,Line-haul & distribution services
2023-02-11,2000,Accounts Payable,0.0,208703.71,INV-2023-1004,
2023-02-11,2000,Accounts Payable,1132941.79,0.0,INV-2023-1074,Payment
2023-02-11,1000,Cash – SNB Operating SAR,0.0,1132941.79,INV-2023-1074,Payment
2023-02-11,2000,Accounts Payable,45335.36,0.0,INV-2023-1110,Payment
2023-02-11,1000,Cash – SNB Operating SAR,0.0,45335.36,INV-2023-1110,Payment
2023-02-12,5000,COGS – Food,132265.95,0.0,INV-2023-0275,Bulk SKUs — monthly replenishment
2023-02-12,2000,Accounts Payable,0.0,132265.95,INV-2023-0275,
2023-02-12,2000,Accounts Payable,81245.33,0.0,INV-2023-0614,Payment
2023-02-12,1000,Cash – SNB Operating SAR,0.0,81245.33,INV-2023-0614,Payment
2023-02-12,5020,COGS – Household,66112.34,0.0,INV-2023-0716,Antibiotics + analgesics — bulk SKUs
2023-02-12,2000,Accounts Payable,0.0,66112.34,INV-2023-0716,
2023-02-12,2000,Accounts Payable,260123.28,0.0,INV-2023-1015,Payment
2023-02-12,1000,Cash – SNB Operating SAR,0.0,260123.28,INV-2023-1015,Payment
2023-02-12,2000,Accounts Payable,268638.97,0.0,INV-2023-1037,Payment
2023-02-12,1000,Cash – SNB Operating SAR,0.0,268638.97,INV-2023-1037,Payment
2023-02-13,1000,Cash – SNB Operating SAR,945335.03,0.0,AR-2023-0365,Collection
2023-02-13,1100,Accounts Receivable,0.0,945335.03,AR-2023-0365,Collection
2023-02-13,1000,Cash – SNB Operating SAR,73960.37,0.0,AR-2023-0783,Collection
2023-02-13,1100,Accounts Receivable,0.0,73960.37,AR-2023-0783,Collection
2023-02-13,1100,Accounts Receivable,780477.06,0.0,AR-2023-0835,
2023-02-13,4030,Revenue – Catering,0.0,780477.06,AR-2023-0835,
2023-02-13,1100,Accounts Receivable,137579.54,0.0,AR-2023-0843,
2023-02-13,4030,Revenue – Catering,0.0,137579.54,AR-2023-0843,
2023-02-13,5000,COGS – Food,131715.14,0.0,INV-2023-0133,Antibiotics + analgesics — bulk SKUs
2023-02-13,2000,Accounts Payable,0.0,131715.14,INV-2023-0133,
2023-02-13,2000,Accounts Payable,134004.79,0.0,INV-2023-0521,Payment
2023-02-13,1000,Cash – SNB Operating SAR,0.0,134004.79,INV-2023-0521,Payment
2023-02-13,5020,COGS – Household,114359.72,0.0,INV-2023-0555,Bulk SKUs — monthly replenishment
2023-02-13,2000,Accounts Payable,0.0,114359.72,INV-2023-0555,
2023-02-14,1100,Accounts Receivable,51511.14,0.0,AR-2023-0030,
2023-02-14,4000,Revenue – Modern Trade,0.0,51511.14,AR-2023-0030,
2023-02-14,1100,Accounts Receivable,242258.51,0.0,AR-2023-0037,
2023-02-14,4000,Revenue – Modern Trade,0.0,242258.51,AR-2023-0037,
2023-02-14,1100,Accounts Receivable,221478.59,0.0,AR-2023-0052,
2023-02-14,4000,Revenue – Modern Trade,0.0,221478.59,AR-2023-0052,
2023-02-14,1100,Accounts Receivable,493541.48,0.0,AR-2023-0374,
2023-02-14,4010,Revenue – Hospitality,0.0,493541.48,AR-2023-0374,
2023-02-14,1000,Cash – SNB Operating SAR,425415.28,0.0,AR-2023-0516,Collection
2023-02-14,1100,Accounts Receivable,0.0,425415.28,AR-2023-0516,Collection
2023-02-14,1100,Accounts Receivable,994062.38,0.0,AR-2023-0544,
2023-02-14,4020,Revenue – Government,0.0,994062.38,AR-2023-0544,
2023-02-14,1100,Accounts Receivable,417689.71,0.0,AR-2023-0552,
2023-02-14,4020,Revenue – Government,0.0,417689.71,AR-2023-0552,
2023-02-14,1000,Cash – SNB Operating SAR,402728.47,0.0,AR-2023-0791,Collection
2023-02-14,1100,Accounts Receivable,0.0,402728.47,AR-2023-0791,Collection
2023-02-14,1100,Accounts Receivable,304841.87,0.0,AR-2023-0838,
2023-02-14,4030,Revenue – Catering,0.0,304841.87,AR-2023-0838,
2023-02-14,2000,Accounts Payable,104585.7,0.0,INV-2023-0159,Payment
2023-02-14,1000,Cash – SNB Operating SAR,0.0,104585.7,INV-2023-0159,Payment
2023-02-14,2000,Accounts Payable,167191.27,0.0,INV-2023-0654,Payment
2023-02-14,1000,Cash – SNB Operating SAR,0.0,167191.27,INV-2023-0654,Payment
2023-02-14,2000,Accounts Payable,137857.63,0.0,INV-2023-0657,Payment
2023-02-14,1000,Cash – SNB Operating SAR,0.0,137857.63,INV-2023-0657,Payment
2023-02-14,2000,Accounts Payable,94092.95,0.0,INV-2023-0719,Payment
2023-02-14,1000,Cash – SNB Operating SAR,0.0,94092.95,INV-2023-0719,Payment
2023-02-14,2000,Accounts Payable,108605.46,0.0,INV-2023-0768,Payment
2023-02-14,1000,Cash – SNB Operating SAR,0.0,108605.46,INV-2023-0768,Payment
2023-02-14,2000,Accounts Payable,92742.71,0.0,INV-2023-0845,Payment
2023-02-14,1000,Cash – SNB Operating SAR,0.0,92742.71,INV-2023-0845,Payment
2023-02-14,2000,Accounts Payable,42254.71,0.0,INV-2023-1182,Payment
2023-02-14,1000,Cash – SNB Operating SAR,0.0,42254.71,INV-2023-1182,Payment
2023-02-15,1100,Accounts Receivable,233443.8,0.0,AR-2023-0377,
2023-02-15,4010,Revenue – Hospitality,0.0,233443.8,AR-2023-0377,
2023-02-15,1100,Accounts Receivable,374219.52,0.0,AR-2023-0535,
2023-02-15,4020,Revenue – Government,0.0,374219.52,AR-2023-0535,
2023-02-15,5000,COGS – Food,104689.99,0.0,INV-2023-0071,OTC & consumer health replenishment
2023-02-15,2000,Accounts Payable,0.0,104689.99,INV-2023-0071,
2023-02-15,2000,Accounts Payable,172635.24,0.0,INV-2023-0305,Payment
2023-02-15,1000,Cash – SNB Operating SAR,0.0,172635.24,INV-2023-0305,Payment
2023-02-15,2000,Accounts Payable,68613.37,0.0,INV-2023-0569,Payment
2023-02-15,1000,Cash – SNB Operating SAR,0.0,68613.37,INV-2023-0569,Payment
2023-02-15,2000,Accounts Payable,72683.76,0.0,INV-2023-0660,Payment
2023-02-15,1000,Cash – SNB Operating SAR,0.0,72683.76,INV-2023-0660,Payment
2023-02-15,2000,Accounts Payable,174179.17,0.0,INV-2023-0667,Payment
2023-02-15,1000,Cash – SNB Operating SAR,0.0,174179.17,INV-2023-0667,Payment
2023-02-15,2000,Accounts Payable,179557.9,0.0,INV-2023-0697,Payment
2023-02-15,1000,Cash – SNB Operating SAR,0.0,179557.9,INV-2023-0697,Payment
2023-02-15,5030,COGS – Cosmetics,81345.08,0.0,INV-2023-0804,OTC & consumer health replenishment
2023-02-15,2000,Accounts Payable,0.0,81345.08,INV-2023-0804,
2023-02-15,2000,Accounts Payable,47541.87,0.0,INV-2023-1142,Payment
2023-02-15,1000,Cash – SNB Operating SAR,0.0,47541.87,INV-2023-1142,Payment
2023-02-16,1000,Cash – SNB Operating SAR,532920.58,0.0,AR-2023-0360,Collection
2023-02-16,1100,Accounts Receivable,0.0,532920.58,AR-2023-0360,Collection
2023-02-16,1000,Cash – SNB Operating SAR,407769.97,0.0,AR-2023-0363,Collection
2023-02-16,1100,Accounts Receivable,0.0,407769.97,AR-2023-0363,Collection
2023-02-16,1100,Accounts Receivable,121264.08,0.0,AR-2023-0830,
2023-02-16,4030,Revenue – Catering,0.0,121264.08,AR-2023-0830,
2023-02-16,5000,COGS – Food,169950.63,0.0,INV-2023-0211,
2023-02-16,2000,Accounts Payable,0.0,169950.63,INV-2023-0211,
2023-02-16,5010,COGS – Beverages,135277.54,0.0,INV-2023-0403,Bulk SKUs — monthly replenishment
2023-02-16,2000,Accounts Payable,0.0,135277.54,INV-2023-0403,
2023-02-16,5020,COGS – Household,115503.11,0.0,INV-2023-0720,
2023-02-16,2000,Accounts Payable,0.0,115503.11,INV-2023-0720,
2023-02-16,2000,Accounts Payable,75767.04,0.0,INV-2023-0734,Payment
2023-02-16,1000,Cash – SNB Operating SAR,0.0,75767.04,INV-2023-0734,Payment
2023-02-16,2000,Accounts Payable,117467.11,0.0,INV-2023-0922,Payment
2023-02-16,1000,Cash – SNB Operating SAR,0.0,117467.11,INV-2023-0922,Payment
2023-02-17,1100,Accounts Receivable,138171.56,0.0,AR-2023-0044,
2023-02-17,4000,Revenue – Modern Trade,0.0,138171.56,AR-2023-0044,
2023-02-17,1000,Cash – SNB Operating SAR,1074158.52,0.0,AR-2023-0366,Collection
2023-02-17,1100,Accounts Receivable,0.0,1074158.52,AR-2023-0366,Collection
2023-02-17,1100,Accounts Receivable,978142.57,0.0,AR-2023-0376,
2023-02-17,4010,Revenue – Hospitality,0.0,978142.57,AR-2023-0376,
2023-02-17,1100,Accounts Receivable,609781.06,0.0,AR-2023-0832,
2023-02-17,4030,Revenue – Catering,0.0,609781.06,AR-2023-0832,
2023-02-17,5010,COGS – Beverages,146090.79,0.0,INV-2023-0532,OTC & consumer health replenishment
2023-02-17,2000,Accounts Payable,0.0,146090.79,INV-2023-0532,
2023-02-17,5020,COGS – Household,67857.96,0.0,INV-2023-0694,
2023-02-17,2000,Accounts Payable,0.0,67857.96,INV-2023-0694,
2023-02-17,2000,Accounts Payable,137318.89,0.0,INV-2023-0735,Payment
2023-02-17,1000,Cash – SNB Operating SAR,0.0,137318.89,INV-2023-0735,Payment
2023-02-17,5020,COGS – Household,74499.11,0.0,INV-2023-0738,Antibiotics + analgesics — bulk SKUs
2023-02-17,2000,Accounts Payable,0.0,74499.11,INV-2023-0738,
2023-02-17,5030,COGS – Cosmetics,71093.34,0.0,INV-2023-0850,Bulk SKUs — monthly replenishment
2023-02-17,2000,Accounts Payable,0.0,71093.34,INV-2023-0850,
2023-02-17,5030,COGS – Cosmetics,157062.35,0.0,INV-2023-0902,OTC & consumer health replenishment
2023-02-17,2000,Accounts Payable,0.0,157062.35,INV-2023-0902,
2023-02-17,6220,Professional Fees,67388.42,0.0,INV-2023-1175,
2023-02-17,2000,Accounts Payable,0.0,67388.42,INV-2023-1175,
2023-02-17,5010,COGS – Beverages,93718.37,0.0,INV-2023-1205,Branded generics + OTC
2023-02-17,2000,Accounts Payable,0.0,93718.37,INV-2023-1205,
2023-02-18,1000,Cash – SNB Operating SAR,637802.4,0.0,AR-2023-0019,Collection
2023-02-18,1100,Accounts Receivable,0.0,637802.4,AR-2023-0019,Collection
2023-02-18,1100,Accounts Receivable,897007.38,0.0,AR-2023-0032,
2023-02-18,4000,Revenue – Modern Trade,0.0,897007.38,AR-2023-0032,
2023-02-18,1100,Accounts Receivable,955008.95,0.0,AR-2023-0537,
2023-02-18,4020,Revenue – Government,0.0,955008.95,AR-2023-0537,
2023-02-18,1100,Accounts Receivable,135511.31,0.0,AR-2023-0810,
2023-02-18,4030,Revenue – Catering,0.0,135511.31,AR-2023-0810,
2023-02-18,1100,Accounts Receivable,348591.8,0.0,AR-2023-0820,
2023-02-18,4030,Revenue – Catering,0.0,348591.8,AR-2023-0820,
2023-02-18,5000,COGS – Food,167118.83,0.0,INV-2023-0201,Antibiotics + analgesics — bulk SKUs
2023-02-18,2000,Accounts Payable,0.0,167118.83,INV-2023-0201,
2023-02-18,5010,COGS – Beverages,121598.12,0.0,INV-2023-0321,Bulk SKUs — monthly replenishment
2023-02-18,2000,Accounts Payable,0.0,121598.12,INV-2023-0321,
2023-02-18,5020,COGS – Household,69425.38,0.0,INV-2023-0683,
2023-02-18,2000,Accounts Payable,0.0,69425.38,INV-2023-0683,
2023-02-18,5030,COGS – Cosmetics,172619.76,0.0,INV-2023-0830,OTC & consumer health replenishment
2023-02-18,2000,Accounts Payable,0.0,172619.76,INV-2023-0830,
2023-02-19,1100,Accounts Receivable,501297.4,0.0,AR-2023-0048,
2023-02-19,4000,Revenue – Modern Trade,0.0,501297.4,AR-2023-0048,
2023-02-19,1000,Cash – SNB Operating SAR,418719.31,0.0,AR-2023-0531,Collection
2023-02-19,1100,Accounts Receivable,0.0,418719.31,AR-2023-0531,Collection
2023-02-19,1100,Accounts Receivable,264764.86,0.0,AR-2023-0550,
2023-02-19,4020,Revenue – Government,0.0,264764.86,AR-2023-0550,
2023-02-19,1100,Accounts Receivable,111562.22,0.0,AR-2023-0554,
2023-02-19,4020,Revenue – Government,0.0,111562.22,AR-2023-0554,
2023-02-19,1000,Cash – SNB Operating SAR,1060724.6,0.0,AR-2023-0778,Collection
2023-02-19,1100,Accounts Receivable,0.0,1060724.6,AR-2023-0778,Collection
2023-02-19,1100,Accounts Receivable,133026.21,0.0,AR-2023-0812,
2023-02-19,4030,Revenue – Catering,0.0,133026.21,AR-2023-0812,
2023-02-19,1100,Accounts Receivable,242174.07,0.0,AR-2023-0841,
2023-02-19,4030,Revenue – Catering,0.0,242174.07,AR-2023-0841,
2023-02-19,5010,COGS – Beverages,93013.89,0.0,INV-2023-0379,
2023-02-19,2000,Accounts Payable,0.0,93013.89,INV-2023-0379,
2023-02-19,2000,Accounts Payable,125799.99,0.0,INV-2023-0717,Payment
2023-02-19,1000,Cash – SNB Operating SAR,0.0,125799.99,INV-2023-0717,Payment
2023-02-19,6300,Logistics – 3PL,229054.88,0.0,INV-2023-0978,Line-haul & distribution services
2023-02-19,2000,Accounts Payable,0.0,229054.88,INV-2023-0978,
2023-02-19,6300,Logistics – 3PL,162810.39,0.0,INV-2023-1013,Line-haul & distribution services
2023-02-19,2000,Accounts Payable,0.0,162810.39,INV-2023-1013,
2023-02-20,1100,Accounts Receivable,679885.49,0.0,AR-2023-0056,
2023-02-20,4000,Revenue – Modern Trade,0.0,679885.49,AR-2023-0056,
2023-02-20,1000,Cash – SNB Operating SAR,502740.07,0.0,AR-2023-0769,Collection
2023-02-20,1100,Accounts Receivable,0.0,502740.07,AR-2023-0769,Collection
2023-02-20,1100,Accounts Receivable,1266919.95,0.0,AR-2023-0809,
2023-02-20,4030,Revenue – Catering,0.0,1266919.95,AR-2023-0809,
2023-02-20,1100,Accounts Receivable,264451.31,0.0,AR-2023-0818,
2023-02-20,4030,Revenue – Catering,0.0,264451.31,AR-2023-0818,
2023-02-20,1100,Accounts Receivable,452151.63,0.0,AR-2023-0849,
2023-02-20,4030,Revenue – Catering,0.0,452151.63,AR-2023-0849,
2023-02-20,2000,Accounts Payable,437568.94,0.0,INV-2023-0008,Payment
2023-02-20,1000,Cash – SNB Operating SAR,0.0,437568.94,INV-2023-0008,Payment
2023-02-20,2000,Accounts Payable,161420.75,0.0,INV-2023-0267,Payment
2023-02-20,1000,Cash – SNB Operating SAR,0.0,161420.75,INV-2023-0267,Payment
2023-02-20,2000,Accounts Payable,167628.8,0.0,INV-2023-0445,Payment
2023-02-20,1000,Cash – SNB Operating SAR,0.0,167628.8,INV-2023-0445,Payment
2023-02-20,5030,COGS – Cosmetics,131239.91,0.0,INV-2023-0934,Antibiotics + analgesics — bulk SKUs
2023-02-20,2000,Accounts Payable,0.0,131239.91,INV-2023-0934,
2023-02-20,6200,Marketing & Advertising,33768.56,0.0,INV-2023-1119,
2023-02-20,2000,Accounts Payable,0.0,33768.56,INV-2023-1119,
2023-02-21,1000,Cash – SNB Operating SAR,204694.1,0.0,AR-2023-0015,Collection
2023-02-21,1100,Accounts Receivable,0.0,204694.1,AR-2023-0015,Collection
2023-02-21,1100,Accounts Receivable,358457.91,0.0,AR-2023-0548,
2023-02-21,4020,Revenue – Government,0.0,358457.91,AR-2023-0548,
2023-02-21,1100,Accounts Receivable,171176.22,0.0,AR-2023-0817,
2023-02-21,4030,Revenue – Catering,0.0,171176.22,AR-2023-0817,
2023-02-21,2000,Accounts Payable,63929.48,0.0,INV-2023-0172,Payment
2023-02-21,1000,Cash – SNB Operating SAR,0.0,63929.48,INV-2023-0172,Payment
2023-02-21,5010,COGS – Beverages,75232.46,0.0,INV-2023-0356,OTC & consumer health replenishment
2023-02-21,2000,Accounts Payable,0.0,75232.46,INV-2023-0356,
2023-02-21,5010,COGS – Beverages,104968.9,0.0,INV-2023-0405,
2023-02-21,2000,Accounts Payable,0.0,104968.9,INV-2023-0405,
2023-02-21,2000,Accounts Payable,147062.96,0.0,INV-2023-0765,Payment
2023-02-21,1000,Cash – SNB Operating SAR,0.0,147062.96,INV-2023-0765,Payment
2023-02-21,5030,COGS – Cosmetics,155275.18,0.0,INV-2023-0802,Antibiotics + analgesics — bulk SKUs
2023-02-21,2000,Accounts Payable,0.0,155275.18,INV-2023-0802,
2023-02-21,6300,Logistics – 3PL,106263.53,0.0,INV-2023-1057,Line-haul & distribution services
2023-02-21,2000,Accounts Payable,0.0,106263.53,INV-2023-1057,
2023-02-21,5100,Freight Inwards,35075.74,0.0,INV-2023-1186,
2023-02-21,2000,Accounts Payable,0.0,35075.74,INV-2023-1186,
2023-02-22,1100,Accounts Receivable,272596.98,0.0,AR-2023-0036,
2023-02-22,4000,Revenue – Modern Trade,0.0,272596.98,AR-2023-0036,
2023-02-22,1000,Cash – SNB Operating SAR,253389.72,0.0,AR-2023-0045,Collection
2023-02-22,1100,Accounts Receivable,0.0,253389.72,AR-2023-0045,Collection
2023-02-22,1100,Accounts Receivable,284819.47,0.0,AR-2023-0051,
2023-02-22,4000,Revenue – Modern Trade,0.0,284819.47,AR-2023-0051,
2023-02-22,1000,Cash – SNB Operating SAR,412149.7,0.0,AR-2023-0358,Collection
2023-02-22,1100,Accounts Receivable,0.0,412149.7,AR-2023-0358,Collection
2023-02-22,1000,Cash – SNB Operating SAR,145747.42,0.0,AR-2023-0368,Collection
2023-02-22,1100,Accounts Receivable,0.0,145747.42,AR-2023-0368,Collection
2023-02-22,1000,Cash – SNB Operating SAR,878864.89,0.0,AR-2023-0781,Collection
2023-02-22,1100,Accounts Receivable,0.0,878864.89,AR-2023-0781,Collection
2023-02-22,1000,Cash – SNB Operating SAR,135473.86,0.0,AR-2023-0786,Collection
2023-02-22,1100,Accounts Receivable,0.0,135473.86,AR-2023-0786,Collection
2023-02-22,2000,Accounts Payable,99956.7,0.0,INV-2023-0117,Payment
2023-02-22,1000,Cash – SNB Operating SAR,0.0,99956.7,INV-2023-0117,Payment
2023-02-22,5000,COGS – Food,72734.1,0.0,INV-2023-0157,
2023-02-22,2000,Accounts Payable,0.0,72734.1,INV-2023-0157,
2023-02-22,5020,COGS – Household,180281.34,0.0,INV-2023-0757,
2023-02-22,2000,Accounts Payable,0.0,180281.34,INV-2023-0757,
2023-02-22,2000,Accounts Payable,149198.56,0.0,INV-2023-0879,Payment
2023-02-22,1000,Cash – SNB Operating SAR,0.0,149198.56,INV-2023-0879,Payment
2023-02-23,1000,Cash – SNB Operating SAR,627991.14,0.0,AR-2023-0011,Collection
2023-02-23,1100,Accounts Receivable,0.0,627991.14,AR-2023-0011,Collection
2023-02-23,1100,Accounts Receivable,1031454.55,0.0,AR-2023-0033,
2023-02-23,4000,Revenue – Modern Trade,0.0,1031454.55,AR-2023-0033,
2023-02-23,1100,Accounts Receivable,951044.08,0.0,AR-2023-0538,
2023-02-23,4020,Revenue – Government,0.0,951044.08,AR-2023-0538,
2023-02-23,1100,Accounts Receivable,257248.22,0.0,AR-2023-0542,
2023-02-23,4020,Revenue – Government,0.0,257248.22,AR-2023-0542,
2023-02-23,1100,Accounts Receivable,155123.27,0.0,AR-2023-0547,
2023-02-23,4020,Revenue – Government,0.0,155123.27,AR-2023-0547,
2023-02-23,1100,Accounts Receivable,109416.93,0.0,AR-2023-0824,
2023-02-23,4030,Revenue – Catering,0.0,109416.93,AR-2023-0824,
2023-02-23,1100,Accounts Receivable,418607.78,0.0,AR-2023-0827,
2023-02-23,4030,Revenue – Catering,0.0,418607.78,AR-2023-0827,
2023-02-23,1100,Accounts Receivable,236396.23,0.0,AR-2023-0839,
2023-02-23,4030,Revenue – Catering,0.0,236396.23,AR-2023-0839,
2023-02-23,1100,Accounts Receivable,374764.69,0.0,AR-2023-0840,
2023-02-23,4030,Revenue – Catering,0.0,374764.69,AR-2023-0840,
2023-02-23,2000,Accounts Payable,61597.04,0.0,INV-2023-0515,Payment
2023-02-23,1000,Cash – SNB Operating SAR,0.0,61597.04,INV-2023-0515,Payment
2023-02-23,5020,COGS – Household,132010.78,0.0,INV-2023-0611,OTC & consumer health replenishment
2023-02-23,2000,Accounts Payable,0.0,132010.78,INV-2023-0611,
2023-02-23,2000,Accounts Payable,125986.56,0.0,INV-2023-0678,Payment
2023-02-23,1000,Cash – SNB Operating SAR,0.0,125986.56,INV-2023-0678,Payment
2023-02-24,1000,Cash – SNB Operating SAR,531151.56,0.0,AR-2023-0018,Collection
2023-02-24,1100,Accounts Receivable,0.0,531151.56,AR-2023-0018,Collection
2023-02-24,1000,Cash – SNB Operating SAR,93147.65,0.0,AR-2023-0026,Collection
2023-02-24,1100,Accounts Receivable,0.0,93147.65,AR-2023-0026,Collection
2023-02-24,1100,Accounts Receivable,329227.18,0.0,AR-2023-0379,
2023-02-24,4010,Revenue – Hospitality,0.0,329227.18,AR-2023-0379,
2023-02-24,1000,Cash – SNB Operating SAR,371095.71,0.0,AR-2023-0524,Collection
2023-02-24,1100,Accounts Receivable,0.0,371095.71,AR-2023-0524,Collection
2023-02-24,1000,Cash – SNB Operating SAR,120596.07,0.0,AR-2023-0526,Collection
2023-02-24,1100,Accounts Receivable,0.0,120596.07,AR-2023-0526,Collection
2023-02-24,2000,Accounts Payable,478775.07,0.0,INV-2023-0006,Payment
2023-02-24,1000,Cash – SNB Operating SAR,0.0,478775.07,INV-2023-0006,Payment
2023-02-24,5000,COGS – Food,141840.57,0.0,INV-2023-0164,Antibiotics + analgesics — bulk SKUs
2023-02-24,2000,Accounts Payable,0.0,141840.57,INV-2023-0164,
2023-02-24,2000,Accounts Payable,65967.46,0.0,INV-2023-0202,Payment
2023-02-24,1000,Cash – SNB Operating SAR,0.0,65967.46,INV-2023-0202,Payment
2023-02-24,5010,COGS – Beverages,140250.52,0.0,INV-2023-0326,Bulk SKUs — monthly replenishment
2023-02-24,2000,Accounts Payable,0.0,140250.52,INV-2023-0326,
2023-02-24,2000,Accounts Payable,133472.35,0.0,INV-2023-0376,Payment
2023-02-24,1000,Cash – SNB Operating SAR,0.0,133472.35,INV-2023-0376,Payment
2023-02-24,2000,Accounts Payable,160629.54,0.0,INV-2023-0472,Payment
2023-02-24,1000,Cash – SNB Operating SAR,0.0,160629.54,INV-2023-0472,Payment
2023-02-24,2000,Accounts Payable,126913.48,0.0,INV-2023-0751,Payment
2023-02-24,1000,Cash – SNB Operating SAR,0.0,126913.48,INV-2023-0751,Payment
2023-02-24,2000,Accounts Payable,1075674.81,0.0,INV-2023-1099,Payment
2023-02-24,1000,Cash – SNB Operating SAR,0.0,1075674.81,INV-2023-1099,Payment
2023-02-24,1020,Cash – ANB Payroll SAR,3532320.4,0.0,JE-20230201,Transfer SNB -> ANB payroll funding
2023-02-24,1000,Cash – SNB Operating SAR,0.0,3532320.4,JE-20230201,Transfer SNB -> ANB payroll funding
2023-02-25,1000,Cash – SNB Operating SAR,334007.18,0.0,AR-2023-0013,Collection
2023-02-25,1100,Accounts Receivable,0.0,334007.18,AR-2023-0013,Collection
2023-02-25,1100,Accounts Receivable,713687.48,0.0,AR-2023-0372,
2023-02-25,4010,Revenue – Hospitality,0.0,713687.48,AR-2023-0372,
2023-02-25,1000,Cash – SNB Operating SAR,405455.48,0.0,AR-2023-0519,Collection
2023-02-25,1100,Accounts Receivable,0.0,405455.48,AR-2023-0519,Collection
2023-02-25,1000,Cash – SNB Operating SAR,586835.03,0.0,AR-2023-0539,Collection
2023-02-25,1100,Accounts Receivable,0.0,586835.03,AR-2023-0539,Collection
2023-02-25,1100,Accounts Receivable,323650.68,0.0,AR-2023-0549,
2023-02-25,4020,Revenue – Government,0.0,323650.68,AR-2023-0549,
2023-02-25,1100,Accounts Receivable,176708.69,0.0,AR-2023-0553,
2023-02-25,4020,Revenue – Government,0.0,176708.69,AR-2023-0553,
2023-02-25,1000,Cash – SNB Operating SAR,581830.86,0.0,AR-2023-0793,Collection
2023-02-25,1100,Accounts Receivable,0.0,581830.86,AR-2023-0793,Collection
2023-02-25,1100,Accounts Receivable,258179.05,0.0,AR-2023-0807,
2023-02-25,4030,Revenue – Catering,0.0,258179.05,AR-2023-0807,
2023-02-25,1100,Accounts Receivable,207067.4,0.0,AR-2023-0821,
2023-02-25,4030,Revenue – Catering,0.0,207067.4,AR-2023-0821,
2023-02-25,1100,Accounts Receivable,228713.63,0.0,AR-2023-0831,
2023-02-25,4030,Revenue – Catering,0.0,228713.63,AR-2023-0831,
2023-02-25,1100,Accounts Receivable,739208.88,0.0,AR-2023-0847,
2023-02-25,4030,Revenue – Catering,0.0,739208.88,AR-2023-0847,
2023-02-25,5000,COGS – Food,121127.54,0.0,INV-2023-0126,OTC & consumer health replenishment
2023-02-25,2000,Accounts Payable,0.0,121127.54,INV-2023-0126,
2023-02-25,2000,Accounts Payable,88401.9,0.0,INV-2023-0414,Payment
2023-02-25,1000,Cash – SNB Operating SAR,0.0,88401.9,INV-2023-0414,Payment
2023-02-25,5010,COGS – Beverages,101045.42,0.0,INV-2023-0425,Bulk SKUs — monthly replenishment
2023-02-25,2000,Accounts Payable,0.0,101045.42,INV-2023-0425,
2023-02-25,5010,COGS – Beverages,61119.82,0.0,INV-2023-0452,OTC & consumer health replenishment
2023-02-25,2000,Accounts Payable,0.0,61119.82,INV-2023-0452,
2023-02-25,5010,COGS – Beverages,156806.64,0.0,INV-2023-0528,Antibiotics + analgesics — bulk SKUs
2023-02-25,2000,Accounts Payable,0.0,156806.64,INV-2023-0528,
2023-02-25,2000,Accounts Payable,121211.83,0.0,INV-2023-0872,Payment
2023-02-25,1000,Cash – SNB Operating SAR,0.0,121211.83,INV-2023-0872,Payment
2023-02-25,2000,Accounts Payable,147456.97,0.0,INV-2023-0910,Payment
2023-02-25,1000,Cash – SNB Operating SAR,0.0,147456.97,INV-2023-0910,Payment
2023-02-25,6300,Logistics – 3PL,113246.69,0.0,INV-2023-0988,Line-haul & distribution services
2023-02-25,2000,Accounts Payable,0.0,113246.69,INV-2023-0988,
2023-02-25,6000,Salaries & Wages,3205372.42,0.0,PAY-2023-02,Payroll batch
2023-02-25,6020,GOSI Contributions,326947.99,0.0,PAY-2023-02,Payroll batch
2023-02-25,2110,Accrued Payroll,0.0,3532320.4,PAY-2023-02,Payroll batch
2023-02-26,1000,Cash – SNB Operating SAR,224442.83,0.0,AR-2023-0025,Collection
2023-02-26,1100,Accounts Receivable,0.0,224442.83,AR-2023-0025,Collection
2023-02-26,1100,Accounts Receivable,484675.08,0.0,AR-2023-0035,
2023-02-26,4000,Revenue – Modern Trade,0.0,484675.08,AR-2023-0035,
2023-02-26,1100,Accounts Receivable,366113.29,0.0,AR-2023-0038,
2023-02-26,4000,Revenue – Modern Trade,0.0,366113.29,AR-2023-0038,
2023-02-26,1100,Accounts Receivable,766075.76,0.0,AR-2023-0040,
2023-02-26,4000,Revenue – Modern Trade,0.0,766075.76,AR-2023-0040,
2023-02-26,1100,Accounts Receivable,115275.95,0.0,AR-2023-0049,
2023-02-26,4000,Revenue – Modern Trade,0.0,115275.95,AR-2023-0049,
2023-02-26,1100,Accounts Receivable,794076.25,0.0,AR-2023-0375,
2023-02-26,4010,Revenue – Hospitality,0.0,794076.25,AR-2023-0375,
2023-02-26,1000,Cash – SNB Operating SAR,257687.98,0.0,AR-2023-0521,Collection
2023-02-26,1100,Accounts Receivable,0.0,257687.98,AR-2023-0521,Collection
2023-02-26,1100,Accounts Receivable,90470.64,0.0,AR-2023-0541,
2023-02-26,4020,Revenue – Government,0.0,90470.64,AR-2023-0541,
2023-02-26,1100,Accounts Receivable,1266919.95,0.0,AR-2023-0833,
2023-02-26,4030,Revenue – Catering,0.0,1266919.95,AR-2023-0833,
2023-02-26,2000,Accounts Payable,493536.79,0.0,INV-2023-0009,Payment
2023-02-26,1000,Cash – SNB Operating SAR,0.0,493536.79,INV-2023-0009,Payment
2023-02-26,2000,Accounts Payable,112854.58,0.0,INV-2023-0134,Payment
2023-02-26,1000,Cash – SNB Operating SAR,0.0,112854.58,INV-2023-0134,Payment
2023-02-26,5000,COGS – Food,134655.47,0.0,INV-2023-0135,Bulk SKUs — monthly replenishment
2023-02-26,2000,Accounts Payable,0.0,134655.47,INV-2023-0135,
2023-02-26,2000,Accounts Payable,159966.8,0.0,INV-2023-0185,Payment
2023-02-26,1000,Cash – SNB Operating SAR,0.0,159966.8,INV-2023-0185,Payment
2023-02-26,2000,Accounts Payable,138778.66,0.0,INV-2023-0276,Payment
2023-02-26,1000,Cash – SNB Operating SAR,0.0,138778.66,INV-2023-0276,Payment
2023-02-26,5010,COGS – Beverages,90929.67,0.0,INV-2023-0388,
2023-02-26,2000,Accounts Payable,0.0,90929.67,INV-2023-0388,
2023-02-26,2000,Accounts Payable,87708.0,0.0,INV-2023-0401,Payment
2023-02-26,1000,Cash – SNB Operating SAR,0.0,87708.0,INV-2023-0401,Payment
2023-02-26,2110,Accrued Payroll,3532320.4,0.0,PAY-2023-02,Payroll settlement
2023-02-26,1020,Cash – ANB Payroll SAR,0.0,3532320.4,PAY-2023-02,Payroll settlement
2023-02-27,1000,Cash – SNB Operating SAR,269279.95,0.0,AR-2023-0017,Collection
2023-02-27,1100,Accounts Receivable,0.0,269279.95,AR-2023-0017,Collection
2023-02-27,1100,Accounts Receivable,1053579.66,0.0,AR-2023-0041,
2023-02-27,4000,Revenue – Modern Trade,0.0,1053579.66,AR-2023-0041,
2023-02-27,1100,Accounts Receivable,1053579.66,0.0,AR-2023-0059,
2023-02-27,4000,Revenue – Modern Trade,0.0,1053579.66,AR-2023-0059,
2023-02-27,1100,Accounts Receivable,370976.88,0.0,AR-2023-0369,
2023-02-27,4010,Revenue – Hospitality,0.0,370976.88,AR-2023-0369,
2023-02-27,1000,Cash – SNB Operating SAR,143736.85,0.0,AR-2023-0530,Collection
2023-02-27,1100,Accounts Receivable,0.0,143736.85,AR-2023-0530,Collection
2023-02-27,1100,Accounts Receivable,269675.71,0.0,AR-2023-0536,
2023-02-27,4020,Revenue – Government,0.0,269675.71,AR-2023-0536,
2023-02-27,1000,Cash – SNB Operating SAR,486792.75,0.0,AR-2023-0803,Collection
2023-02-27,1100,Accounts Receivable,0.0,486792.75,AR-2023-0803,Collection
2023-02-27,1100,Accounts Receivable,247635.11,0.0,AR-2023-0822,
2023-02-27,4030,Revenue – Catering,0.0,247635.11,AR-2023-0822,
2023-02-27,1100,Accounts Receivable,1266919.95,0.0,AR-2023-0844,
2023-02-27,4030,Revenue – Catering,0.0,1266919.95,AR-2023-0844,
2023-02-27,5000,COGS – Food,171842.72,0.0,INV-2023-0130,OTC & consumer health replenishment
2023-02-27,2000,Accounts Payable,0.0,171842.72,INV-2023-0130,
2023-02-27,2000,Accounts Payable,88074.66,0.0,INV-2023-0316,Payment
2023-02-27,1000,Cash – SNB Operating SAR,0.0,88074.66,INV-2023-0316,Payment
2023-02-27,5010,COGS – Beverages,121683.8,0.0,INV-2023-0439,Bulk SKUs — monthly replenishment
2023-02-27,2000,Accounts Payable,0.0,121683.8,INV-2023-0439,
2023-02-27,5010,COGS – Beverages,117410.3,0.0,INV-2023-0529,OTC & consumer health replenishment
2023-02-27,2000,Accounts Payable,0.0,117410.3,INV-2023-0529,
2023-02-27,5020,COGS – Household,139028.53,0.0,INV-2023-0582,OTC & consumer health replenishment
2023-02-27,2000,Accounts Payable,0.0,139028.53,INV-2023-0582,
2023-02-27,2000,Accounts Payable,365859.04,0.0,INV-2023-0960,Payment
2023-02-27,1000,Cash – SNB Operating SAR,0.0,365859.04,INV-2023-0960,Payment
2023-02-27,2000,Accounts Payable,145828.77,0.0,INV-2023-1045,Payment
2023-02-27,1000,Cash – SNB Operating SAR,0.0,145828.77,INV-2023-1045,Payment
2023-02-27,2000,Accounts Payable,95537.93,0.0,INV-2023-1062,Payment
2023-02-27,1000,Cash – SNB Operating SAR,0.0,95537.93,INV-2023-1062,Payment
2023-02-27,2900,Intercompany – Group Treasury Sweep,20145361.36,0.0,JE-20230290,Treasury sweep to Tamween Holdco cash pool
2023-02-27,1000,Cash – SNB Operating SAR,0.0,20145361.36,JE-20230290,Treasury sweep to Tamween Holdco cash pool
2023-02-28,1100,Accounts Receivable,390029.54,0.0,AR-2023-0042,
2023-02-28,4000,Revenue – Modern Trade,0.0,390029.54,AR-2023-0042,
2023-02-28,1100,Accounts Receivable,396724.23,0.0,AR-2023-0043,
2023-02-28,4000,Revenue – Modern Trade,0.0,396724.23,AR-2023-0043,
2023-02-28,1000,Cash – SNB Operating SAR,569862.57,0.0,AR-2023-0055,Collection
2023-02-28,1100,Accounts Receivable,0.0,569862.57,AR-2023-0055,Collection
2023-02-28,1100,Accounts Receivable,159058.41,0.0,AR-2023-0380,
2023-02-28,4010,Revenue – Hospitality,0.0,159058.41,AR-2023-0380,
2023-02-28,1000,Cash – SNB Operating SAR,524966.82,0.0,AR-2023-0545,Collection
2023-02-28,1100,Accounts Receivable,0.0,524966.82,AR-2023-0545,Collection
2023-02-28,1000,Cash – SNB Operating SAR,428149.0,0.0,AR-2023-0800,Collection
2023-02-28,1100,Accounts Receivable,0.0,428149.0,AR-2023-0800,Collection
2023-02-28,1100,Accounts Receivable,700172.47,0.0,AR-2023-0828,
2023-02-28,4030,Revenue – Catering,0.0,700172.47,AR-2023-0828,
2023-02-28,2000,Accounts Payable,510528.55,0.0,INV-2023-0007,Payment
2023-02-28,1000,Cash – SNB Operating SAR,0.0,510528.55,INV-2023-0007,Payment
2023-02-28,5010,COGS – Beverages,86596.77,0.0,INV-2023-0350,
2023-02-28,2000,Accounts Payable,0.0,86596.77,INV-2023-0350,
2023-02-28,2000,Accounts Payable,141857.03,0.0,INV-2023-0518,Payment
2023-02-28,1000,Cash – SNB Operating SAR,0.0,141857.03,INV-2023-0518,Payment
2023-02-28,2000,Accounts Payable,139393.67,0.0,INV-2023-0635,Payment
2023-02-28,1000,Cash – SNB Operating SAR,0.0,139393.67,INV-2023-0635,Payment
2023-02-28,5030,COGS – Cosmetics,69113.76,0.0,INV-2023-0825,
2023-02-28,2000,Accounts Payable,0.0,69113.76,INV-2023-0825,
2023-02-28,6500,Depreciation Expense,400000.0,0.0,DEP-2023-02,PPE monthly depreciation accrual
2023-02-28,1510,Accumulated Depreciation – PPE,0.0,400000.0,DEP-2023-02,PPE monthly depreciation accrual
2023-03-01,1000,Cash – SNB Operating SAR,148249.4,0.0,AR-2023-0001,Collection
2023-03-01,1100,Accounts Receivable,0.0,148249.4,AR-2023-0001,Collection
2023-03-01,1000,Cash – SNB Operating SAR,354168.39,0.0,AR-2023-0060,Collection
2023-03-01,1100,Accounts Receivable,0.0,354168.39,AR-2023-0060,Collection
2023-03-01,1000,Cash – SNB Operating SAR,306654.49,0.0,AR-2023-0517,Collection
2023-03-01,1100,Accounts Receivable,0.0,306654.49,AR-2023-0517,Collection
2023-03-01,1000,Cash – SNB Operating SAR,465804.52,0.0,AR-2023-0540,Collection
2023-03-01,1100,Accounts Receivable,0.0,465804.52,AR-2023-0540,Collection
2023-03-01,1100,Accounts Receivable,200872.64,0.0,AR-2023-0858,
2023-03-01,4030,Revenue – Catering,0.0,200872.64,AR-2023-0858,
2023-03-01,1100,Accounts Receivable,316289.9,0.0,AR-2023-0871,
2023-03-01,4030,Revenue – Catering,0.0,316289.9,AR-2023-0871,
2023-03-01,5000,COGS – Food,138714.07,0.0,INV-2023-0068,Bulk SKUs — monthly replenishment
2023-03-01,2000,Accounts Payable,0.0,138714.07,INV-2023-0068,
2023-03-01,2000,Accounts Payable,143455.43,0.0,INV-2023-0169,Payment
2023-03-01,1000,Cash – SNB Operating SAR,0.0,143455.43,INV-2023-0169,Payment
2023-03-01,5010,COGS – Beverages,163560.48,0.0,INV-2023-0334,Bulk SKUs — monthly replenishment
2023-03-01,2000,Accounts Payable,0.0,163560.48,INV-2023-0334,
2023-03-01,5020,COGS – Household,177988.91,0.0,INV-2023-0583,
2023-03-01,2000,Accounts Payable,0.0,177988.91,INV-2023-0583,
2023-03-01,2000,Accounts Payable,129500.14,0.0,INV-2023-0616,Payment
2023-03-01,1000,Cash – SNB Operating SAR,0.0,129500.14,INV-2023-0616,Payment
2023-03-01,5030,COGS – Cosmetics,105048.59,0.0,INV-2023-0857,
2023-03-01,2000,Accounts Payable,0.0,105048.59,INV-2023-0857,
2023-03-01,2000,Accounts Payable,240378.98,0.0,INV-2023-1003,Payment
2023-03-01,1000,Cash – SNB Operating SAR,0.0,240378.98,INV-2023-1003,Payment
2023-03-01,2000,Accounts Payable,1218993.49,0.0,INV-2023-1087,Payment
2023-03-01,1000,Cash – SNB Operating SAR,0.0,1218993.49,INV-2023-1087,Payment
2023-03-01,2000,Accounts Payable,39939.4,0.0,INV-2023-1148,Payment
2023-03-01,1000,Cash – SNB Operating SAR,0.0,39939.4,INV-2023-1148,Payment
2023-03-01,2000,Accounts Payable,30898.15,0.0,INV-2023-1188,Payment
2023-03-01,1000,Cash – SNB Operating SAR,0.0,30898.15,INV-2023-1188,Payment
2023-03-01,6100,Rent Expense,380000.0,0.0,RENT-2023-03,
2023-03-01,1000,Cash – SNB Operating SAR,0.0,380000.0,RENT-2023-03,
2023-03-02,1100,Accounts Receivable,624884.52,0.0,AR-2023-0573,
2023-03-02,4020,Revenue – Government,0.0,624884.52,AR-2023-0573,
2023-03-02,1100,Accounts Receivable,113217.97,0.0,AR-2023-0854,
2023-03-02,4030,Revenue – Catering,0.0,113217.97,AR-2023-0854,
2023-03-02,1100,Accounts Receivable,296853.03,0.0,AR-2023-0867,
2023-03-02,4030,Revenue – Catering,0.0,296853.03,AR-2023-0867,
2023-03-02,2000,Accounts Payable,71697.28,0.0,INV-2023-0129,Payment
2023-03-02,1000,Cash – SNB Operating SAR,0.0,71697.28,INV-2023-0129,Payment
2023-03-02,2000,Accounts Payable,141255.92,0.0,INV-2023-0150,Payment
2023-03-02,1000,Cash – SNB Operating SAR,0.0,141255.92,INV-2023-0150,Payment
2023-03-02,5000,COGS – Food,104323.88,0.0,INV-2023-0302,OTC & consumer health replenishment
2023-03-02,2000,Accounts Payable,0.0,104323.88,INV-2023-0302,
2023-03-02,2000,Accounts Payable,139480.27,0.0,INV-2023-0435,Payment
2023-03-02,1000,Cash – SNB Operating SAR,0.0,139480.27,INV-2023-0435,Payment
2023-03-02,5030,COGS – Cosmetics,146097.59,0.0,INV-2023-0882,
2023-03-02,2000,Accounts Payable,0.0,146097.59,INV-2023-0882,
2023-03-02,6100,Rent Expense,947781.93,0.0,INV-2023-1100,Warehouse lease — Riyadh South DC
2023-03-02,2000,Accounts Payable,0.0,947781.93,INV-2023-1100,
2023-03-02,6200,Marketing & Advertising,40982.69,0.0,INV-2023-1121,
2023-03-02,2000,Accounts Payable,0.0,40982.69,INV-2023-1121,
2023-03-03,1100,Accounts Receivable,362734.98,0.0,AR-2023-0070,
2023-03-03,4000,Revenue – Modern Trade,0.0,362734.98,AR-2023-0070,
2023-03-03,1100,Accounts Receivable,446638.55,0.0,AR-2023-0071,
2023-03-03,4000,Revenue – Modern Trade,0.0,446638.55,AR-2023-0071,
2023-03-03,1000,Cash – SNB Operating SAR,1074158.52,0.0,AR-2023-0359,Collection
2023-03-03,1100,Accounts Receivable,0.0,1074158.52,AR-2023-0359,Collection
2023-03-03,1100,Accounts Receivable,619577.03,0.0,AR-2023-0388,
2023-03-03,4010,Revenue – Hospitality,0.0,619577.03,AR-2023-0388,
2023-03-03,1000,Cash – SNB Operating SAR,496483.39,0.0,AR-2023-0784,Collection
2023-03-03,1100,Accounts Receivable,0.0,496483.39,AR-2023-0784,Collection
2023-03-03,1100,Accounts Receivable,409032.71,0.0,AR-2023-0862,
2023-03-03,4030,Revenue – Catering,0.0,409032.71,AR-2023-0862,
2023-03-03,1100,Accounts Receivable,342516.71,0.0,AR-2023-0881,
2023-03-03,4030,Revenue – Catering,0.0,342516.71,AR-2023-0881,
2023-03-03,5000,COGS – Food,103659.97,0.0,INV-2023-0189,
2023-03-03,2000,Accounts Payable,0.0,103659.97,INV-2023-0189,
2023-03-03,5010,COGS – Beverages,116426.49,0.0,INV-2023-0387,Antibiotics + analgesics — bulk SKUs
2023-03-03,2000,Accounts Payable,0.0,116426.49,INV-2023-0387,
2023-03-03,2000,Accounts Payable,155533.36,0.0,INV-2023-0877,Payment
2023-03-03,1000,Cash – SNB Operating SAR,0.0,155533.36,INV-2023-0877,Payment
2023-03-03,2000,Accounts Payable,167068.62,0.0,INV-2023-1017,Payment
2023-03-03,1000,Cash – SNB Operating SAR,0.0,167068.62,INV-2023-1017,Payment
2023-03-03,6100,Rent Expense,1071932.16,0.0,INV-2023-1088,Warehouse lease — Qassim WH
2023-03-03,2000,Accounts Payable,0.0,1071932.16,INV-2023-1088,
2023-03-03,2000,Accounts Payable,60177.03,0.0,INV-2023-1137,Payment
2023-03-03,1000,Cash – SNB Operating SAR,0.0,60177.03,INV-2023-1137,Payment
2023-03-04,1000,Cash – SNB Operating SAR,659877.97,0.0,AR-2023-0004,Collection
2023-03-04,1100,Accounts Receivable,0.0,659877.97,AR-2023-0004,Collection
2023-03-04,1100,Accounts Receivable,992963.22,0.0,AR-2023-0389,
2023-03-04,4010,Revenue – Hospitality,0.0,992963.22,AR-2023-0389,
2023-03-04,1000,Cash – SNB Operating SAR,1036133.4,0.0,AR-2023-0515,Collection
2023-03-04,1100,Accounts Receivable,0.0,1036133.4,AR-2023-0515,Collection
2023-03-04,1100,Accounts Receivable,861184.39,0.0,AR-2023-0561,
2023-03-04,4020,Revenue – Government,0.0,861184.39,AR-2023-0561,
2023-03-04,1000,Cash – SNB Operating SAR,525968.69,0.0,AR-2023-0799,Collection
2023-03-04,1100,Accounts Receivable,0.0,525968.69,AR-2023-0799,Collection
2023-03-04,1100,Accounts Receivable,174378.03,0.0,AR-2023-0882,
2023-03-04,4030,Revenue – Catering,0.0,174378.03,AR-2023-0882,
2023-03-04,2000,Accounts Payable,92337.14,0.0,INV-2023-0545,Payment
2023-03-04,1000,Cash – SNB Operating SAR,0.0,92337.14,INV-2023-0545,Payment
2023-03-04,5020,COGS – Household,74742.48,0.0,INV-2023-0578,
2023-03-04,2000,Accounts Payable,0.0,74742.48,INV-2023-0578,
2023-03-04,2000,Accounts Payable,66112.34,0.0,INV-2023-0716,Payment
2023-03-04,1000,Cash – SNB Operating SAR,0.0,66112.34,INV-2023-0716,Payment
2023-03-04,2000,Accounts Payable,110069.22,0.0,INV-2023-0901,Payment
2023-03-04,1000,Cash – SNB Operating SAR,0.0,110069.22,INV-2023-0901,Payment
2023-03-04,2000,Accounts Payable,148537.23,0.0,INV-2023-0939,Payment
2023-03-04,1000,Cash – SNB Operating SAR,0.0,148537.23,INV-2023-0939,Payment
2023-03-04,2000,Accounts Payable,59659.89,0.0,INV-2023-1160,Payment
2023-03-04,1000,Cash – SNB Operating SAR,0.0,59659.89,INV-2023-1160,Payment
2023-03-05,1000,Cash – SNB Operating SAR,215032.99,0.0,AR-2023-0029,Collection
2023-03-05,1100,Accounts Receivable,0.0,215032.99,AR-2023-0029,Collection
2023-03-05,1100,Accounts Receivable,145291.66,0.0,AR-2023-0073,
2023-03-05,4000,Revenue – Modern Trade,0.0,145291.66,AR-2023-0073,
2023-03-05,1100,Accounts Receivable,642200.23,0.0,AR-2023-0390,
2023-03-05,4010,Revenue – Hospitality,0.0,642200.23,AR-2023-0390,
2023-03-05,1100,Accounts Receivable,229261.13,0.0,AR-2023-0574,
2023-03-05,4020,Revenue – Government,0.0,229261.13,AR-2023-0574,
2023-03-05,1000,Cash – SNB Operating SAR,263230.08,0.0,AR-2023-0772,Collection
2023-03-05,1100,Accounts Receivable,0.0,263230.08,AR-2023-0772,Collection
2023-03-05,1100,Accounts Receivable,517751.57,0.0,AR-2023-0856,
2023-03-05,4030,Revenue – Catering,0.0,517751.57,AR-2023-0856,
2023-03-05,1100,Accounts Receivable,294428.8,0.0,AR-2023-0857,
2023-03-05,4030,Revenue – Catering,0.0,294428.8,AR-2023-0857,
2023-03-05,2000,Accounts Payable,377191.17,0.0,INV-2023-0010,Payment
2023-03-05,1000,Cash – SNB Operating SAR,0.0,377191.17,INV-2023-0010,Payment
2023-03-05,6110,Utilities,433501.02,0.0,INV-2023-0014,Electricity & water — Hail WH
2023-03-05,2000,Accounts Payable,0.0,433501.02,INV-2023-0014,
2023-03-05,2000,Accounts Payable,131715.14,0.0,INV-2023-0133,Payment
2023-03-05,1000,Cash – SNB Operating SAR,0.0,131715.14,INV-2023-0133,Payment
2023-03-05,2000,Accounts Payable,89525.99,0.0,INV-2023-0508,Payment
2023-03-05,1000,Cash – SNB Operating SAR,0.0,89525.99,INV-2023-0508,Payment
2023-03-05,2000,Accounts Payable,175619.67,0.0,INV-2023-0935,Payment
2023-03-05,1000,Cash – SNB Operating SAR,0.0,175619.67,INV-2023-0935,Payment
2023-03-05,6300,Logistics – 3PL,320009.64,0.0,INV-2023-0986,Line-haul & distribution services
2023-03-05,2000,Accounts Payable,0.0,320009.64,INV-2023-0986,
2023-03-05,6300,Logistics – 3PL,296330.42,0.0,INV-2023-1070,Line-haul & distribution services
2023-03-05,2000,Accounts Payable,0.0,296330.42,INV-2023-1070,
2023-03-05,6100,Rent Expense,1188813.6,0.0,INV-2023-1076,Warehouse lease — Hail WH
2023-03-05,2000,Accounts Payable,0.0,1188813.6,INV-2023-1076,
2023-03-06,1100,Accounts Receivable,1140997.18,0.0,AR-2023-0076,
2023-03-06,4000,Revenue – Modern Trade,0.0,1140997.18,AR-2023-0076,
2023-03-06,1000,Cash – SNB Operating SAR,399723.05,0.0,AR-2023-0533,Collection
2023-03-06,1100,Accounts Receivable,0.0,399723.05,AR-2023-0533,Collection
2023-03-06,1000,Cash – SNB Operating SAR,525729.66,0.0,AR-2023-0555,Collection
2023-03-06,1100,Accounts Receivable,0.0,525729.66,AR-2023-0555,Collection
2023-03-06,1100,Accounts Receivable,799497.06,0.0,AR-2023-0572,
2023-03-06,4020,Revenue – Government,0.0,799497.06,AR-2023-0572,
2023-03-06,1000,Cash – SNB Operating SAR,136227.21,0.0,AR-2023-0790,Collection
2023-03-06,1100,Accounts Receivable,0.0,136227.21,AR-2023-0790,Collection
2023-03-06,1000,Cash – SNB Operating SAR,475541.38,0.0,AR-2023-0802,Collection
2023-03-06,1100,Accounts Receivable,0.0,475541.38,AR-2023-0802,Collection
2023-03-06,6110,Utilities,396040.59,0.0,INV-2023-0011,Electricity & water — Riyadh North DC
2023-03-06,2000,Accounts Payable,0.0,396040.59,INV-2023-0011,
2023-03-06,5000,COGS – Food,117645.8,0.0,INV-2023-0091,
2023-03-06,2000,Accounts Payable,0.0,117645.8,INV-2023-0091,
2023-03-06,5000,COGS – Food,167129.09,0.0,INV-2023-0199,Antibiotics + analgesics — bulk SKUs
2023-03-06,2000,Accounts Payable,0.0,167129.09,INV-2023-0199,
2023-03-06,5000,COGS – Food,78149.99,0.0,INV-2023-0254,
2023-03-06,2000,Accounts Payable,0.0,78149.99,INV-2023-0254,
2023-03-06,2000,Accounts Payable,70980.58,0.0,INV-2023-0494,Payment
2023-03-06,1000,Cash – SNB Operating SAR,0.0,70980.58,INV-2023-0494,Payment
2023-03-06,5020,COGS – Household,155543.81,0.0,INV-2023-0666,Bulk SKUs — monthly replenishment
2023-03-06,2000,Accounts Payable,0.0,155543.81,INV-2023-0666,
2023-03-06,5020,COGS – Household,104592.92,0.0,INV-2023-0730,Bulk SKUs — monthly replenishment
2023-03-06,2000,Accounts Payable,0.0,104592.92,INV-2023-0730,
2023-03-06,5030,COGS – Cosmetics,117002.66,0.0,INV-2023-0918,
2023-03-06,2000,Accounts Payable,0.0,117002.66,INV-2023-0918,
2023-03-06,2000,Accounts Payable,249609.67,0.0,INV-2023-1025,Payment
2023-03-06,1000,Cash – SNB Operating SAR,0.0,249609.67,INV-2023-1025,Payment
2023-03-07,1000,Cash – SNB Operating SAR,150458.78,0.0,AR-2023-0367,Collection
2023-03-07,1100,Accounts Receivable,0.0,150458.78,AR-2023-0367,Collection
2023-03-07,1100,Accounts Receivable,261445.28,0.0,AR-2023-0385,
2023-03-07,4010,Revenue – Hospitality,0.0,261445.28,AR-2023-0385,
2023-03-07,1100,Accounts Receivable,425304.26,0.0,AR-2023-0557,
2023-03-07,4020,Revenue – Government,0.0,425304.26,AR-2023-0557,
2023-03-07,6110,Utilities,444377.33,0.0,INV-2023-0015,Electricity & water — HQ Riyadh Olaya
2023-03-07,2000,Accounts Payable,0.0,444377.33,INV-2023-0015,
2023-03-07,5000,COGS – Food,92650.4,0.0,INV-2023-0264,OTC & consumer health replenishment
2023-03-07,2000,Accounts Payable,0.0,92650.4,INV-2023-0264,
2023-03-07,2000,Accounts Payable,71274.48,0.0,INV-2023-0364,Payment
2023-03-07,1000,Cash – SNB Operating SAR,0.0,71274.48,INV-2023-0364,Payment
2023-03-07,2000,Accounts Payable,80735.75,0.0,INV-2023-1149,Payment
2023-03-07,1000,Cash – SNB Operating SAR,0.0,80735.75,INV-2023-1149,Payment
2023-03-08,1100,Accounts Receivable,720439.96,0.0,AR-2023-0072,
2023-03-08,4000,Revenue – Modern Trade,0.0,720439.96,AR-2023-0072,
2023-03-08,1000,Cash – SNB Operating SAR,411407.35,0.0,AR-2023-0764,Collection
2023-03-08,1100,Accounts Receivable,0.0,411407.35,AR-2023-0764,Collection
2023-03-08,1000,Cash – SNB Operating SAR,58042.56,0.0,AR-2023-0777,Collection
2023-03-08,1100,Accounts Receivable,0.0,58042.56,AR-2023-0777,Collection
2023-03-08,1100,Accounts Receivable,38558.94,0.0,AR-2023-0861,
2023-03-08,4030,Revenue – Catering,0.0,38558.94,AR-2023-0861,
2023-03-08,2000,Accounts Payable,110011.83,0.0,INV-2023-0137,Payment
2023-03-08,1000,Cash – SNB Operating SAR,0.0,110011.83,INV-2023-0137,Payment
2023-03-08,2000,Accounts Payable,168769.07,0.0,INV-2023-0352,Payment
2023-03-08,1000,Cash – SNB Operating SAR,0.0,168769.07,INV-2023-0352,Payment
2023-03-08,2000,Accounts Payable,90123.84,0.0,INV-2023-0650,Payment
2023-03-08,1000,Cash – SNB Operating SAR,0.0,90123.84,INV-2023-0650,Payment
2023-03-08,2000,Accounts Payable,163086.0,0.0,INV-2023-1193,Payment
2023-03-08,1000,Cash – SNB Operating SAR,0.0,163086.0,INV-2023-1193,Payment
2023-03-09,1000,Cash – SNB Operating SAR,710707.18,0.0,AR-2023-0022,Collection
2023-03-09,1100,Accounts Receivable,0.0,710707.18,AR-2023-0022,Collection
2023-03-09,1100,Accounts Receivable,564745.36,0.0,AR-2023-0063,
2023-03-09,4000,Revenue – Modern Trade,0.0,564745.36,AR-2023-0063,
2023-03-09,1000,Cash – SNB Operating SAR,195774.04,0.0,AR-2023-0361,Collection
2023-03-09,1100,Accounts Receivable,0.0,195774.04,AR-2023-0361,Collection
2023-03-09,1000,Cash – SNB Operating SAR,1060724.6,0.0,AR-2023-0767,Collection
2023-03-09,1100,Accounts Receivable,0.0,1060724.6,AR-2023-0767,Collection
2023-03-09,1000,Cash – SNB Operating SAR,532297.41,0.0,AR-2023-0773,Collection
2023-03-09,1100,Accounts Receivable,0.0,532297.41,AR-2023-0773,Collection
2023-03-09,1000,Cash – SNB Operating SAR,326038.82,0.0,AR-2023-0797,Collection
2023-03-09,1100,Accounts Receivable,0.0,326038.82,AR-2023-0797,Collection
2023-03-09,1100,Accounts Receivable,1195426.17,0.0,AR-2023-0870,
2023-03-09,4030,Revenue – Catering,0.0,1195426.17,AR-2023-0870,
2023-03-09,1100,Accounts Receivable,394804.15,0.0,AR-2023-0876,
2023-03-09,4030,Revenue – Catering,0.0,394804.15,AR-2023-0876,
2023-03-09,6110,Utilities,510228.2,0.0,INV-2023-0012,Electricity & water — Riyadh South DC
2023-03-09,2000,Accounts Payable,0.0,510228.2,INV-2023-0012,
2023-03-09,6110,Utilities,376194.07,0.0,INV-2023-0013,Electricity & water — Qassim WH
2023-03-09,2000,Accounts Payable,0.0,376194.07,INV-2023-0013,
2023-03-09,2000,Accounts Payable,104689.99,0.0,INV-2023-0071,Payment
2023-03-09,1000,Cash – SNB Operating SAR,0.0,104689.99,INV-2023-0071,Payment
2023-03-09,2000,Accounts Payable,112810.05,0.0,INV-2023-0505,Payment
2023-03-09,1000,Cash – SNB Operating SAR,0.0,112810.05,INV-2023-0505,Payment
2023-03-09,2000,Accounts Payable,180048.85,0.0,INV-2023-0713,Payment
2023-03-09,1000,Cash – SNB Operating SAR,0.0,180048.85,INV-2023-0713,Payment
2023-03-09,6300,Logistics – 3PL,244710.92,0.0,INV-2023-1028,Line-haul & distribution services
2023-03-09,2000,Accounts Payable,0.0,244710.92,INV-2023-1028,
2023-03-09,2000,Accounts Payable,46737.87,0.0,INV-2023-1151,Payment
2023-03-09,1000,Cash – SNB Operating SAR,0.0,46737.87,INV-2023-1151,Payment
2023-03-10,1000,Cash – SNB Operating SAR,1071545.79,0.0,AR-2023-0008,Collection
2023-03-10,1100,Accounts Receivable,0.0,1071545.79,AR-2023-0008,Collection
2023-03-10,1000,Cash – SNB Operating SAR,663904.31,0.0,AR-2023-0009,Collection
2023-03-10,1100,Accounts Receivable,0.0,663904.31,AR-2023-0009,Collection
2023-03-10,1000,Cash – SNB Operating SAR,305886.27,0.0,AR-2023-0014,Collection
2023-03-10,1100,Accounts Receivable,0.0,305886.27,AR-2023-0014,Collection
2023-03-10,1000,Cash – SNB Operating SAR,307015.77,0.0,AR-2023-0024,Collection
2023-03-10,1100,Accounts Receivable,0.0,307015.77,AR-2023-0024,Collection
2023-03-10,1000,Cash – SNB Operating SAR,294818.5,0.0,AR-2023-0053,Collection
2023-03-10,1100,Accounts Receivable,0.0,294818.5,AR-2023-0053,Collection
2023-03-10,1100,Accounts Receivable,110161.5,0.0,AR-2023-0077,
2023-03-10,4000,Revenue – Modern Trade,0.0,110161.5,AR-2023-0077,
2023-03-10,1100,Accounts Receivable,305096.39,0.0,AR-2023-0079,
2023-03-10,4000,Revenue – Modern Trade,0.0,305096.39,AR-2023-0079,
2023-03-10,1000,Cash – SNB Operating SAR,351210.04,0.0,AR-2023-0364,Collection
2023-03-10,1100,Accounts Receivable,0.0,351210.04,AR-2023-0364,Collection
2023-03-10,1100,Accounts Receivable,157395.14,0.0,AR-2023-0558,
2023-03-10,4020,Revenue – Government,0.0,157395.14,AR-2023-0558,
2023-03-10,1100,Accounts Receivable,533402.45,0.0,AR-2023-0564,
2023-03-10,4020,Revenue – Government,0.0,533402.45,AR-2023-0564,
2023-03-10,1100,Accounts Receivable,618104.52,0.0,AR-2023-0571,
2023-03-10,4020,Revenue – Government,0.0,618104.52,AR-2023-0571,
2023-03-10,1100,Accounts Receivable,324388.26,0.0,AR-2023-0868,
2023-03-10,4030,Revenue – Catering,0.0,324388.26,AR-2023-0868,
2023-03-10,5000,COGS – Food,159543.86,0.0,INV-2023-0101,OTC & consumer health replenishment
2023-03-10,2000,Accounts Payable,0.0,159543.86,INV-2023-0101,
2023-03-10,2000,Accounts Payable,167660.55,0.0,INV-2023-0235,Payment
2023-03-10,1000,Cash – SNB Operating SAR,0.0,167660.55,INV-2023-0235,Payment
2023-03-10,2000,Accounts Payable,172647.4,0.0,INV-2023-0269,Payment
2023-03-10,1000,Cash – SNB Operating SAR,0.0,172647.4,INV-2023-0269,Payment
2023-03-10,5000,COGS – Food,174007.4,0.0,INV-2023-0282,OTC & consumer health replenishment
2023-03-10,2000,Accounts Payable,0.0,174007.4,INV-2023-0282,
2023-03-10,2000,Accounts Payable,128799.25,0.0,INV-2023-0358,Payment
2023-03-10,1000,Cash – SNB Operating SAR,0.0,128799.25,INV-2023-0358,Payment
2023-03-10,2000,Accounts Payable,64433.57,0.0,INV-2023-0696,Payment
2023-03-10,1000,Cash – SNB Operating SAR,0.0,64433.57,INV-2023-0696,Payment
2023-03-10,5020,COGS – Household,130919.99,0.0,INV-2023-0763,Antibiotics + analgesics — bulk SKUs
2023-03-10,2000,Accounts Payable,0.0,130919.99,INV-2023-0763,
2023-03-10,6300,Logistics – 3PL,150431.17,0.0,INV-2023-0961,Line-haul & distribution services
2023-03-10,2000,Accounts Payable,0.0,150431.17,INV-2023-0961,
2023-03-10,6300,Logistics – 3PL,379836.61,0.0,INV-2023-1008,Line-haul & distribution services
2023-03-10,2000,Accounts Payable,0.0,379836.61,INV-2023-1008,
2023-03-10,6300,Logistics – 3PL,221311.46,0.0,INV-2023-1022,Line-haul & distribution services
2023-03-10,2000,Accounts Payable,0.0,221311.46,INV-2023-1022,
2023-03-10,5020,COGS – Household,162323.7,0.0,INV-2023-1194,"Blister & carton packaging PKG-1101 — 21,081 units @ SAR 7.70 (CT-2023-466)"
2023-03-10,2000,Accounts Payable,0.0,162323.7,INV-2023-1194,
2023-03-11,1000,Cash – SNB Operating SAR,326529.37,0.0,AR-2023-0362,Collection
2023-03-11,1100,Accounts Receivable,0.0,326529.37,AR-2023-0362,Collection
2023-03-11,1000,Cash – SNB Operating SAR,307589.78,0.0,AR-2023-0513,Collection
2023-03-11,1100,Accounts Receivable,0.0,307589.78,AR-2023-0513,Collection
2023-03-11,1000,Cash – SNB Operating SAR,1036133.4,0.0,AR-2023-0520,Collection
2023-03-11,1100,Accounts Receivable,0.0,1036133.4,AR-2023-0520,Collection
2023-03-11,1000,Cash – SNB Operating SAR,1016660.39,0.0,AR-2023-0522,Collection
2023-03-11,1100,Accounts Receivable,0.0,1016660.39,AR-2023-0522,Collection
2023-03-11,1100,Accounts Receivable,649955.6,0.0,AR-2023-0566,
2023-03-11,4020,Revenue – Government,0.0,649955.6,AR-2023-0566,
2023-03-11,1100,Accounts Receivable,342580.65,0.0,AR-2023-0875,
2023-03-11,4030,Revenue – Catering,0.0,342580.65,AR-2023-0875,
2023-03-11,1100,Accounts Receivable,368973.91,0.0,AR-2023-0879,
2023-03-11,4030,Revenue – Catering,0.0,368973.91,AR-2023-0879,
2023-03-11,1100,Accounts Receivable,1223133.55,0.0,AR-2023-0880,
2023-03-11,4030,Revenue – Catering,0.0,1223133.55,AR-2023-0880,
2023-03-11,2000,Accounts Payable,132265.95,0.0,INV-2023-0275,Payment
2023-03-11,1000,Cash – SNB Operating SAR,0.0,132265.95,INV-2023-0275,Payment
2023-03-11,2000,Accounts Payable,79963.88,0.0,INV-2023-0335,Payment
2023-03-11,1000,Cash – SNB Operating SAR,0.0,79963.88,INV-2023-0335,Payment
2023-03-11,5020,COGS – Household,118389.7,0.0,INV-2023-0563,
2023-03-11,2000,Accounts Payable,0.0,118389.7,INV-2023-0563,
2023-03-11,5020,COGS – Household,169005.38,0.0,INV-2023-0592,
2023-03-11,2000,Accounts Payable,0.0,169005.38,INV-2023-0592,
2023-03-11,5020,COGS – Household,88357.65,0.0,INV-2023-0687,OTC & consumer health replenishment
2023-03-11,2000,Accounts Payable,0.0,88357.65,INV-2023-0687,
2023-03-11,5030,COGS – Cosmetics,102631.71,0.0,INV-2023-0843,Bulk SKUs — monthly replenishment
2023-03-11,2000,Accounts Payable,0.0,102631.71,INV-2023-0843,
2023-03-11,2000,Accounts Payable,1252574.39,0.0,INV-2023-1075,Payment
2023-03-11,1000,Cash – SNB Operating SAR,0.0,1252574.39,INV-2023-1075,Payment
2023-03-11,2000,Accounts Payable,67388.42,0.0,INV-2023-1175,Payment
2023-03-11,1000,Cash – SNB Operating SAR,0.0,67388.42,INV-2023-1175,Payment
2023-03-11,2000,Accounts Payable,93718.37,0.0,INV-2023-1205,Payment
2023-03-11,1000,Cash – SNB Operating SAR,0.0,93718.37,INV-2023-1205,Payment
2023-03-12,1000,Cash – SNB Operating SAR,673313.39,0.0,AR-2023-0020,Collection
2023-03-12,1100,Accounts Receivable,0.0,673313.39,AR-2023-0020,Collection
2023-03-12,1100,Accounts Receivable,226419.42,0.0,AR-2023-0082,
2023-03-12,4000,Revenue – Modern Trade,0.0,226419.42,AR-2023-0082,
2023-03-12,1000,Cash – SNB Operating SAR,135373.45,0.0,AR-2023-0527,Collection
2023-03-12,1100,Accounts Receivable,0.0,135373.45,AR-2023-0527,Collection
2023-03-12,1100,Accounts Receivable,580133.51,0.0,AR-2023-0569,
2023-03-12,4020,Revenue – Government,0.0,580133.51,AR-2023-0569,
2023-03-12,1000,Cash – SNB Operating SAR,228234.53,0.0,AR-2023-0787,Collection
2023-03-12,1100,Accounts Receivable,0.0,228234.53,AR-2023-0787,Collection
2023-03-12,2000,Accounts Payable,151021.24,0.0,INV-2023-0072,Payment
2023-03-12,1000,Cash – SNB Operating SAR,0.0,151021.24,INV-2023-0072,Payment
2023-03-12,2000,Accounts Payable,166476.03,0.0,INV-2023-0147,Payment
2023-03-12,1000,Cash – SNB Operating SAR,0.0,166476.03,INV-2023-0147,Payment
2023-03-12,2000,Accounts Payable,96361.6,0.0,INV-2023-0462,Payment
2023-03-12,1000,Cash – SNB Operating SAR,0.0,96361.6,INV-2023-0462,Payment
2023-03-12,5010,COGS – Beverages,114338.3,0.0,INV-2023-0470,
2023-03-12,2000,Accounts Payable,0.0,114338.3,INV-2023-0470,
2023-03-12,2000,Accounts Payable,138768.91,0.0,INV-2023-0722,Payment
2023-03-12,1000,Cash – SNB Operating SAR,0.0,138768.91,INV-2023-0722,Payment
2023-03-12,5030,COGS – Cosmetics,99109.52,0.0,INV-2023-0835,Antibiotics + analgesics — bulk SKUs
2023-03-12,2000,Accounts Payable,0.0,99109.52,INV-2023-0835,
2023-03-12,6300,Logistics – 3PL,327431.52,0.0,INV-2023-0949,Line-haul & distribution services
2023-03-12,2000,Accounts Payable,0.0,327431.52,INV-2023-0949,
2023-03-13,1000,Cash – SNB Operating SAR,189285.46,0.0,AR-2023-0057,Collection
2023-03-13,1100,Accounts Receivable,0.0,189285.46,AR-2023-0057,Collection
2023-03-13,1100,Accounts Receivable,741825.56,0.0,AR-2023-0061,
2023-03-13,4000,Revenue – Modern Trade,0.0,741825.56,AR-2023-0061,
2023-03-13,1100,Accounts Receivable,63053.84,0.0,AR-2023-0066,
2023-03-13,4000,Revenue – Modern Trade,0.0,63053.84,AR-2023-0066,
2023-03-13,1100,Accounts Receivable,978142.63,0.0,AR-2023-0068,
2023-03-13,4000,Revenue – Modern Trade,0.0,978142.63,AR-2023-0068,
2023-03-13,1100,Accounts Receivable,227822.17,0.0,AR-2023-0069,
2023-03-13,4000,Revenue – Modern Trade,0.0,227822.17,AR-2023-0069,
2023-03-13,1100,Accounts Receivable,300355.89,0.0,AR-2023-0383,
2023-03-13,4010,Revenue – Hospitality,0.0,300355.89,AR-2023-0383,
2023-03-13,1000,Cash – SNB Operating SAR,682762.89,0.0,AR-2023-0529,Collection
2023-03-13,1100,Accounts Receivable,0.0,682762.89,AR-2023-0529,Collection
2023-03-13,1100,Accounts Receivable,170126.41,0.0,AR-2023-0565,
2023-03-13,4020,Revenue – Government,0.0,170126.41,AR-2023-0565,
2023-03-13,1000,Cash – SNB Operating SAR,172870.98,0.0,AR-2023-0768,Collection
2023-03-13,1100,Accounts Receivable,0.0,172870.98,AR-2023-0768,Collection
2023-03-13,1100,Accounts Receivable,437640.56,0.0,AR-2023-0864,
2023-03-13,4030,Revenue – Catering,0.0,437640.56,AR-2023-0864,
2023-03-13,1100,Accounts Receivable,1223133.55,0.0,AR-2023-0872,
2023-03-13,4030,Revenue – Catering,0.0,1223133.55,AR-2023-0872,
2023-03-13,2000,Accounts Payable,106193.73,0.0,INV-2023-0088,Payment
2023-03-13,1000,Cash – SNB Operating SAR,0.0,106193.73,INV-2023-0088,Payment
2023-03-13,2000,Accounts Payable,167118.83,0.0,INV-2023-0201,Payment
2023-03-13,1000,Cash – SNB Operating SAR,0.0,167118.83,INV-2023-0201,Payment
2023-03-13,5010,COGS – Beverages,122791.47,0.0,INV-2023-0317,OTC & consumer health replenishment
2023-03-13,2000,Accounts Payable,0.0,122791.47,INV-2023-0317,
2023-03-13,2000,Accounts Payable,135277.54,0.0,INV-2023-0403,Payment
2023-03-13,1000,Cash – SNB Operating SAR,0.0,135277.54,INV-2023-0403,Payment
2023-03-13,5030,COGS – Cosmetics,130755.97,0.0,INV-2023-0865,
2023-03-13,2000,Accounts Payable,0.0,130755.97,INV-2023-0865,
2023-03-13,6220,Professional Fees,70859.82,0.0,INV-2023-1134,
2023-03-13,2000,Accounts Payable,0.0,70859.82,INV-2023-1134,
2023-03-13,2000,Accounts Payable,35075.74,0.0,INV-2023-1186,Payment
2023-03-13,1000,Cash – SNB Operating SAR,0.0,35075.74,INV-2023-1186,Payment
2023-03-14,1000,Cash – SNB Operating SAR,819199.23,0.0,AR-2023-0003,Collection
2023-03-14,1100,Accounts Receivable,0.0,819199.23,AR-2023-0003,Collection
2023-03-14,1000,Cash – SNB Operating SAR,186083.96,0.0,AR-2023-0023,Collection
2023-03-14,1100,Accounts Receivable,0.0,186083.96,AR-2023-0023,Collection
2023-03-14,1100,Accounts Receivable,639993.43,0.0,AR-2023-0067,
2023-03-14,4000,Revenue – Modern Trade,0.0,639993.43,AR-2023-0067,
2023-03-14,1100,Accounts Receivable,339337.98,0.0,AR-2023-0083,
2023-03-14,4000,Revenue – Modern Trade,0.0,339337.98,AR-2023-0083,
2023-03-14,1100,Accounts Receivable,581096.33,0.0,AR-2023-0384,
2023-03-14,4010,Revenue – Hospitality,0.0,581096.33,AR-2023-0384,
2023-03-14,5000,COGS – Food,136034.99,0.0,INV-2023-0209,
2023-03-14,2000,Accounts Payable,0.0,136034.99,INV-2023-0209,
2023-03-14,2000,Accounts Payable,164284.24,0.0,INV-2023-0229,Payment
2023-03-14,1000,Cash – SNB Operating SAR,0.0,164284.24,INV-2023-0229,Payment
2023-03-14,2000,Accounts Payable,121598.12,0.0,INV-2023-0321,Payment
2023-03-14,1000,Cash – SNB Operating SAR,0.0,121598.12,INV-2023-0321,Payment
2023-03-14,2000,Accounts Payable,91508.02,0.0,INV-2023-0444,Payment
2023-03-14,1000,Cash – SNB Operating SAR,0.0,91508.02,INV-2023-0444,Payment
2023-03-14,2000,Accounts Payable,180281.34,0.0,INV-2023-0757,Payment
2023-03-14,1000,Cash – SNB Operating SAR,0.0,180281.34,INV-2023-0757,Payment
2023-03-14,2000,Accounts Payable,131146.8,0.0,INV-2023-0761,Payment
2023-03-14,1000,Cash – SNB Operating SAR,0.0,131146.8,INV-2023-0761,Payment
2023-03-14,2000,Accounts Payable,172619.76,0.0,INV-2023-0830,Payment
2023-03-14,1000,Cash – SNB Operating SAR,0.0,172619.76,INV-2023-0830,Payment
2023-03-14,2000,Accounts Payable,93504.24,0.0,INV-2023-0868,Payment
2023-03-14,1000,Cash – SNB Operating SAR,0.0,93504.24,INV-2023-0868,Payment
2023-03-14,6300,Logistics – 3PL,269093.04,0.0,INV-2023-0965,Line-haul & distribution services
2023-03-14,2000,Accounts Payable,0.0,269093.04,INV-2023-0965,
2023-03-14,6200,Marketing & Advertising,46841.92,0.0,INV-2023-1116,
2023-03-14,2000,Accounts Payable,0.0,46841.92,INV-2023-1116,
2023-03-15,1000,Cash – SNB Operating SAR,586251.99,0.0,AR-2023-0031,Collection
2023-03-15,1100,Accounts Receivable,0.0,586251.99,AR-2023-0031,Collection
2023-03-15,1000,Cash – SNB Operating SAR,272596.98,0.0,AR-2023-0036,Collection
2023-03-15,1100,Accounts Receivable,0.0,272596.98,AR-2023-0036,Collection
2023-03-15,1000,Cash – SNB Operating SAR,91905.54,0.0,AR-2023-0046,Collection
2023-03-15,1100,Accounts Receivable,0.0,91905.54,AR-2023-0046,Collection
2023-03-15,1000,Cash – SNB Operating SAR,811827.89,0.0,AR-2023-0054,Collection
2023-03-15,1100,Accounts Receivable,0.0,811827.89,AR-2023-0054,Collection
2023-03-15,1100,Accounts Receivable,367945.39,0.0,AR-2023-0074,
2023-03-15,4000,Revenue – Modern Trade,0.0,367945.39,AR-2023-0074,
2023-03-15,1000,Cash – SNB Operating SAR,712022.03,0.0,AR-2023-0798,Collection
2023-03-15,1100,Accounts Receivable,0.0,712022.03,AR-2023-0798,Collection
2023-03-15,1000,Cash – SNB Operating SAR,261042.97,0.0,AR-2023-0804,Collection
2023-03-15,1100,Accounts Receivable,0.0,261042.97,AR-2023-0804,Collection
2023-03-15,1000,Cash – SNB Operating SAR,144016.14,0.0,AR-2023-0808,Collection
2023-03-15,1100,Accounts Receivable,0.0,144016.14,AR-2023-0808,Collection
2023-03-15,5000,COGS – Food,108000.19,0.0,INV-2023-0220,OTC & consumer health replenishment
2023-03-15,2000,Accounts Payable,0.0,108000.19,INV-2023-0220,
2023-03-15,5020,COGS – Household,145486.46,0.0,INV-2023-0640,
2023-03-15,2000,Accounts Payable,0.0,145486.46,INV-2023-0640,
2023-03-15,5030,COGS – Cosmetics,97908.8,0.0,INV-2023-0864,
2023-03-15,2000,Accounts Payable,0.0,97908.8,INV-2023-0864,
2023-03-15,6300,Logistics – 3PL,100525.81,0.0,INV-2023-1061,Line-haul & distribution services
2023-03-15,2000,Accounts Payable,0.0,100525.81,INV-2023-1061,
2023-03-16,1000,Cash – SNB Operating SAR,355635.07,0.0,AR-2023-0005,Collection
2023-03-16,1100,Accounts Receivable,0.0,355635.07,AR-2023-0005,Collection
2023-03-16,1000,Cash – SNB Operating SAR,210354.75,0.0,AR-2023-0012,Collection
2023-03-16,1100,Accounts Receivable,0.0,210354.75,AR-2023-0012,Collection
2023-03-16,1000,Cash – SNB Operating SAR,199116.42,0.0,AR-2023-0058,Collection
2023-03-16,1100,Accounts Receivable,0.0,199116.42,AR-2023-0058,Collection
2023-03-16,1000,Cash – SNB Operating SAR,493541.48,0.0,AR-2023-0374,Collection
2023-03-16,1100,Accounts Receivable,0.0,493541.48,AR-2023-0374,Collection
2023-03-16,1000,Cash – SNB Operating SAR,257248.22,0.0,AR-2023-0542,Collection
2023-03-16,1100,Accounts Receivable,0.0,257248.22,AR-2023-0542,Collection
2023-03-16,1100,Accounts Receivable,1223133.55,0.0,AR-2023-0863,
2023-03-16,4030,Revenue – Catering,0.0,1223133.55,AR-2023-0863,
2023-03-16,6300,Logistics – 3PL,156003.41,0.0,INV-2023-0950,Line-haul & distribution services
2023-03-16,2000,Accounts Payable,0.0,156003.41,INV-2023-0950,
2023-03-16,2000,Accounts Payable,229054.88,0.0,INV-2023-0978,Payment
2023-03-16,1000,Cash – SNB Operating SAR,0.0,229054.88,INV-2023-0978,Payment
2023-03-17,1000,Cash – SNB Operating SAR,138095.3,0.0,AR-2023-0528,Collection
2023-03-17,1100,Accounts Receivable,0.0,138095.3,AR-2023-0528,Collection
2023-03-17,1000,Cash – SNB Operating SAR,1036133.4,0.0,AR-2023-0534,Collection
2023-03-17,1100,Accounts Receivable,0.0,1036133.4,AR-2023-0534,Collection
2023-03-17,1100,Accounts Receivable,294824.7,0.0,AR-2023-0563,
2023-03-17,4020,Revenue – Government,0.0,294824.7,AR-2023-0563,
2023-03-17,1000,Cash – SNB Operating SAR,274989.4,0.0,AR-2023-0770,Collection
2023-03-17,1100,Accounts Receivable,0.0,274989.4,AR-2023-0770,Collection
2023-03-17,1000,Cash – SNB Operating SAR,456315.09,0.0,AR-2023-0785,Collection
2023-03-17,1100,Accounts Receivable,0.0,456315.09,AR-2023-0785,Collection
2023-03-17,1000,Cash – SNB Operating SAR,467583.04,0.0,AR-2023-0825,Collection
2023-03-17,1100,Accounts Receivable,0.0,467583.04,AR-2023-0825,Collection
2023-03-17,2000,Accounts Payable,85966.24,0.0,INV-2023-0433,Payment
2023-03-17,1000,Cash – SNB Operating SAR,0.0,85966.24,INV-2023-0433,Payment
2023-03-17,5010,COGS – Beverages,123403.01,0.0,INV-2023-0449,OTC & consumer health replenishment
2023-03-17,2000,Accounts Payable,0.0,123403.01,INV-2023-0449,
2023-03-17,2000,Accounts Payable,114359.72,0.0,INV-2023-0555,Payment
2023-03-17,1000,Cash – SNB Operating SAR,0.0,114359.72,INV-2023-0555,Payment
2023-03-17,5020,COGS – Household,86764.97,0.0,INV-2023-0589,
2023-03-17,2000,Accounts Payable,0.0,86764.97,INV-2023-0589,
2023-03-17,2000,Accounts Payable,69425.38,0.0,INV-2023-0683,Payment
2023-03-17,1000,Cash – SNB Operating SAR,0.0,69425.38,INV-2023-0683,Payment
2023-03-17,2000,Accounts Payable,71093.34,0.0,INV-2023-0850,Payment
2023-03-17,1000,Cash – SNB Operating SAR,0.0,71093.34,INV-2023-0850,Payment
2023-03-17,2000,Accounts Payable,162810.39,0.0,INV-2023-1013,Payment
2023-03-17,1000,Cash – SNB Operating SAR,0.0,162810.39,INV-2023-1013,Payment
2023-03-17,6200,Marketing & Advertising,32356.5,0.0,INV-2023-1114,
2023-03-17,2000,Accounts Payable,0.0,32356.5,INV-2023-1114,
2023-03-18,1000,Cash – SNB Operating SAR,213240.62,0.0,AR-2023-0028,Collection
2023-03-18,1100,Accounts Receivable,0.0,213240.62,AR-2023-0028,Collection
2023-03-18,1000,Cash – SNB Operating SAR,740865.76,0.0,AR-2023-0378,Collection
2023-03-18,1100,Accounts Receivable,0.0,740865.76,AR-2023-0378,Collection
2023-03-18,1100,Accounts Receivable,424865.36,0.0,AR-2023-0560,
2023-03-18,4020,Revenue – Government,0.0,424865.36,AR-2023-0560,
2023-03-18,1100,Accounts Receivable,298131.14,0.0,AR-2023-0562,
2023-03-18,4020,Revenue – Government,0.0,298131.14,AR-2023-0562,
2023-03-18,1000,Cash – SNB Operating SAR,235941.59,0.0,AR-2023-0796,Collection
2023-03-18,1100,Accounts Receivable,0.0,235941.59,AR-2023-0796,Collection
2023-03-18,5000,COGS – Food,141952.83,0.0,INV-2023-0097,
2023-03-18,2000,Accounts Payable,0.0,141952.83,INV-2023-0097,
2023-03-18,2000,Accounts Payable,134655.47,0.0,INV-2023-0135,Payment
2023-03-18,1000,Cash – SNB Operating SAR,0.0,134655.47,INV-2023-0135,Payment
2023-03-18,2000,Accounts Payable,155275.18,0.0,INV-2023-0802,Payment
2023-03-18,1000,Cash – SNB Operating SAR,0.0,155275.18,INV-2023-0802,Payment
2023-03-18,6300,Logistics – 3PL,234840.65,0.0,INV-2023-1011,Line-haul & distribution services
2023-03-18,2000,Accounts Payable,0.0,234840.65,INV-2023-1011,
2023-03-18,6220,Professional Fees,57096.61,0.0,INV-2023-1169,
2023-03-18,2000,Accounts Payable,0.0,57096.61,INV-2023-1169,
2023-03-19,1000,Cash – SNB Operating SAR,848092.2,0.0,AR-2023-0007,Collection
2023-03-19,1100,Accounts Receivable,0.0,848092.2,AR-2023-0007,Collection
2023-03-19,1100,Accounts Receivable,238969.98,0.0,AR-2023-0080,
2023-03-19,4000,Revenue – Modern Trade,0.0,238969.98,AR-2023-0080,
2023-03-19,1000,Cash – SNB Operating SAR,239979.57,0.0,AR-2023-0776,Collection
2023-03-19,1100,Accounts Receivable,0.0,239979.57,AR-2023-0776,Collection
2023-03-19,1000,Cash – SNB Operating SAR,332293.19,0.0,AR-2023-0780,Collection
2023-03-19,1100,Accounts Receivable,0.0,332293.19,AR-2023-0780,Collection
2023-03-19,1000,Cash – SNB Operating SAR,609758.64,0.0,AR-2023-0782,Collection
2023-03-19,1100,Accounts Receivable,0.0,609758.64,AR-2023-0782,Collection
2023-03-19,1000,Cash – SNB Operating SAR,246297.25,0.0,AR-2023-0792,Collection
2023-03-19,1100,Accounts Receivable,0.0,246297.25,AR-2023-0792,Collection
2023-03-19,1000,Cash – SNB Operating SAR,1029806.39,0.0,AR-2023-0794,Collection
2023-03-19,1100,Accounts Receivable,0.0,1029806.39,AR-2023-0794,Collection
2023-03-19,2000,Accounts Payable,72734.1,0.0,INV-2023-0157,Payment
2023-03-19,1000,Cash – SNB Operating SAR,0.0,72734.1,INV-2023-0157,Payment
2023-03-19,5020,COGS – Household,95924.58,0.0,INV-2023-0721,
2023-03-19,2000,Accounts Payable,0.0,95924.58,INV-2023-0721,
2023-03-19,2000,Accounts Payable,81345.08,0.0,INV-2023-0804,Payment
2023-03-19,1000,Cash – SNB Operating SAR,0.0,81345.08,INV-2023-0804,Payment
2023-03-20,1000,Cash – SNB Operating SAR,482903.92,0.0,AR-2023-0002,Collection
2023-03-20,1100,Accounts Receivable,0.0,482903.92,AR-2023-0002,Collection
2023-03-20,1000,Cash – SNB Operating SAR,396724.23,0.0,AR-2023-0043,Collection
2023-03-20,1100,Accounts Receivable,0.0,396724.23,AR-2023-0043,Collection
2023-03-20,1100,Accounts Receivable,931195.66,0.0,AR-2023-0075,
2023-03-20,4000,Revenue – Modern Trade,0.0,931195.66,AR-2023-0075,
2023-03-20,1000,Cash – SNB Operating SAR,370976.88,0.0,AR-2023-0369,Collection
2023-03-20,1100,Accounts Receivable,0.0,370976.88,AR-2023-0369,Collection
2023-03-20,1000,Cash – SNB Operating SAR,159058.41,0.0,AR-2023-0380,Collection
2023-03-20,1100,Accounts Receivable,0.0,159058.41,AR-2023-0380,Collection
2023-03-20,1100,Accounts Receivable,1057170.31,0.0,AR-2023-0570,
2023-03-20,4020,Revenue – Government,0.0,1057170.31,AR-2023-0570,
2023-03-20,1000,Cash – SNB Operating SAR,236396.23,0.0,AR-2023-0839,Collection
2023-03-20,1100,Accounts Receivable,0.0,236396.23,AR-2023-0839,Collection
2023-03-20,1000,Cash – SNB Operating SAR,724481.81,0.0,AR-2023-0842,Collection
2023-03-20,1100,Accounts Receivable,0.0,724481.81,AR-2023-0842,Collection
2023-03-20,1100,Accounts Receivable,511928.98,0.0,AR-2023-0874,
2023-03-20,4030,Revenue – Catering,0.0,511928.98,AR-2023-0874,
2023-03-20,5020,COGS – Household,158979.3,0.0,INV-2023-0632,
2023-03-20,2000,Accounts Payable,0.0,158979.3,INV-2023-0632,
2023-03-20,2000,Accounts Payable,152918.93,0.0,INV-2023-0883,Payment
2023-03-20,1000,Cash – SNB Operating SAR,0.0,152918.93,INV-2023-0883,Payment
2023-03-20,5030,COGS – Cosmetics,112741.8,0.0,INV-2023-0909,OTC & consumer health replenishment
2023-03-20,2000,Accounts Payable,0.0,112741.8,INV-2023-0909,
2023-03-20,2000,Accounts Payable,208703.71,0.0,INV-2023-1004,Payment
2023-03-20,1000,Cash – SNB Operating SAR,0.0,208703.71,INV-2023-1004,Payment
2023-03-20,6220,Professional Fees,51094.9,0.0,INV-2023-1153,
2023-03-20,2000,Accounts Payable,0.0,51094.9,INV-2023-1153,
2023-03-21,1100,Accounts Receivable,192967.82,0.0,AR-2023-0081,
2023-03-21,4000,Revenue – Modern Trade,0.0,192967.82,AR-2023-0081,
2023-03-21,1000,Cash – SNB Operating SAR,457211.82,0.0,AR-2023-0523,Collection
2023-03-21,1100,Accounts Receivable,0.0,457211.82,AR-2023-0523,Collection
2023-03-21,1000,Cash – SNB Operating SAR,651226.09,0.0,AR-2023-0789,Collection
2023-03-21,1100,Accounts Receivable,0.0,651226.09,AR-2023-0789,Collection
2023-03-21,1000,Cash – SNB Operating SAR,686278.93,0.0,AR-2023-0806,Collection
2023-03-21,1100,Accounts Receivable,0.0,686278.93,AR-2023-0806,Collection
2023-03-21,1100,Accounts Receivable,162574.23,0.0,AR-2023-0853,
2023-03-21,4030,Revenue – Catering,0.0,162574.23,AR-2023-0853,
2023-03-21,1100,Accounts Receivable,190219.59,0.0,AR-2023-0865,
2023-03-21,4030,Revenue – Catering,0.0,190219.59,AR-2023-0865,
2023-03-21,1100,Accounts Receivable,270203.47,0.0,AR-2023-0866,
2023-03-21,4030,Revenue – Catering,0.0,270203.47,AR-2023-0866,
2023-03-21,2000,Accounts Payable,433501.02,0.0,INV-2023-0014,Payment
2023-03-21,1000,Cash – SNB Operating SAR,0.0,433501.02,INV-2023-0014,Payment
2023-03-21,5010,COGS – Beverages,156432.38,0.0,INV-2023-0397,
2023-03-21,2000,Accounts Payable,0.0,156432.38,INV-2023-0397,
2023-03-21,5020,COGS – Household,132700.2,0.0,INV-2023-0749,Bulk SKUs — monthly replenishment
2023-03-21,2000,Accounts Payable,0.0,132700.2,INV-2023-0749,
2023-03-21,2000,Accounts Payable,105048.59,0.0,INV-2023-0857,Payment
2023-03-21,1000,Cash – SNB Operating SAR,0.0,105048.59,INV-2023-0857,Payment
2023-03-21,6300,Logistics – 3PL,146932.93,0.0,INV-2023-1067,Line-haul & distribution services
2023-03-21,2000,Accounts Payable,0.0,146932.93,INV-2023-1067,
2023-03-21,2000,Accounts Payable,46754.22,0.0,INV-2023-1208,Payment
2023-03-21,1000,Cash – SNB Operating SAR,0.0,46754.22,INV-2023-1208,Payment
2023-03-22,1100,Accounts Receivable,311700.56,0.0,AR-2023-0064,
2023-03-22,4000,Revenue – Modern Trade,0.0,311700.56,AR-2023-0064,
2023-03-22,1100,Accounts Receivable,86889.44,0.0,AR-2023-0382,
2023-03-22,4010,Revenue – Hospitality,0.0,86889.44,AR-2023-0382,
2023-03-22,1100,Accounts Receivable,968217.47,0.0,AR-2023-0386,
2023-03-22,4010,Revenue – Hospitality,0.0,968217.47,AR-2023-0386,
2023-03-22,1000,Cash – SNB Operating SAR,994062.38,0.0,AR-2023-0544,Collection
2023-03-22,1100,Accounts Receivable,0.0,994062.38,AR-2023-0544,Collection
2023-03-22,1100,Accounts Receivable,416685.55,0.0,AR-2023-0873,
2023-03-22,4030,Revenue – Catering,0.0,416685.55,AR-2023-0873,
2023-03-22,1100,Accounts Receivable,650586.41,0.0,AR-2023-0878,
2023-03-22,4030,Revenue – Catering,0.0,650586.41,AR-2023-0878,
2023-03-22,2000,Accounts Payable,117410.3,0.0,INV-2023-0529,Payment
2023-03-22,1000,Cash – SNB Operating SAR,0.0,117410.3,INV-2023-0529,Payment
2023-03-22,5020,COGS – Household,129429.64,0.0,INV-2023-0684,
2023-03-22,2000,Accounts Payable,0.0,129429.64,INV-2023-0684,
2023-03-22,2000,Accounts Payable,115503.11,0.0,INV-2023-0720,Payment
2023-03-22,1000,Cash – SNB Operating SAR,0.0,115503.11,INV-2023-0720,Payment
2023-03-22,5030,COGS – Cosmetics,60918.79,0.0,INV-2023-0798,
2023-03-22,2000,Accounts Payable,0.0,60918.79,INV-2023-0798,
2023-03-22,6220,Professional Fees,53381.01,0.0,INV-2023-1163,
2023-03-22,2000,Accounts Payable,0.0,53381.01,INV-2023-1163,
2023-03-23,1000,Cash – SNB Operating SAR,242258.51,0.0,AR-2023-0037,Collection
2023-03-23,1100,Accounts Receivable,0.0,242258.51,AR-2023-0037,Collection
2023-03-23,1000,Cash – SNB Operating SAR,353968.08,0.0,AR-2023-0050,Collection
2023-03-23,1100,Accounts Receivable,0.0,353968.08,AR-2023-0050,Collection
2023-03-23,1100,Accounts Receivable,389415.2,0.0,AR-2023-0078,
2023-03-23,4000,Revenue – Modern Trade,0.0,389415.2,AR-2023-0078,
2023-03-23,1000,Cash – SNB Operating SAR,270363.14,0.0,AR-2023-0355,Collection
2023-03-23,1100,Accounts Receivable,0.0,270363.14,AR-2023-0355,Collection
2023-03-23,1000,Cash – SNB Operating SAR,155123.27,0.0,AR-2023-0547,Collection
2023-03-23,1100,Accounts Receivable,0.0,155123.27,AR-2023-0547,Collection
2023-03-23,1100,Accounts Receivable,202406.35,0.0,AR-2023-0559,
2023-03-23,4020,Revenue – Government,0.0,202406.35,AR-2023-0559,
2023-03-23,1000,Cash – SNB Operating SAR,269264.7,0.0,AR-2023-0795,Collection
2023-03-23,1100,Accounts Receivable,0.0,269264.7,AR-2023-0795,Collection
2023-03-23,1000,Cash – SNB Operating SAR,255507.71,0.0,AR-2023-0829,Collection
2023-03-23,1100,Accounts Receivable,0.0,255507.71,AR-2023-0829,Collection
2023-03-23,1100,Accounts Receivable,1067019.29,0.0,AR-2023-0851,
2023-03-23,4030,Revenue – Catering,0.0,1067019.29,AR-2023-0851,
2023-03-23,5000,COGS – Food,127187.26,0.0,INV-2023-0290,
2023-03-23,2000,Accounts Payable,0.0,127187.26,INV-2023-0290,
2023-03-23,2000,Accounts Payable,163560.48,0.0,INV-2023-0334,Payment
2023-03-23,1000,Cash – SNB Operating SAR,0.0,163560.48,INV-2023-0334,Payment
2023-03-23,2000,Accounts Payable,128824.44,0.0,INV-2023-0348,Payment
2023-03-23,1000,Cash – SNB Operating SAR,0.0,128824.44,INV-2023-0348,Payment
2023-03-23,5010,COGS – Beverages,150109.03,0.0,INV-2023-0461,OTC & consumer health replenishment
2023-03-23,2000,Accounts Payable,0.0,150109.03,INV-2023-0461,
2023-03-23,2000,Accounts Payable,132010.78,0.0,INV-2023-0611,Payment
2023-03-23,1000,Cash – SNB Operating SAR,0.0,132010.78,INV-2023-0611,Payment
2023-03-23,5020,COGS – Household,117021.81,0.0,INV-2023-0618,Antibiotics + analgesics — bulk SKUs
2023-03-23,2000,Accounts Payable,0.0,117021.81,INV-2023-0618,
2023-03-23,2000,Accounts Payable,33768.56,0.0,INV-2023-1119,Payment
2023-03-23,1000,Cash – SNB Operating SAR,0.0,33768.56,INV-2023-1119,Payment
2023-03-24,1100,Accounts Receivable,241507.93,0.0,AR-2023-0062,
2023-03-24,4000,Revenue – Modern Trade,0.0,241507.93,AR-2023-0062,
2023-03-24,1100,Accounts Receivable,108923.44,0.0,AR-2023-0567,
2023-03-24,4020,Revenue – Government,0.0,108923.44,AR-2023-0567,
2023-03-24,1000,Cash – SNB Operating SAR,252445.07,0.0,AR-2023-0771,Collection
2023-03-24,1100,Accounts Receivable,0.0,252445.07,AR-2023-0771,Collection
2023-03-24,1000,Cash – SNB Operating SAR,801241.64,0.0,AR-2023-0774,Collection
2023-03-24,1100,Accounts Receivable,0.0,801241.64,AR-2023-0774,Collection
2023-03-24,1100,Accounts Receivable,438675.71,0.0,AR-2023-0852,
2023-03-24,4030,Revenue – Catering,0.0,438675.71,AR-2023-0852,
2023-03-24,1100,Accounts Receivable,445986.12,0.0,AR-2023-0855,
2023-03-24,4030,Revenue – Catering,0.0,445986.12,AR-2023-0855,
2023-03-24,1100,Accounts Receivable,515890.38,0.0,AR-2023-0859,
2023-03-24,4030,Revenue – Catering,0.0,515890.38,AR-2023-0859,
2023-03-24,1100,Accounts Receivable,377328.4,0.0,AR-2023-0883,
2023-03-24,4030,Revenue – Catering,0.0,377328.4,AR-2023-0883,
2023-03-24,2000,Accounts Payable,140250.52,0.0,INV-2023-0326,Payment
2023-03-24,1000,Cash – SNB Operating SAR,0.0,140250.52,INV-2023-0326,Payment
2023-03-24,2000,Accounts Payable,104968.9,0.0,INV-2023-0405,Payment
2023-03-24,1000,Cash – SNB Operating SAR,0.0,104968.9,INV-2023-0405,Payment
2023-03-24,2000,Accounts Payable,131239.91,0.0,INV-2023-0934,Payment
2023-03-24,1000,Cash – SNB Operating SAR,0.0,131239.91,INV-2023-0934,Payment
2023-03-24,6220,Professional Fees,74939.86,0.0,INV-2023-1156,
2023-03-24,2000,Accounts Payable,0.0,74939.86,INV-2023-1156,
2023-03-24,1020,Cash – ANB Payroll SAR,3577467.44,0.0,JE-20230301,Transfer SNB -> ANB payroll funding
2023-03-24,1000,Cash – SNB Operating SAR,0.0,3577467.44,JE-20230301,Transfer SNB -> ANB payroll funding
2023-03-25,1000,Cash – SNB Operating SAR,390029.54,0.0,AR-2023-0042,Collection
2023-03-25,1100,Accounts Receivable,0.0,390029.54,AR-2023-0042,Collection
2023-03-25,1000,Cash – SNB Operating SAR,90470.64,0.0,AR-2023-0541,Collection
2023-03-25,1100,Accounts Receivable,0.0,90470.64,AR-2023-0541,Collection
2023-03-25,1000,Cash – SNB Operating SAR,348591.8,0.0,AR-2023-0820,Collection
2023-03-25,1100,Accounts Receivable,0.0,348591.8,AR-2023-0820,Collection
2023-03-25,1100,Accounts Receivable,539536.21,0.0,AR-2023-0877,
2023-03-25,4030,Revenue – Catering,0.0,539536.21,AR-2023-0877,
2023-03-25,2000,Accounts Payable,510228.2,0.0,INV-2023-0012,Payment
2023-03-25,1000,Cash – SNB Operating SAR,0.0,510228.2,INV-2023-0012,Payment
2023-03-25,2000,Accounts Payable,146090.79,0.0,INV-2023-0532,Payment
2023-03-25,1000,Cash – SNB Operating SAR,0.0,146090.79,INV-2023-0532,Payment
2023-03-25,2000,Accounts Payable,67857.96,0.0,INV-2023-0694,Payment
2023-03-25,1000,Cash – SNB Operating SAR,0.0,67857.96,INV-2023-0694,Payment
2023-03-25,5030,COGS – Cosmetics,70227.85,0.0,INV-2023-0818,Bulk SKUs — monthly replenishment
2023-03-25,2000,Accounts Payable,0.0,70227.85,INV-2023-0818,
2023-03-25,6000,Salaries & Wages,3246340.69,0.0,PAY-2023-03,Payroll batch
2023-03-25,6020,GOSI Contributions,331126.75,0.0,PAY-2023-03,Payroll batch
2023-03-25,2110,Accrued Payroll,0.0,3577467.44,PAY-2023-03,Payroll batch
2023-03-26,1100,Accounts Receivable,381435.7,0.0,AR-2023-0084,
2023-03-26,4000,Revenue – Modern Trade,0.0,381435.7,AR-2023-0084,
2023-03-26,1000,Cash – SNB Operating SAR,138532.62,0.0,AR-2023-0525,Collection
2023-03-26,1100,Accounts Receivable,0.0,138532.62,AR-2023-0525,Collection
2023-03-26,1100,Accounts Receivable,654730.69,0.0,AR-2023-0850,
2023-03-26,4030,Revenue – Catering,0.0,654730.69,AR-2023-0850,
2023-03-26,1100,Accounts Receivable,240397.28,0.0,AR-2023-0860,
2023-03-26,4030,Revenue – Catering,0.0,240397.28,AR-2023-0860,
2023-03-26,2000,Accounts Payable,116426.49,0.0,INV-2023-0387,Payment
2023-03-26,1000,Cash – SNB Operating SAR,0.0,116426.49,INV-2023-0387,Payment
2023-03-26,5010,COGS – Beverages,78517.2,0.0,INV-2023-0475,Antibiotics + analgesics — bulk SKUs
2023-03-26,2000,Accounts Payable,0.0,78517.2,INV-2023-0475,
2023-03-26,5010,COGS – Beverages,112190.45,0.0,INV-2023-0542,Antibiotics + analgesics — bulk SKUs
2023-03-26,2000,Accounts Payable,0.0,112190.45,INV-2023-0542,
2023-03-26,2000,Accounts Payable,177988.91,0.0,INV-2023-0583,Payment
2023-03-26,1000,Cash – SNB Operating SAR,0.0,177988.91,INV-2023-0583,Payment
2023-03-26,2000,Accounts Payable,117002.66,0.0,INV-2023-0918,Payment
2023-03-26,1000,Cash – SNB Operating SAR,0.0,117002.66,INV-2023-0918,Payment
2023-03-26,2000,Accounts Payable,40982.69,0.0,INV-2023-1121,Payment
2023-03-26,1000,Cash – SNB Operating SAR,0.0,40982.69,INV-2023-1121,Payment
2023-03-26,2110,Accrued Payroll,3577467.44,0.0,PAY-2023-03,Payroll settlement
2023-03-26,1020,Cash – ANB Payroll SAR,0.0,3577467.44,PAY-2023-03,Payroll settlement
2023-03-27,1100,Accounts Receivable,806132.12,0.0,AR-2023-0085,
2023-03-27,4000,Revenue – Modern Trade,0.0,806132.12,AR-2023-0085,
2023-03-27,1100,Accounts Receivable,481495.75,0.0,AR-2023-0086,
2023-03-27,4000,Revenue – Modern Trade,0.0,481495.75,AR-2023-0086,
2023-03-27,1000,Cash – SNB Operating SAR,980617.76,0.0,AR-2023-0381,Collection
2023-03-27,1100,Accounts Receivable,0.0,980617.76,AR-2023-0381,Collection
2023-03-27,2000,Accounts Payable,396040.59,0.0,INV-2023-0011,Payment
2023-03-27,1000,Cash – SNB Operating SAR,0.0,396040.59,INV-2023-0011,Payment
2023-03-27,2000,Accounts Payable,121127.54,0.0,INV-2023-0126,Payment
2023-03-27,1000,Cash – SNB Operating SAR,0.0,121127.54,INV-2023-0126,Payment
2023-03-27,2000,Accounts Payable,167129.09,0.0,INV-2023-0199,Payment
2023-03-27,1000,Cash – SNB Operating SAR,0.0,167129.09,INV-2023-0199,Payment
2023-03-27,5010,COGS – Beverages,148894.64,0.0,INV-2023-0384,OTC & consumer health replenishment
2023-03-27,2000,Accounts Payable,0.0,148894.64,INV-2023-0384,
2023-03-27,2000,Accounts Payable,90929.67,0.0,INV-2023-0388,Payment
2023-03-27,1000,Cash – SNB Operating SAR,0.0,90929.67,INV-2023-0388,Payment
2023-03-27,5010,COGS – Beverages,115978.95,0.0,INV-2023-0538,Bulk SKUs — monthly replenishment
2023-03-27,2000,Accounts Payable,0.0,115978.95,INV-2023-0538,
2023-03-27,5020,COGS – Household,92570.0,0.0,INV-2023-0548,Bulk SKUs — monthly replenishment
2023-03-27,2000,Accounts Payable,0.0,92570.0,INV-2023-0548,
2023-03-27,5020,COGS – Household,74321.02,0.0,INV-2023-0573,
2023-03-27,2000,Accounts Payable,0.0,74321.02,INV-2023-0573,
2023-03-27,2000,Accounts Payable,106263.53,0.0,INV-2023-1057,Payment
2023-03-27,1000,Cash – SNB Operating SAR,0.0,106263.53,INV-2023-1057,Payment
2023-03-27,6300,Logistics – 3PL,349787.55,0.0,INV-2023-1068,Line-haul & distribution services
2023-03-27,2000,Accounts Payable,0.0,349787.55,INV-2023-1068,
2023-03-27,2900,Intercompany – Group Treasury Sweep,23145285.54,0.0,JE-20230390,Treasury sweep to Tamween Holdco cash pool
2023-03-27,1000,Cash – SNB Operating SAR,0.0,23145285.54,JE-20230390,Treasury sweep to Tamween Holdco cash pool
2023-03-28,1000,Cash – SNB Operating SAR,329227.18,0.0,AR-2023-0379,Collection
2023-03-28,1100,Accounts Receivable,0.0,329227.18,AR-2023-0379,Collection
2023-03-28,1100,Accounts Receivable,651375.5,0.0,AR-2023-0387,
2023-03-28,4010,Revenue – Hospitality,0.0,651375.5,AR-2023-0387,
2023-03-28,1000,Cash – SNB Operating SAR,1060724.6,0.0,AR-2023-0765,Collection
2023-03-28,1100,Accounts Receivable,0.0,1060724.6,AR-2023-0765,Collection
2023-03-28,1000,Cash – SNB Operating SAR,316289.9,0.0,AR-2023-0871,Collection
2023-03-28,1100,Accounts Receivable,0.0,316289.9,AR-2023-0871,Collection
2023-03-28,2000,Accounts Payable,444377.33,0.0,INV-2023-0015,Payment
2023-03-28,1000,Cash – SNB Operating SAR,0.0,444377.33,INV-2023-0015,Payment
2023-03-28,2000,Accounts Payable,169950.63,0.0,INV-2023-0211,Payment
2023-03-28,1000,Cash – SNB Operating SAR,0.0,169950.63,INV-2023-0211,Payment
2023-03-28,5010,COGS – Beverages,68537.21,0.0,INV-2023-0415,OTC & consumer health replenishment
2023-03-28,2000,Accounts Payable,0.0,68537.21,INV-2023-0415,
2023-03-28,2000,Accounts Payable,61119.82,0.0,INV-2023-0452,Payment
2023-03-28,1000,Cash – SNB Operating SAR,0.0,61119.82,INV-2023-0452,Payment
2023-03-28,5020,COGS – Household,60408.66,0.0,INV-2023-0645,OTC & consumer health replenishment
2023-03-28,2000,Accounts Payable,0.0,60408.66,INV-2023-0645,
2023-03-28,5020,COGS – Household,144480.59,0.0,INV-2023-0655,Bulk SKUs — monthly replenishment
2023-03-28,2000,Accounts Payable,0.0,144480.59,INV-2023-0655,
2023-03-28,5020,COGS – Household,109910.34,0.0,INV-2023-0725,
2023-03-28,2000,Accounts Payable,0.0,109910.34,INV-2023-0725,
2023-03-28,5030,COGS – Cosmetics,77708.18,0.0,INV-2023-0791,
2023-03-28,2000,Accounts Payable,0.0,77708.18,INV-2023-0791,
2023-03-28,6300,Logistics – 3PL,279131.62,0.0,INV-2023-0952,Line-haul & distribution services
2023-03-28,2000,Accounts Payable,0.0,279131.62,INV-2023-0952,
2023-03-28,6220,Professional Fees,50216.53,0.0,INV-2023-1140,
2023-03-28,2000,Accounts Payable,0.0,50216.53,INV-2023-1140,
2023-03-28,6500,Depreciation Expense,400000.0,0.0,DEP-2023-03,PPE monthly depreciation accrual
2023-03-28,1510,Accumulated Depreciation – PPE,0.0,400000.0,DEP-2023-03,PPE monthly depreciation accrual
2023-03-29,1000,Cash – SNB Operating SAR,221478.59,0.0,AR-2023-0052,Collection
2023-03-29,1100,Accounts Receivable,0.0,221478.59,AR-2023-0052,Collection
2023-03-29,1000,Cash – SNB Operating SAR,111562.22,0.0,AR-2023-0554,Collection
2023-03-29,1100,Accounts Receivable,0.0,111562.22,AR-2023-0554,Collection
2023-03-29,1000,Cash – SNB Operating SAR,176011.21,0.0,AR-2023-0846,Collection
2023-03-29,1100,Accounts Receivable,0.0,176011.21,AR-2023-0846,Collection
2023-03-29,2000,Accounts Payable,138714.07,0.0,INV-2023-0068,Payment
2023-03-29,1000,Cash – SNB Operating SAR,0.0,138714.07,INV-2023-0068,Payment
2023-03-29,5000,COGS – Food,96295.27,0.0,INV-2023-0125,OTC & consumer health replenishment
2023-03-29,2000,Accounts Payable,0.0,96295.27,INV-2023-0125,
2023-03-29,2000,Accounts Payable,75232.46,0.0,INV-2023-0356,Payment
2023-03-29,1000,Cash – SNB Operating SAR,0.0,75232.46,INV-2023-0356,Payment
2023-03-29,2000,Accounts Payable,93013.89,0.0,INV-2023-0379,Payment
2023-03-29,1000,Cash – SNB Operating SAR,0.0,93013.89,INV-2023-0379,Payment
2023-03-29,2000,Accounts Payable,121683.8,0.0,INV-2023-0439,Payment
2023-03-29,1000,Cash – SNB Operating SAR,0.0,121683.8,INV-2023-0439,Payment
2023-03-29,5010,COGS – Beverages,147838.39,0.0,INV-2023-0474,
2023-03-29,2000,Accounts Payable,0.0,147838.39,INV-2023-0474,
2023-03-29,5020,COGS – Household,123344.77,0.0,INV-2023-0639,
2023-03-29,2000,Accounts Payable,0.0,123344.77,INV-2023-0639,
2023-03-29,5020,COGS – Household,99823.81,0.0,INV-2023-0642,
2023-03-29,2000,Accounts Payable,0.0,99823.81,INV-2023-0642,
2023-03-29,2000,Accounts Payable,74499.11,0.0,INV-2023-0738,Payment
2023-03-29,1000,Cash – SNB Operating SAR,0.0,74499.11,INV-2023-0738,Payment
2023-03-29,2000,Accounts Payable,157062.35,0.0,INV-2023-0902,Payment
2023-03-29,1000,Cash – SNB Operating SAR,0.0,157062.35,INV-2023-0902,Payment
2023-03-29,6220,Professional Fees,48377.04,0.0,INV-2023-1130,
2023-03-29,2000,Accounts Payable,0.0,48377.04,INV-2023-1130,
2023-03-30,1000,Cash – SNB Operating SAR,1071545.79,0.0,AR-2023-0021,Collection
2023-03-30,1100,Accounts Receivable,0.0,1071545.79,AR-2023-0021,Collection
2023-03-30,1000,Cash – SNB Operating SAR,897007.38,0.0,AR-2023-0032,Collection
2023-03-30,1100,Accounts Receivable,0.0,897007.38,AR-2023-0032,Collection
2023-03-30,1000,Cash – SNB Operating SAR,501297.4,0.0,AR-2023-0048,Collection
2023-03-30,1100,Accounts Receivable,0.0,501297.4,AR-2023-0048,Collection
2023-03-30,1100,Accounts Receivable,93605.16,0.0,AR-2023-0065,
2023-03-30,4000,Revenue – Modern Trade,0.0,93605.16,AR-2023-0065,
2023-03-30,1000,Cash – SNB Operating SAR,978142.57,0.0,AR-2023-0376,Collection
2023-03-30,1100,Accounts Receivable,0.0,978142.57,AR-2023-0376,Collection
2023-03-30,1100,Accounts Receivable,495097.06,0.0,AR-2023-0568,
2023-03-30,4020,Revenue – Government,0.0,495097.06,AR-2023-0568,
2023-03-30,1000,Cash – SNB Operating SAR,662332.16,0.0,AR-2023-0836,Collection
2023-03-30,1100,Accounts Receivable,0.0,662332.16,AR-2023-0836,Collection
2023-03-30,1100,Accounts Receivable,475446.97,0.0,AR-2023-0869,
2023-03-30,4030,Revenue – Catering,0.0,475446.97,AR-2023-0869,
2023-03-30,2000,Accounts Payable,376194.07,0.0,INV-2023-0013,Payment
2023-03-30,1000,Cash – SNB Operating SAR,0.0,376194.07,INV-2023-0013,Payment
2023-03-30,2000,Accounts Payable,141840.57,0.0,INV-2023-0164,Payment
2023-03-30,1000,Cash – SNB Operating SAR,0.0,141840.57,INV-2023-0164,Payment
2023-03-30,5000,COGS – Food,86076.07,0.0,INV-2023-0186,Antibiotics + analgesics — bulk SKUs
2023-03-30,2000,Accounts Payable,0.0,86076.07,INV-2023-0186,
2023-03-30,5020,COGS – Household,102570.0,0.0,INV-2023-0764,Bulk SKUs — monthly replenishment
2023-03-30,2000,Accounts Payable,0.0,102570.0,INV-2023-0764,
2023-03-30,5030,COGS – Cosmetics,154860.82,0.0,INV-2023-0895,Bulk SKUs — monthly replenishment
2023-03-30,2000,Accounts Payable,0.0,154860.82,INV-2023-0895,
2023-03-31,2000,Accounts Payable,103659.97,0.0,INV-2023-0189,Payment
2023-03-31,1000,Cash – SNB Operating SAR,0.0,103659.97,INV-2023-0189,Payment
2023-03-31,2000,Accounts Payable,92650.4,0.0,INV-2023-0264,Payment
2023-03-31,1000,Cash – SNB Operating SAR,0.0,92650.4,INV-2023-0264,Payment
2023-03-31,2000,Accounts Payable,130919.99,0.0,INV-2023-0763,Payment
2023-03-31,1000,Cash – SNB Operating SAR,0.0,130919.99,INV-2023-0763,Payment
2023-03-31,6700,Insurance Expense,150000.0,0.0,INS-2023-Q1,
2023-03-31,1000,Cash – SNB Operating SAR,0.0,150000.0,INS-2023-Q1,
2023-04-01,1100,Accounts Receivable,347579.94,0.0,AR-2023-0108,
2023-04-01,4000,Revenue – Modern Trade,0.0,347579.94,AR-2023-0108,
2023-04-01,1000,Cash – SNB Operating SAR,158182.56,0.0,AR-2023-0371,Collection
2023-04-01,1100,Accounts Receivable,0.0,158182.56,AR-2023-0371,Collection
2023-04-01,1000,Cash – SNB Operating SAR,992963.22,0.0,AR-2023-0389,Collection
2023-04-01,1100,Accounts Receivable,0.0,992963.22,AR-2023-0389,Collection
2023-04-01,1100,Accounts Receivable,179153.0,0.0,AR-2023-0397,
2023-04-01,4010,Revenue – Hospitality,0.0,179153.0,AR-2023-0397,
2023-04-01,1100,Accounts Receivable,728114.88,0.0,AR-2023-0581,
2023-04-01,4020,Revenue – Government,0.0,728114.88,AR-2023-0581,
2023-04-01,1100,Accounts Receivable,630706.42,0.0,AR-2023-0589,
2023-04-01,4020,Revenue – Government,0.0,630706.42,AR-2023-0589,
2023-04-01,1100,Accounts Receivable,186346.3,0.0,AR-2023-0909,
2023-04-01,4030,Revenue – Catering,0.0,186346.3,AR-2023-0909,
2023-04-01,1100,Accounts Receivable,457204.84,0.0,AR-2023-0917,
2023-04-01,4030,Revenue – Catering,0.0,457204.84,AR-2023-0917,
2023-04-01,2000,Accounts Payable,78149.99,0.0,INV-2023-0254,Payment
2023-04-01,1000,Cash – SNB Operating SAR,0.0,78149.99,INV-2023-0254,Payment
2023-04-01,5020,COGS – Household,159235.67,0.0,INV-2023-0576,
2023-04-01,2000,Accounts Payable,0.0,159235.67,INV-2023-0576,
2023-04-01,6300,Logistics – 3PL,374637.24,0.0,INV-2023-0970,Line-haul & distribution services
2023-04-01,2000,Accounts Payable,0.0,374637.24,INV-2023-0970,
2023-04-01,2000,Accounts Payable,113246.69,0.0,INV-2023-0988,Payment
2023-04-01,1000,Cash – SNB Operating SAR,0.0,113246.69,INV-2023-0988,Payment
2023-04-01,6100,Rent Expense,800809.41,0.0,INV-2023-1077,Warehouse lease — Riyadh North DC
2023-04-01,2000,Accounts Payable,0.0,800809.41,INV-2023-1077,
2023-04-01,6100,Rent Expense,380000.0,0.0,RENT-2023-04,
2023-04-01,1000,Cash – SNB Operating SAR,0.0,380000.0,RENT-2023-04,
2023-04-02,1100,Accounts Receivable,75888.17,0.0,AR-2023-0090,
2023-04-02,4000,Revenue – Modern Trade,0.0,75888.17,AR-2023-0090,
2023-04-02,1100,Accounts Receivable,677944.88,0.0,AR-2023-0092,
2023-04-02,4000,Revenue – Modern Trade,0.0,677944.88,AR-2023-0092,
2023-04-02,1100,Accounts Receivable,102658.2,0.0,AR-2023-0398,
2023-04-02,4010,Revenue – Hospitality,0.0,102658.2,AR-2023-0398,
2023-04-02,1000,Cash – SNB Operating SAR,109869.36,0.0,AR-2023-0532,Collection
2023-04-02,1100,Accounts Receivable,0.0,109869.36,AR-2023-0532,Collection
2023-04-02,1000,Cash – SNB Operating SAR,94841.38,0.0,AR-2023-0805,Collection
2023-04-02,1100,Accounts Receivable,0.0,94841.38,AR-2023-0805,Collection
2023-04-02,1000,Cash – SNB Operating SAR,128771.87,0.0,AR-2023-0813,Collection
2023-04-02,1100,Accounts Receivable,0.0,128771.87,AR-2023-0813,Collection
2023-04-02,1000,Cash – SNB Operating SAR,261379.67,0.0,AR-2023-0834,Collection
2023-04-02,1100,Accounts Receivable,0.0,261379.67,AR-2023-0834,Collection
2023-04-02,1000,Cash – SNB Operating SAR,375052.73,0.0,AR-2023-0837,Collection
2023-04-02,1100,Accounts Receivable,0.0,375052.73,AR-2023-0837,Collection
2023-04-02,1100,Accounts Receivable,270578.2,0.0,AR-2023-0888,
2023-04-02,4030,Revenue – Catering,0.0,270578.2,AR-2023-0888,
2023-04-02,1100,Accounts Receivable,665013.11,0.0,AR-2023-0892,
2023-04-02,4030,Revenue – Catering,0.0,665013.11,AR-2023-0892,
2023-04-02,1100,Accounts Receivable,128059.01,0.0,AR-2023-0895,
2023-04-02,4030,Revenue – Catering,0.0,128059.01,AR-2023-0895,
2023-04-02,1100,Accounts Receivable,450485.46,0.0,AR-2023-0903,
2023-04-02,4030,Revenue – Catering,0.0,450485.46,AR-2023-0903,
2023-04-02,5000,COGS – Food,153507.91,0.0,INV-2023-0116,Bulk SKUs — monthly replenishment
2023-04-02,2000,Accounts Payable,0.0,153507.91,INV-2023-0116,
2023-04-02,5000,COGS – Food,137130.21,0.0,INV-2023-0191,Antibiotics + analgesics — bulk SKUs
2023-04-02,2000,Accounts Payable,0.0,137130.21,INV-2023-0191,
2023-04-02,2000,Accounts Payable,101045.42,0.0,INV-2023-0425,Payment
2023-04-02,1000,Cash – SNB Operating SAR,0.0,101045.42,INV-2023-0425,Payment
2023-04-02,5010,COGS – Beverages,89184.93,0.0,INV-2023-0485,Antibiotics + analgesics — bulk SKUs
2023-04-02,2000,Accounts Payable,0.0,89184.93,INV-2023-0485,
2023-04-02,2000,Accounts Payable,156806.64,0.0,INV-2023-0528,Payment
2023-04-02,1000,Cash – SNB Operating SAR,0.0,156806.64,INV-2023-0528,Payment
2023-04-02,2000,Accounts Payable,1188813.6,0.0,INV-2023-1076,Payment
2023-04-02,1000,Cash – SNB Operating SAR,0.0,1188813.6,INV-2023-1076,Payment
2023-04-02,2000,Accounts Payable,162323.7,0.0,INV-2023-1194,Payment
2023-04-02,1000,Cash – SNB Operating SAR,0.0,162323.7,INV-2023-1194,Payment
2023-04-03,1100,Accounts Receivable,85194.0,0.0,AR-2023-0091,
2023-04-03,4000,Revenue – Modern Trade,0.0,85194.0,AR-2023-0091,
2023-04-03,1100,Accounts Receivable,302523.26,0.0,AR-2023-0103,
2023-04-03,4000,Revenue – Modern Trade,0.0,302523.26,AR-2023-0103,
2023-04-03,1100,Accounts Receivable,200330.29,0.0,AR-2023-0402,
2023-04-03,4010,Revenue – Hospitality,0.0,200330.29,AR-2023-0402,
2023-04-03,1100,Accounts Receivable,217148.67,0.0,AR-2023-0585,
2023-04-03,4020,Revenue – Government,0.0,217148.67,AR-2023-0585,
2023-04-03,1100,Accounts Receivable,245354.61,0.0,AR-2023-0586,
2023-04-03,4020,Revenue – Government,0.0,245354.61,AR-2023-0586,
2023-04-03,1000,Cash – SNB Operating SAR,135511.31,0.0,AR-2023-0810,Collection
2023-04-03,1100,Accounts Receivable,0.0,135511.31,AR-2023-0810,Collection
2023-04-03,1000,Cash – SNB Operating SAR,1266919.95,0.0,AR-2023-0833,Collection
2023-04-03,1100,Accounts Receivable,0.0,1266919.95,AR-2023-0833,Collection
2023-04-03,6110,Utilities,425225.29,0.0,INV-2023-0020,Electricity & water — HQ Riyadh Olaya
2023-04-03,2000,Accounts Payable,0.0,425225.29,INV-2023-0020,
2023-04-03,5000,COGS – Food,174602.76,0.0,INV-2023-0173,Antibiotics + analgesics — bulk SKUs
2023-04-03,2000,Accounts Payable,0.0,174602.76,INV-2023-0173,
2023-04-03,2000,Accounts Payable,86596.77,0.0,INV-2023-0350,Payment
2023-04-03,1000,Cash – SNB Operating SAR,0.0,86596.77,INV-2023-0350,Payment
2023-04-03,5010,COGS – Beverages,74618.27,0.0,INV-2023-0459,OTC & consumer health replenishment
2023-04-03,2000,Accounts Payable,0.0,74618.27,INV-2023-0459,
2023-04-03,5030,COGS – Cosmetics,78952.45,0.0,INV-2023-0767,OTC & consumer health replenishment
2023-04-03,2000,Accounts Payable,0.0,78952.45,INV-2023-0767,
2023-04-03,6100,Rent Expense,848885.66,0.0,INV-2023-1089,Warehouse lease — Riyadh South DC
2023-04-03,2000,Accounts Payable,0.0,848885.66,INV-2023-1089,
2023-04-03,6200,Marketing & Advertising,34035.36,0.0,INV-2023-1122,
2023-04-03,2000,Accounts Payable,0.0,34035.36,INV-2023-1122,
2023-04-04,1100,Accounts Receivable,446140.04,0.0,AR-2023-0093,
2023-04-04,4000,Revenue – Modern Trade,0.0,446140.04,AR-2023-0093,
2023-04-04,1000,Cash – SNB Operating SAR,233443.8,0.0,AR-2023-0377,Collection
2023-04-04,1100,Accounts Receivable,0.0,233443.8,AR-2023-0377,Collection
2023-04-04,1100,Accounts Receivable,201096.14,0.0,AR-2023-0575,
2023-04-04,4020,Revenue – Government,0.0,201096.14,AR-2023-0575,
2023-04-04,1000,Cash – SNB Operating SAR,245638.97,0.0,AR-2023-0801,Collection
2023-04-04,1100,Accounts Receivable,0.0,245638.97,AR-2023-0801,Collection
2023-04-04,1000,Cash – SNB Operating SAR,121264.08,0.0,AR-2023-0830,Collection
2023-04-04,1100,Accounts Receivable,0.0,121264.08,AR-2023-0830,Collection
2023-04-04,1000,Cash – SNB Operating SAR,137579.54,0.0,AR-2023-0843,Collection
2023-04-04,1100,Accounts Receivable,0.0,137579.54,AR-2023-0843,Collection
2023-04-04,1000,Cash – SNB Operating SAR,739208.88,0.0,AR-2023-0847,Collection
2023-04-04,1100,Accounts Receivable,0.0,739208.88,AR-2023-0847,Collection
2023-04-04,1100,Accounts Receivable,1113727.88,0.0,AR-2023-0889,
2023-04-04,4030,Revenue – Catering,0.0,1113727.88,AR-2023-0889,
2023-04-04,1100,Accounts Receivable,391817.34,0.0,AR-2023-0896,
2023-04-04,4030,Revenue – Catering,0.0,391817.34,AR-2023-0896,
2023-04-04,1100,Accounts Receivable,360233.87,0.0,AR-2023-0898,
2023-04-04,4030,Revenue – Catering,0.0,360233.87,AR-2023-0898,
2023-04-04,1100,Accounts Receivable,299883.39,0.0,AR-2023-0907,
2023-04-04,4030,Revenue – Catering,0.0,299883.39,AR-2023-0907,
2023-04-04,1100,Accounts Receivable,482012.44,0.0,AR-2023-0918,
2023-04-04,4030,Revenue – Catering,0.0,482012.44,AR-2023-0918,
2023-04-04,5000,COGS – Food,71318.58,0.0,INV-2023-0278,Antibiotics + analgesics — bulk SKUs
2023-04-04,2000,Accounts Payable,0.0,71318.58,INV-2023-0278,
2023-04-04,5010,COGS – Beverages,118034.57,0.0,INV-2023-0423,Bulk SKUs — monthly replenishment
2023-04-04,2000,Accounts Payable,0.0,118034.57,INV-2023-0423,
2023-04-04,2000,Accounts Payable,99109.52,0.0,INV-2023-0835,Payment
2023-04-04,1000,Cash – SNB Operating SAR,0.0,99109.52,INV-2023-0835,Payment
2023-04-04,6100,Rent Expense,711248.43,0.0,INV-2023-1101,Warehouse lease — Qassim WH
2023-04-04,2000,Accounts Payable,0.0,711248.43,INV-2023-1101,
2023-04-05,1000,Cash – SNB Operating SAR,292256.87,0.0,AR-2023-0766,Collection
2023-04-05,1100,Accounts Receivable,0.0,292256.87,AR-2023-0766,Collection
2023-04-05,1000,Cash – SNB Operating SAR,500611.87,0.0,AR-2023-0814,Collection
2023-04-05,1100,Accounts Receivable,0.0,500611.87,AR-2023-0814,Collection
2023-04-05,1000,Cash – SNB Operating SAR,162918.84,0.0,AR-2023-0815,Collection
2023-04-05,1100,Accounts Receivable,0.0,162918.84,AR-2023-0815,Collection
2023-04-05,1100,Accounts Receivable,299028.13,0.0,AR-2023-0891,
2023-04-05,4030,Revenue – Catering,0.0,299028.13,AR-2023-0891,
2023-04-05,6110,Utilities,482989.65,0.0,INV-2023-0019,Electricity & water — Hail WH
2023-04-05,2000,Accounts Payable,0.0,482989.65,INV-2023-0019,
2023-04-05,2000,Accounts Payable,145486.46,0.0,INV-2023-0640,Payment
2023-04-05,1000,Cash – SNB Operating SAR,0.0,145486.46,INV-2023-0640,Payment
2023-04-05,5020,COGS – Household,133748.11,0.0,INV-2023-0665,OTC & consumer health replenishment
2023-04-05,2000,Accounts Payable,0.0,133748.11,INV-2023-0665,
2023-04-05,5020,COGS – Household,94664.04,0.0,INV-2023-0718,Bulk SKUs — monthly replenishment
2023-04-05,2000,Accounts Payable,0.0,94664.04,INV-2023-0718,
2023-04-05,2000,Accounts Payable,320009.64,0.0,INV-2023-0986,Payment
2023-04-05,1000,Cash – SNB Operating SAR,0.0,320009.64,INV-2023-0986,Payment
2023-04-05,2000,Accounts Payable,296330.42,0.0,INV-2023-1070,Payment
2023-04-05,1000,Cash – SNB Operating SAR,0.0,296330.42,INV-2023-1070,Payment
2023-04-06,1000,Cash – SNB Operating SAR,339337.98,0.0,AR-2023-0083,Collection
2023-04-06,1100,Accounts Receivable,0.0,339337.98,AR-2023-0083,Collection
2023-04-06,1000,Cash – SNB Operating SAR,390415.17,0.0,AR-2023-0551,Collection
2023-04-06,1100,Accounts Receivable,0.0,390415.17,AR-2023-0551,Collection
2023-04-06,1100,Accounts Receivable,492943.8,0.0,AR-2023-0580,
2023-04-06,4020,Revenue – Government,0.0,492943.8,AR-2023-0580,
2023-04-06,1000,Cash – SNB Operating SAR,171176.22,0.0,AR-2023-0817,Collection
2023-04-06,1100,Accounts Receivable,0.0,171176.22,AR-2023-0817,Collection
2023-04-06,1000,Cash – SNB Operating SAR,304841.87,0.0,AR-2023-0838,Collection
2023-04-06,1100,Accounts Receivable,0.0,304841.87,AR-2023-0838,Collection
2023-04-06,6110,Utilities,413996.73,0.0,INV-2023-0016,Electricity & water — Riyadh North DC
2023-04-06,2000,Accounts Payable,0.0,413996.73,INV-2023-0016,
2023-04-06,5000,COGS – Food,153974.39,0.0,INV-2023-0204,Bulk SKUs — monthly replenishment
2023-04-06,2000,Accounts Payable,0.0,153974.39,INV-2023-0204,
2023-04-06,2000,Accounts Payable,104323.88,0.0,INV-2023-0302,Payment
2023-04-06,1000,Cash – SNB Operating SAR,0.0,104323.88,INV-2023-0302,Payment
2023-04-06,2000,Accounts Payable,139028.53,0.0,INV-2023-0582,Payment
2023-04-06,1000,Cash – SNB Operating SAR,0.0,139028.53,INV-2023-0582,Payment
2023-04-06,5030,COGS – Cosmetics,106663.65,0.0,INV-2023-0771,
2023-04-06,2000,Accounts Payable,0.0,106663.65,INV-2023-0771,
2023-04-06,2000,Accounts Payable,69113.76,0.0,INV-2023-0825,Payment
2023-04-06,1000,Cash – SNB Operating SAR,0.0,69113.76,INV-2023-0825,Payment
2023-04-06,5030,COGS – Cosmetics,122887.23,0.0,INV-2023-0874,Antibiotics + analgesics — bulk SKUs
2023-04-06,2000,Accounts Payable,0.0,122887.23,INV-2023-0874,
2023-04-06,2000,Accounts Payable,379836.61,0.0,INV-2023-1008,Payment
2023-04-06,1000,Cash – SNB Operating SAR,0.0,379836.61,INV-2023-1008,Payment
2023-04-06,2000,Accounts Payable,947781.93,0.0,INV-2023-1100,Payment
2023-04-06,1000,Cash – SNB Operating SAR,0.0,947781.93,INV-2023-1100,Payment
2023-04-07,1000,Cash – SNB Operating SAR,343542.23,0.0,AR-2023-0034,Collection
2023-04-07,1100,Accounts Receivable,0.0,343542.23,AR-2023-0034,Collection
2023-04-07,1100,Accounts Receivable,676595.25,0.0,AR-2023-0097,
2023-04-07,4000,Revenue – Modern Trade,0.0,676595.25,AR-2023-0097,
2023-04-07,1100,Accounts Receivable,641356.99,0.0,AR-2023-0579,
2023-04-07,4020,Revenue – Government,0.0,641356.99,AR-2023-0579,
2023-04-07,1000,Cash – SNB Operating SAR,930409.96,0.0,AR-2023-0823,Collection
2023-04-07,1100,Accounts Receivable,0.0,930409.96,AR-2023-0823,Collection
2023-04-07,1100,Accounts Receivable,625969.68,0.0,AR-2023-0884,
2023-04-07,4030,Revenue – Catering,0.0,625969.68,AR-2023-0884,
2023-04-07,6110,Utilities,442984.75,0.0,INV-2023-0017,Electricity & water — Riyadh South DC
2023-04-07,2000,Accounts Payable,0.0,442984.75,INV-2023-0017,
2023-04-07,2000,Accounts Payable,141952.83,0.0,INV-2023-0097,Payment
2023-04-07,1000,Cash – SNB Operating SAR,0.0,141952.83,INV-2023-0097,Payment
2023-04-07,2000,Accounts Payable,171842.72,0.0,INV-2023-0130,Payment
2023-04-07,1000,Cash – SNB Operating SAR,0.0,171842.72,INV-2023-0130,Payment
2023-04-07,5010,COGS – Beverages,99787.08,0.0,INV-2023-0409,Antibiotics + analgesics — bulk SKUs
2023-04-07,2000,Accounts Payable,0.0,99787.08,INV-2023-0409,
2023-04-07,2000,Accounts Payable,123403.01,0.0,INV-2023-0449,Payment
2023-04-07,1000,Cash – SNB Operating SAR,0.0,123403.01,INV-2023-0449,Payment
2023-04-07,5030,COGS – Cosmetics,179160.46,0.0,INV-2023-0776,Bulk SKUs — monthly replenishment
2023-04-07,2000,Accounts Payable,0.0,179160.46,INV-2023-0776,
2023-04-07,5030,COGS – Cosmetics,128596.81,0.0,INV-2023-0867,OTC & consumer health replenishment
2023-04-07,2000,Accounts Payable,0.0,128596.81,INV-2023-0867,
2023-04-07,2000,Accounts Payable,1071932.16,0.0,INV-2023-1088,Payment
2023-04-07,1000,Cash – SNB Operating SAR,0.0,1071932.16,INV-2023-1088,Payment
2023-04-08,1000,Cash – SNB Operating SAR,269675.71,0.0,AR-2023-0536,Collection
2023-04-08,1100,Accounts Receivable,0.0,269675.71,AR-2023-0536,Collection
2023-04-08,1000,Cash – SNB Operating SAR,710016.88,0.0,AR-2023-0775,Collection
2023-04-08,1100,Accounts Receivable,0.0,710016.88,AR-2023-0775,Collection
2023-04-08,1100,Accounts Receivable,1113727.88,0.0,AR-2023-0885,
2023-04-08,4030,Revenue – Catering,0.0,1113727.88,AR-2023-0885,
2023-04-08,1100,Accounts Receivable,177623.38,0.0,AR-2023-0899,
2023-04-08,4030,Revenue – Catering,0.0,177623.38,AR-2023-0899,
2023-04-08,1100,Accounts Receivable,337741.21,0.0,AR-2023-0906,
2023-04-08,4030,Revenue – Catering,0.0,337741.21,AR-2023-0906,
2023-04-08,6110,Utilities,356728.7,0.0,INV-2023-0018,Electricity & water — Qassim WH
2023-04-08,2000,Accounts Payable,0.0,356728.7,INV-2023-0018,
2023-04-08,5000,COGS – Food,71014.56,0.0,INV-2023-0100,
2023-04-08,2000,Accounts Payable,0.0,71014.56,INV-2023-0100,
2023-04-08,5000,COGS – Food,81115.94,0.0,INV-2023-0112,Bulk SKUs — monthly replenishment
2023-04-08,2000,Accounts Payable,0.0,81115.94,INV-2023-0112,
2023-04-08,5010,COGS – Beverages,101757.51,0.0,INV-2023-0536,
2023-04-08,2000,Accounts Payable,0.0,101757.51,INV-2023-0536,
2023-04-08,5020,COGS – Household,171858.0,0.0,INV-2023-0612,Bulk SKUs — monthly replenishment
2023-04-08,2000,Accounts Payable,0.0,171858.0,INV-2023-0612,
2023-04-08,5020,COGS – Household,109313.91,0.0,INV-2023-0668,OTC & consumer health replenishment
2023-04-08,2000,Accounts Payable,0.0,109313.91,INV-2023-0668,
2023-04-08,5030,COGS – Cosmetics,166565.41,0.0,INV-2023-0836,
2023-04-08,2000,Accounts Payable,0.0,166565.41,INV-2023-0836,
2023-04-08,6300,Logistics – 3PL,189366.68,0.0,INV-2023-0946,Line-haul & distribution services
2023-04-08,2000,Accounts Payable,0.0,189366.68,INV-2023-0946,
2023-04-09,1000,Cash – SNB Operating SAR,321451.59,0.0,AR-2023-0811,Collection
2023-04-09,1100,Accounts Receivable,0.0,321451.59,AR-2023-0811,Collection
2023-04-09,1000,Cash – SNB Operating SAR,609781.06,0.0,AR-2023-0832,Collection
2023-04-09,1100,Accounts Receivable,0.0,609781.06,AR-2023-0832,Collection
2023-04-09,1100,Accounts Receivable,371184.77,0.0,AR-2023-0904,
2023-04-09,4030,Revenue – Catering,0.0,371184.77,AR-2023-0904,
2023-04-09,5010,COGS – Beverages,76698.72,0.0,INV-2023-0353,
2023-04-09,2000,Accounts Payable,0.0,76698.72,INV-2023-0353,
2023-04-09,2000,Accounts Payable,158979.3,0.0,INV-2023-0632,Payment
2023-04-09,1000,Cash – SNB Operating SAR,0.0,158979.3,INV-2023-0632,Payment
2023-04-09,2000,Accounts Payable,95924.58,0.0,INV-2023-0721,Payment
2023-04-09,1000,Cash – SNB Operating SAR,0.0,95924.58,INV-2023-0721,Payment
2023-04-09,2000,Accounts Payable,104592.92,0.0,INV-2023-0730,Payment
2023-04-09,1000,Cash – SNB Operating SAR,0.0,104592.92,INV-2023-0730,Payment
2023-04-09,5020,COGS – Household,60624.63,0.0,INV-2023-0746,Antibiotics + analgesics — bulk SKUs
2023-04-09,2000,Accounts Payable,0.0,60624.63,INV-2023-0746,
2023-04-09,2000,Accounts Payable,244710.92,0.0,INV-2023-1028,Payment
2023-04-09,1000,Cash – SNB Operating SAR,0.0,244710.92,INV-2023-1028,Payment
2023-04-09,5100,Freight Inwards,46295.95,0.0,INV-2023-1191,
2023-04-09,2000,Accounts Payable,0.0,46295.95,INV-2023-1191,
2023-04-09,5020,COGS – Household,189974.4,0.0,INV-2023-1195,"Blister & carton packaging PKG-1101 — 24,672 units @ SAR 7.70 (CT-2023-466)"
2023-04-09,2000,Accounts Payable,0.0,189974.4,INV-2023-1195,
2023-04-10,1000,Cash – SNB Operating SAR,375491.43,0.0,AR-2023-0039,Collection
2023-04-10,1100,Accounts Receivable,0.0,375491.43,AR-2023-0039,Collection
2023-04-10,1100,Accounts Receivable,282714.9,0.0,AR-2023-0105,
2023-04-10,4000,Revenue – Modern Trade,0.0,282714.9,AR-2023-0105,
2023-04-10,1100,Accounts Receivable,472047.06,0.0,AR-2023-0399,
2023-04-10,4010,Revenue – Hospitality,0.0,472047.06,AR-2023-0399,
2023-04-10,1000,Cash – SNB Operating SAR,415853.27,0.0,AR-2023-0546,Collection
2023-04-10,1100,Accounts Receivable,0.0,415853.27,AR-2023-0546,Collection
2023-04-10,1000,Cash – SNB Operating SAR,861184.39,0.0,AR-2023-0561,Collection
2023-04-10,1100,Accounts Receivable,0.0,861184.39,AR-2023-0561,Collection
2023-04-10,1100,Accounts Receivable,252122.42,0.0,AR-2023-0576,
2023-04-10,4020,Revenue – Government,0.0,252122.42,AR-2023-0576,
2023-04-10,1000,Cash – SNB Operating SAR,113217.97,0.0,AR-2023-0854,Collection
2023-04-10,1100,Accounts Receivable,0.0,113217.97,AR-2023-0854,Collection
2023-04-10,5000,COGS – Food,175995.15,0.0,INV-2023-0132,Bulk SKUs — monthly replenishment
2023-04-10,2000,Accounts Payable,0.0,175995.15,INV-2023-0132,
2023-04-10,2000,Accounts Payable,136034.99,0.0,INV-2023-0209,Payment
2023-04-10,1000,Cash – SNB Operating SAR,0.0,136034.99,INV-2023-0209,Payment
2023-04-10,2000,Accounts Payable,108000.19,0.0,INV-2023-0220,Payment
2023-04-10,1000,Cash – SNB Operating SAR,0.0,108000.19,INV-2023-0220,Payment
2023-04-10,2000,Accounts Payable,156432.38,0.0,INV-2023-0397,Payment
2023-04-10,1000,Cash – SNB Operating SAR,0.0,156432.38,INV-2023-0397,Payment
2023-04-10,5010,COGS – Beverages,124394.83,0.0,INV-2023-0453,Antibiotics + analgesics — bulk SKUs
2023-04-10,2000,Accounts Payable,0.0,124394.83,INV-2023-0453,
2023-04-10,5020,COGS – Household,122003.63,0.0,INV-2023-0558,Antibiotics + analgesics — bulk SKUs
2023-04-10,2000,Accounts Payable,0.0,122003.63,INV-2023-0558,
2023-04-11,1000,Cash – SNB Operating SAR,618104.52,0.0,AR-2023-0571,Collection
2023-04-11,1100,Accounts Receivable,0.0,618104.52,AR-2023-0571,Collection
2023-04-11,1000,Cash – SNB Operating SAR,418607.78,0.0,AR-2023-0827,Collection
2023-04-11,1100,Accounts Receivable,0.0,418607.78,AR-2023-0827,Collection
2023-04-11,1100,Accounts Receivable,422962.54,0.0,AR-2023-0900,
2023-04-11,4030,Revenue – Catering,0.0,422962.54,AR-2023-0900,
2023-04-11,5000,COGS – Food,135716.21,0.0,INV-2023-0078,Antibiotics + analgesics — bulk SKUs
2023-04-11,2000,Accounts Payable,0.0,135716.21,INV-2023-0078,
2023-04-11,2000,Accounts Payable,174007.4,0.0,INV-2023-0282,Payment
2023-04-11,1000,Cash – SNB Operating SAR,0.0,174007.4,INV-2023-0282,Payment
2023-04-11,5010,COGS – Beverages,107843.5,0.0,INV-2023-0456,
2023-04-11,2000,Accounts Payable,0.0,107843.5,INV-2023-0456,
2023-04-11,5020,COGS – Household,104225.57,0.0,INV-2023-0584,
2023-04-11,2000,Accounts Payable,0.0,104225.57,INV-2023-0584,
2023-04-11,2000,Accounts Payable,86764.97,0.0,INV-2023-0589,Payment
2023-04-11,1000,Cash – SNB Operating SAR,0.0,86764.97,INV-2023-0589,Payment
2023-04-11,5020,COGS – Household,155138.18,0.0,INV-2023-0711,OTC & consumer health replenishment
2023-04-11,2000,Accounts Payable,0.0,155138.18,INV-2023-0711,
2023-04-11,2000,Accounts Payable,146097.59,0.0,INV-2023-0882,Payment
2023-04-11,1000,Cash – SNB Operating SAR,0.0,146097.59,INV-2023-0882,Payment
2023-04-11,6300,Logistics – 3PL,249834.59,0.0,INV-2023-0951,Line-haul & distribution services
2023-04-11,2000,Accounts Payable,0.0,249834.59,INV-2023-0951,
2023-04-12,1000,Cash – SNB Operating SAR,131275.81,0.0,AR-2023-0373,Collection
2023-04-12,1100,Accounts Receivable,0.0,131275.81,AR-2023-0373,Collection
2023-04-12,1100,Accounts Receivable,236686.48,0.0,AR-2023-0394,
2023-04-12,4010,Revenue – Hospitality,0.0,236686.48,AR-2023-0394,
2023-04-12,1000,Cash – SNB Operating SAR,323650.68,0.0,AR-2023-0549,Collection
2023-04-12,1100,Accounts Receivable,0.0,323650.68,AR-2023-0549,Collection
2023-04-12,1000,Cash – SNB Operating SAR,229261.13,0.0,AR-2023-0574,Collection
2023-04-12,1100,Accounts Receivable,0.0,229261.13,AR-2023-0574,Collection
2023-04-12,1100,Accounts Receivable,335050.83,0.0,AR-2023-0577,
2023-04-12,4020,Revenue – Government,0.0,335050.83,AR-2023-0577,
2023-04-12,1000,Cash – SNB Operating SAR,387713.98,0.0,AR-2023-0826,Collection
2023-04-12,1100,Accounts Receivable,0.0,387713.98,AR-2023-0826,Collection
2023-04-12,2000,Accounts Payable,117645.8,0.0,INV-2023-0091,Payment
2023-04-12,1000,Cash – SNB Operating SAR,0.0,117645.8,INV-2023-0091,Payment
2023-04-12,5000,COGS – Food,161543.22,0.0,INV-2023-0217,Bulk SKUs — monthly replenishment
2023-04-12,2000,Accounts Payable,0.0,161543.22,INV-2023-0217,
2023-04-12,2000,Accounts Payable,150109.03,0.0,INV-2023-0461,Payment
2023-04-12,1000,Cash – SNB Operating SAR,0.0,150109.03,INV-2023-0461,Payment
2023-04-12,2000,Accounts Payable,74742.48,0.0,INV-2023-0578,Payment
2023-04-12,1000,Cash – SNB Operating SAR,0.0,74742.48,INV-2023-0578,Payment
2023-04-12,2000,Accounts Payable,155543.81,0.0,INV-2023-0666,Payment
2023-04-12,1000,Cash – SNB Operating SAR,0.0,155543.81,INV-2023-0666,Payment
2023-04-12,2000,Accounts Payable,88357.65,0.0,INV-2023-0687,Payment
2023-04-12,1000,Cash – SNB Operating SAR,0.0,88357.65,INV-2023-0687,Payment
2023-04-12,2000,Accounts Payable,53381.01,0.0,INV-2023-1163,Payment
2023-04-12,1000,Cash – SNB Operating SAR,0.0,53381.01,INV-2023-1163,Payment
2023-04-12,6220,Professional Fees,40613.33,0.0,INV-2023-1164,
2023-04-12,2000,Accounts Payable,0.0,40613.33,INV-2023-1164,
2023-04-13,1000,Cash – SNB Operating SAR,417223.93,0.0,AR-2023-0027,Collection
2023-04-13,1100,Accounts Receivable,0.0,417223.93,AR-2023-0027,Collection
2023-04-13,1000,Cash – SNB Operating SAR,161598.11,0.0,AR-2023-0047,Collection
2023-04-13,1100,Accounts Receivable,0.0,161598.11,AR-2023-0047,Collection
2023-04-13,1000,Cash – SNB Operating SAR,794076.25,0.0,AR-2023-0375,Collection
2023-04-13,1100,Accounts Receivable,0.0,794076.25,AR-2023-0375,Collection
2023-04-13,1000,Cash – SNB Operating SAR,258179.05,0.0,AR-2023-0807,Collection
2023-04-13,1100,Accounts Receivable,0.0,258179.05,AR-2023-0807,Collection
2023-04-13,1100,Accounts Receivable,1113727.88,0.0,AR-2023-0908,
2023-04-13,4030,Revenue – Catering,0.0,1113727.88,AR-2023-0908,
2023-04-13,5010,COGS – Beverages,122044.74,0.0,INV-2023-0440,Bulk SKUs — monthly replenishment
2023-04-13,2000,Accounts Payable,0.0,122044.74,INV-2023-0440,
2023-04-13,5010,COGS – Beverages,87475.13,0.0,INV-2023-0537,OTC & consumer health replenishment
2023-04-13,2000,Accounts Payable,0.0,87475.13,INV-2023-0537,
2023-04-13,2000,Accounts Payable,132700.2,0.0,INV-2023-0749,Payment
2023-04-13,1000,Cash – SNB Operating SAR,0.0,132700.2,INV-2023-0749,Payment
2023-04-13,2000,Accounts Payable,150431.17,0.0,INV-2023-0961,Payment
2023-04-13,1000,Cash – SNB Operating SAR,0.0,150431.17,INV-2023-0961,Payment
2023-04-13,2000,Accounts Payable,234840.65,0.0,INV-2023-1011,Payment
2023-04-13,1000,Cash – SNB Operating SAR,0.0,234840.65,INV-2023-1011,Payment
2023-04-13,6300,Logistics – 3PL,275018.97,0.0,INV-2023-1016,Line-haul & distribution services
2023-04-13,2000,Accounts Payable,0.0,275018.97,INV-2023-1016,
2023-04-13,2000,Accounts Payable,74939.86,0.0,INV-2023-1156,Payment
2023-04-13,1000,Cash – SNB Operating SAR,0.0,74939.86,INV-2023-1156,Payment
2023-04-14,1000,Cash – SNB Operating SAR,51511.14,0.0,AR-2023-0030,Collection
2023-04-14,1100,Accounts Receivable,0.0,51511.14,AR-2023-0030,Collection
2023-04-14,1100,Accounts Receivable,1029762.71,0.0,AR-2023-0400,
2023-04-14,4010,Revenue – Hospitality,0.0,1029762.71,AR-2023-0400,
2023-04-14,1000,Cash – SNB Operating SAR,417689.71,0.0,AR-2023-0552,Collection
2023-04-14,1100,Accounts Receivable,0.0,417689.71,AR-2023-0552,Collection
2023-04-14,1100,Accounts Receivable,274029.86,0.0,AR-2023-0582,
2023-04-14,4020,Revenue – Government,0.0,274029.86,AR-2023-0582,
2023-04-14,1100,Accounts Receivable,338850.38,0.0,AR-2023-0587,
2023-04-14,4020,Revenue – Government,0.0,338850.38,AR-2023-0587,
2023-04-14,1100,Accounts Receivable,851596.96,0.0,AR-2023-0588,
2023-04-14,4020,Revenue – Government,0.0,851596.96,AR-2023-0588,
2023-04-14,2000,Accounts Payable,159543.86,0.0,INV-2023-0101,Payment
2023-04-14,1000,Cash – SNB Operating SAR,0.0,159543.86,INV-2023-0101,Payment
2023-04-14,5020,COGS – Household,94748.68,0.0,INV-2023-0653,
2023-04-14,2000,Accounts Payable,0.0,94748.68,INV-2023-0653,
2023-04-14,5020,COGS – Household,107432.67,0.0,INV-2023-0739,
2023-04-14,2000,Accounts Payable,0.0,107432.67,INV-2023-0739,
2023-04-14,2000,Accounts Payable,130755.97,0.0,INV-2023-0865,Payment
2023-04-14,1000,Cash – SNB Operating SAR,0.0,130755.97,INV-2023-0865,Payment
2023-04-14,2000,Accounts Payable,221311.46,0.0,INV-2023-1022,Payment
2023-04-14,1000,Cash – SNB Operating SAR,0.0,221311.46,INV-2023-1022,Payment
2023-04-15,1100,Accounts Receivable,447810.19,0.0,AR-2023-0095,
2023-04-15,4000,Revenue – Modern Trade,0.0,447810.19,AR-2023-0095,
2023-04-15,1100,Accounts Receivable,760706.29,0.0,AR-2023-0100,
2023-04-15,4000,Revenue – Modern Trade,0.0,760706.29,AR-2023-0100,
2023-04-15,1100,Accounts Receivable,337337.09,0.0,AR-2023-0584,
2023-04-15,4020,Revenue – Government,0.0,337337.09,AR-2023-0584,
2023-04-15,1000,Cash – SNB Operating SAR,133026.21,0.0,AR-2023-0812,Collection
2023-04-15,1100,Accounts Receivable,0.0,133026.21,AR-2023-0812,Collection
2023-04-15,1000,Cash – SNB Operating SAR,123724.85,0.0,AR-2023-0845,Collection
2023-04-15,1100,Accounts Receivable,0.0,123724.85,AR-2023-0845,Collection
2023-04-15,1000,Cash – SNB Operating SAR,1266919.95,0.0,AR-2023-0848,Collection
2023-04-15,1100,Accounts Receivable,0.0,1266919.95,AR-2023-0848,Collection
2023-04-15,1000,Cash – SNB Operating SAR,515890.38,0.0,AR-2023-0859,Collection
2023-04-15,1100,Accounts Receivable,0.0,515890.38,AR-2023-0859,Collection
2023-04-15,1000,Cash – SNB Operating SAR,1223133.55,0.0,AR-2023-0880,Collection
2023-04-15,1100,Accounts Receivable,0.0,1223133.55,AR-2023-0880,Collection
2023-04-15,1100,Accounts Receivable,145576.98,0.0,AR-2023-0913,
2023-04-15,4030,Revenue – Catering,0.0,145576.98,AR-2023-0913,
2023-04-15,5000,COGS – Food,170979.22,0.0,INV-2023-0285,
2023-04-15,2000,Accounts Payable,0.0,170979.22,INV-2023-0285,
2023-04-15,5020,COGS – Household,174279.95,0.0,INV-2023-0601,Antibiotics + analgesics — bulk SKUs
2023-04-15,2000,Accounts Payable,0.0,174279.95,INV-2023-0601,
2023-04-15,5020,COGS – Household,73728.3,0.0,INV-2023-0704,
2023-04-15,2000,Accounts Payable,0.0,73728.3,INV-2023-0704,
2023-04-15,5030,COGS – Cosmetics,147158.88,0.0,INV-2023-0816,OTC & consumer health replenishment
2023-04-15,2000,Accounts Payable,0.0,147158.88,INV-2023-0816,
2023-04-16,1000,Cash – SNB Operating SAR,720439.96,0.0,AR-2023-0072,Collection
2023-04-16,1100,Accounts Receivable,0.0,720439.96,AR-2023-0072,Collection
2023-04-16,1000,Cash – SNB Operating SAR,389415.2,0.0,AR-2023-0078,Collection
2023-04-16,1100,Accounts Receivable,0.0,389415.2,AR-2023-0078,Collection
2023-04-16,1100,Accounts Receivable,508088.47,0.0,AR-2023-0099,
2023-04-16,4000,Revenue – Modern Trade,0.0,508088.47,AR-2023-0099,
2023-04-16,1100,Accounts Receivable,440356.11,0.0,AR-2023-0106,
2023-04-16,4000,Revenue – Modern Trade,0.0,440356.11,AR-2023-0106,
2023-04-16,1100,Accounts Receivable,257624.36,0.0,AR-2023-0392,
2023-04-16,4010,Revenue – Hospitality,0.0,257624.36,AR-2023-0392,
2023-04-16,1000,Cash – SNB Operating SAR,427525.61,0.0,AR-2023-0556,Collection
2023-04-16,1100,Accounts Receivable,0.0,427525.61,AR-2023-0556,Collection
2023-04-16,1100,Accounts Receivable,1119345.57,0.0,AR-2023-0578,
2023-04-16,4020,Revenue – Government,0.0,1119345.57,AR-2023-0578,
2023-04-16,1100,Accounts Receivable,225663.71,0.0,AR-2023-0915,
2023-04-16,4030,Revenue – Catering,0.0,225663.71,AR-2023-0915,
2023-04-16,2000,Accounts Payable,327431.52,0.0,INV-2023-0949,Payment
2023-04-16,1000,Cash – SNB Operating SAR,0.0,327431.52,INV-2023-0949,Payment
2023-04-16,2000,Accounts Payable,156003.41,0.0,INV-2023-0950,Payment
2023-04-16,1000,Cash – SNB Operating SAR,0.0,156003.41,INV-2023-0950,Payment
2023-04-16,2000,Accounts Payable,269093.04,0.0,INV-2023-0965,Payment
2023-04-16,1000,Cash – SNB Operating SAR,0.0,269093.04,INV-2023-0965,Payment
2023-04-16,2000,Accounts Payable,57096.61,0.0,INV-2023-1169,Payment
2023-04-16,1000,Cash – SNB Operating SAR,0.0,57096.61,INV-2023-1169,Payment
2023-04-17,1000,Cash – SNB Operating SAR,115275.95,0.0,AR-2023-0049,Collection
2023-04-17,1100,Accounts Receivable,0.0,115275.95,AR-2023-0049,Collection
2023-04-17,1000,Cash – SNB Operating SAR,425304.26,0.0,AR-2023-0557,Collection
2023-04-17,1100,Accounts Receivable,0.0,425304.26,AR-2023-0557,Collection
2023-04-17,1000,Cash – SNB Operating SAR,475338.74,0.0,AR-2023-0816,Collection
2023-04-17,1100,Accounts Receivable,0.0,475338.74,AR-2023-0816,Collection
2023-04-17,1100,Accounts Receivable,337060.06,0.0,AR-2023-0890,
2023-04-17,4030,Revenue – Catering,0.0,337060.06,AR-2023-0890,
2023-04-17,5000,COGS – Food,107774.66,0.0,INV-2023-0099,Antibiotics + analgesics — bulk SKUs
2023-04-17,2000,Accounts Payable,0.0,107774.66,INV-2023-0099,
2023-04-17,5000,COGS – Food,179592.82,0.0,INV-2023-0277,OTC & consumer health replenishment
2023-04-17,2000,Accounts Payable,0.0,179592.82,INV-2023-0277,
2023-04-17,5010,COGS – Beverages,67526.95,0.0,INV-2023-0359,OTC & consumer health replenishment
2023-04-17,2000,Accounts Payable,0.0,67526.95,INV-2023-0359,
2023-04-17,5010,COGS – Beverages,162254.72,0.0,INV-2023-0477,
2023-04-17,2000,Accounts Payable,0.0,162254.72,INV-2023-0477,
2023-04-17,5030,COGS – Cosmetics,113525.25,0.0,INV-2023-0897,Antibiotics + analgesics — bulk SKUs
2023-04-17,2000,Accounts Payable,0.0,113525.25,INV-2023-0897,
2023-04-17,2000,Accounts Payable,46841.92,0.0,INV-2023-1116,Payment
2023-04-17,1000,Cash – SNB Operating SAR,0.0,46841.92,INV-2023-1116,Payment
2023-04-18,1000,Cash – SNB Operating SAR,138171.56,0.0,AR-2023-0044,Collection
2023-04-18,1100,Accounts Receivable,0.0,138171.56,AR-2023-0044,Collection
2023-04-18,1100,Accounts Receivable,578602.21,0.0,AR-2023-0098,
2023-04-18,4000,Revenue – Modern Trade,0.0,578602.21,AR-2023-0098,
2023-04-18,1100,Accounts Receivable,329527.37,0.0,AR-2023-0102,
2023-04-18,4000,Revenue – Modern Trade,0.0,329527.37,AR-2023-0102,
2023-04-18,1100,Accounts Receivable,811321.41,0.0,AR-2023-0396,
2023-04-18,4010,Revenue – Hospitality,0.0,811321.41,AR-2023-0396,
2023-04-18,1100,Accounts Receivable,1029762.71,0.0,AR-2023-0401,
2023-04-18,4010,Revenue – Hospitality,0.0,1029762.71,AR-2023-0401,
2023-04-18,1100,Accounts Receivable,357007.52,0.0,AR-2023-0403,
2023-04-18,4010,Revenue – Hospitality,0.0,357007.52,AR-2023-0403,
2023-04-18,1000,Cash – SNB Operating SAR,1023502.9,0.0,AR-2023-0819,Collection
2023-04-18,1100,Accounts Receivable,0.0,1023502.9,AR-2023-0819,Collection
2023-04-18,1100,Accounts Receivable,214207.95,0.0,AR-2023-0886,
2023-04-18,4030,Revenue – Catering,0.0,214207.95,AR-2023-0886,
2023-04-18,5010,COGS – Beverages,153513.59,0.0,INV-2023-0463,Bulk SKUs — monthly replenishment
2023-04-18,2000,Accounts Payable,0.0,153513.59,INV-2023-0463,
2023-04-18,2000,Accounts Payable,114338.3,0.0,INV-2023-0470,Payment
2023-04-18,1000,Cash – SNB Operating SAR,0.0,114338.3,INV-2023-0470,Payment
2023-04-18,2000,Accounts Payable,92570.0,0.0,INV-2023-0548,Payment
2023-04-18,1000,Cash – SNB Operating SAR,0.0,92570.0,INV-2023-0548,Payment
2023-04-18,2000,Accounts Payable,169005.38,0.0,INV-2023-0592,Payment
2023-04-18,1000,Cash – SNB Operating SAR,0.0,169005.38,INV-2023-0592,Payment
2023-04-18,2000,Accounts Payable,60918.79,0.0,INV-2023-0798,Payment
2023-04-18,1000,Cash – SNB Operating SAR,0.0,60918.79,INV-2023-0798,Payment
2023-04-18,2000,Accounts Payable,70859.82,0.0,INV-2023-1134,Payment
2023-04-18,1000,Cash – SNB Operating SAR,0.0,70859.82,INV-2023-1134,Payment
2023-04-19,1100,Accounts Receivable,823294.62,0.0,AR-2023-0089,
2023-04-19,4000,Revenue – Modern Trade,0.0,823294.62,AR-2023-0089,
2023-04-19,1100,Accounts Receivable,575615.83,0.0,AR-2023-0104,
2023-04-19,4000,Revenue – Modern Trade,0.0,575615.83,AR-2023-0104,
2023-04-19,1000,Cash – SNB Operating SAR,374219.52,0.0,AR-2023-0535,Collection
2023-04-19,1100,Accounts Receivable,0.0,374219.52,AR-2023-0535,Collection
2023-04-19,1100,Accounts Receivable,100963.07,0.0,AR-2023-0897,
2023-04-19,4030,Revenue – Catering,0.0,100963.07,AR-2023-0897,
2023-04-19,1100,Accounts Receivable,527366.03,0.0,AR-2023-0902,
2023-04-19,4030,Revenue – Catering,0.0,527366.03,AR-2023-0902,
2023-04-19,5000,COGS – Food,62821.02,0.0,INV-2023-0149,Bulk SKUs — monthly replenishment
2023-04-19,2000,Accounts Payable,0.0,62821.02,INV-2023-0149,
2023-04-19,2000,Accounts Payable,78517.2,0.0,INV-2023-0475,Payment
2023-04-19,1000,Cash – SNB Operating SAR,0.0,78517.2,INV-2023-0475,Payment
2023-04-19,2000,Accounts Payable,118389.7,0.0,INV-2023-0563,Payment
2023-04-19,1000,Cash – SNB Operating SAR,0.0,118389.7,INV-2023-0563,Payment
2023-04-19,6300,Logistics – 3PL,110761.21,0.0,INV-2023-0963,Line-haul & distribution services
2023-04-19,2000,Accounts Payable,0.0,110761.21,INV-2023-0963,
2023-04-20,1000,Cash – SNB Operating SAR,639993.43,0.0,AR-2023-0067,Collection
2023-04-20,1100,Accounts Receivable,0.0,639993.43,AR-2023-0067,Collection
2023-04-20,1100,Accounts Receivable,947663.94,0.0,AR-2023-0094,
2023-04-20,4000,Revenue – Modern Trade,0.0,947663.94,AR-2023-0094,
2023-04-20,1100,Accounts Receivable,241954.26,0.0,AR-2023-0096,
2023-04-20,4000,Revenue – Modern Trade,0.0,241954.26,AR-2023-0096,
2023-04-20,1100,Accounts Receivable,1038874.92,0.0,AR-2023-0107,
2023-04-20,4000,Revenue – Modern Trade,0.0,1038874.92,AR-2023-0107,
2023-04-20,1100,Accounts Receivable,412962.2,0.0,AR-2023-0393,
2023-04-20,4010,Revenue – Hospitality,0.0,412962.2,AR-2023-0393,
2023-04-20,1000,Cash – SNB Operating SAR,609868.85,0.0,AR-2023-0543,Collection
2023-04-20,1100,Accounts Receivable,0.0,609868.85,AR-2023-0543,Collection
2023-04-20,1000,Cash – SNB Operating SAR,264451.31,0.0,AR-2023-0818,Collection
2023-04-20,1100,Accounts Receivable,0.0,264451.31,AR-2023-0818,Collection
2023-04-20,1000,Cash – SNB Operating SAR,780477.06,0.0,AR-2023-0835,Collection
2023-04-20,1100,Accounts Receivable,0.0,780477.06,AR-2023-0835,Collection
2023-04-20,1000,Cash – SNB Operating SAR,1266919.95,0.0,AR-2023-0844,Collection
2023-04-20,1100,Accounts Receivable,0.0,1266919.95,AR-2023-0844,Collection
2023-04-20,1000,Cash – SNB Operating SAR,342516.71,0.0,AR-2023-0881,Collection
2023-04-20,1100,Accounts Receivable,0.0,342516.71,AR-2023-0881,Collection
2023-04-20,5000,COGS – Food,100876.1,0.0,INV-2023-0105,
2023-04-20,2000,Accounts Payable,0.0,100876.1,INV-2023-0105,
2023-04-20,5000,COGS – Food,112886.92,0.0,INV-2023-0160,
2023-04-20,2000,Accounts Payable,0.0,112886.92,INV-2023-0160,
2023-04-20,2000,Accounts Payable,122791.47,0.0,INV-2023-0317,Payment
2023-04-20,1000,Cash – SNB Operating SAR,0.0,122791.47,INV-2023-0317,Payment
2023-04-20,5010,COGS – Beverages,171223.97,0.0,INV-2023-0357,Bulk SKUs — monthly replenishment
2023-04-20,2000,Accounts Payable,0.0,171223.97,INV-2023-0357,
2023-04-20,5010,COGS – Beverages,129128.38,0.0,INV-2023-0514,OTC & consumer health replenishment
2023-04-20,2000,Accounts Payable,0.0,129128.38,INV-2023-0514,
2023-04-20,2000,Accounts Payable,117021.81,0.0,INV-2023-0618,Payment
2023-04-20,1000,Cash – SNB Operating SAR,0.0,117021.81,INV-2023-0618,Payment
2023-04-20,5020,COGS – Household,107562.92,0.0,INV-2023-0701,
2023-04-20,2000,Accounts Payable,0.0,107562.92,INV-2023-0701,
2023-04-20,5030,COGS – Cosmetics,168138.18,0.0,INV-2023-0769,Antibiotics + analgesics — bulk SKUs
2023-04-20,2000,Accounts Payable,0.0,168138.18,INV-2023-0769,
2023-04-20,2000,Accounts Payable,102631.71,0.0,INV-2023-0843,Payment
2023-04-20,1000,Cash – SNB Operating SAR,0.0,102631.71,INV-2023-0843,Payment
2023-04-20,2000,Accounts Payable,100525.81,0.0,INV-2023-1061,Payment
2023-04-20,1000,Cash – SNB Operating SAR,0.0,100525.81,INV-2023-1061,Payment
2023-04-21,1000,Cash – SNB Operating SAR,93605.16,0.0,AR-2023-0065,Collection
2023-04-21,1100,Accounts Receivable,0.0,93605.16,AR-2023-0065,Collection
2023-04-21,1100,Accounts Receivable,678164.33,0.0,AR-2023-0101,
2023-04-21,4000,Revenue – Modern Trade,0.0,678164.33,AR-2023-0101,
2023-04-21,1100,Accounts Receivable,127791.91,0.0,AR-2023-0391,
2023-04-21,4010,Revenue – Hospitality,0.0,127791.91,AR-2023-0391,
2023-04-21,1000,Cash – SNB Operating SAR,358457.91,0.0,AR-2023-0548,Collection
2023-04-21,1100,Accounts Receivable,0.0,358457.91,AR-2023-0548,Collection
2023-04-21,1000,Cash – SNB Operating SAR,424865.36,0.0,AR-2023-0560,Collection
2023-04-21,1100,Accounts Receivable,0.0,424865.36,AR-2023-0560,Collection
2023-04-21,1000,Cash – SNB Operating SAR,109416.93,0.0,AR-2023-0824,Collection
2023-04-21,1100,Accounts Receivable,0.0,109416.93,AR-2023-0824,Collection
2023-04-21,1000,Cash – SNB Operating SAR,342580.65,0.0,AR-2023-0875,Collection
2023-04-21,1100,Accounts Receivable,0.0,342580.65,AR-2023-0875,Collection
2023-04-21,1100,Accounts Receivable,1113727.88,0.0,AR-2023-0910,
2023-04-21,4030,Revenue – Catering,0.0,1113727.88,AR-2023-0910,
2023-04-21,2000,Accounts Payable,482989.65,0.0,INV-2023-0019,Payment
2023-04-21,1000,Cash – SNB Operating SAR,0.0,482989.65,INV-2023-0019,Payment
2023-04-21,5000,COGS – Food,177901.51,0.0,INV-2023-0266,Antibiotics + analgesics — bulk SKUs
2023-04-21,2000,Accounts Payable,0.0,177901.51,INV-2023-0266,
2023-04-21,5030,COGS – Cosmetics,180086.96,0.0,INV-2023-0782,OTC & consumer health replenishment
2023-04-21,2000,Accounts Payable,0.0,180086.96,INV-2023-0782,
2023-04-21,2000,Accounts Payable,77708.18,0.0,INV-2023-0791,Payment
2023-04-21,1000,Cash – SNB Operating SAR,0.0,77708.18,INV-2023-0791,Payment
2023-04-21,2000,Accounts Payable,70227.85,0.0,INV-2023-0818,Payment
2023-04-21,1000,Cash – SNB Operating SAR,0.0,70227.85,INV-2023-0818,Payment
2023-04-21,2000,Accounts Payable,374637.24,0.0,INV-2023-0970,Payment
2023-04-21,1000,Cash – SNB Operating SAR,0.0,374637.24,INV-2023-0970,Payment
2023-04-22,1000,Cash – SNB Operating SAR,766075.76,0.0,AR-2023-0040,Collection
2023-04-22,1100,Accounts Receivable,0.0,766075.76,AR-2023-0040,Collection
2023-04-22,1000,Cash – SNB Operating SAR,145291.66,0.0,AR-2023-0073,Collection
2023-04-22,1100,Accounts Receivable,0.0,145291.66,AR-2023-0073,Collection
2023-04-22,1100,Accounts Receivable,214686.47,0.0,AR-2023-0901,
2023-04-22,4030,Revenue – Catering,0.0,214686.47,AR-2023-0901,
2023-04-22,5000,COGS – Food,164720.22,0.0,INV-2023-0155,
2023-04-22,2000,Accounts Payable,0.0,164720.22,INV-2023-0155,
2023-04-22,5020,COGS – Household,96100.58,0.0,INV-2023-0688,
2023-04-22,2000,Accounts Payable,0.0,96100.58,INV-2023-0688,
2023-04-22,2000,Accounts Payable,97908.8,0.0,INV-2023-0864,Payment
2023-04-22,1000,Cash – SNB Operating SAR,0.0,97908.8,INV-2023-0864,Payment
2023-04-23,1000,Cash – SNB Operating SAR,284819.47,0.0,AR-2023-0051,Collection
2023-04-23,1100,Accounts Receivable,0.0,284819.47,AR-2023-0051,Collection
2023-04-23,1000,Cash – SNB Operating SAR,227822.17,0.0,AR-2023-0069,Collection
2023-04-23,1100,Accounts Receivable,0.0,227822.17,AR-2023-0069,Collection
2023-04-23,1100,Accounts Receivable,421944.37,0.0,AR-2023-0087,
2023-04-23,4000,Revenue – Modern Trade,0.0,421944.37,AR-2023-0087,
2023-04-23,1100,Accounts Receivable,403874.48,0.0,AR-2023-0088,
2023-04-23,4000,Revenue – Modern Trade,0.0,403874.48,AR-2023-0088,
2023-04-23,1000,Cash – SNB Operating SAR,264764.86,0.0,AR-2023-0550,Collection
2023-04-23,1100,Accounts Receivable,0.0,264764.86,AR-2023-0550,Collection
2023-04-23,1000,Cash – SNB Operating SAR,580133.51,0.0,AR-2023-0569,Collection
2023-04-23,1100,Accounts Receivable,0.0,580133.51,AR-2023-0569,Collection
2023-04-23,1100,Accounts Receivable,1113727.88,0.0,AR-2023-0894,
2023-04-23,4030,Revenue – Catering,0.0,1113727.88,AR-2023-0894,
2023-04-23,1100,Accounts Receivable,1037471.01,0.0,AR-2023-0905,
2023-04-23,4030,Revenue – Catering,0.0,1037471.01,AR-2023-0905,
2023-04-23,1100,Accounts Receivable,406630.07,0.0,AR-2023-0911,
2023-04-23,4030,Revenue – Catering,0.0,406630.07,AR-2023-0911,
2023-04-23,1100,Accounts Receivable,163230.39,0.0,AR-2023-0912,
2023-04-23,4030,Revenue – Catering,0.0,163230.39,AR-2023-0912,
2023-04-23,1100,Accounts Receivable,852671.46,0.0,AR-2023-0914,
2023-04-23,4030,Revenue – Catering,0.0,852671.46,AR-2023-0914,
2023-04-23,2000,Accounts Payable,68537.21,0.0,INV-2023-0415,Payment
2023-04-23,1000,Cash – SNB Operating SAR,0.0,68537.21,INV-2023-0415,Payment
2023-04-23,5010,COGS – Beverages,108120.23,0.0,INV-2023-0447,Antibiotics + analgesics — bulk SKUs
2023-04-23,2000,Accounts Payable,0.0,108120.23,INV-2023-0447,
2023-04-23,2000,Accounts Payable,123344.77,0.0,INV-2023-0639,Payment
2023-04-23,1000,Cash – SNB Operating SAR,0.0,123344.77,INV-2023-0639,Payment
2023-04-23,2000,Accounts Payable,154860.82,0.0,INV-2023-0895,Payment
2023-04-23,1000,Cash – SNB Operating SAR,0.0,154860.82,INV-2023-0895,Payment
2023-04-23,2000,Accounts Payable,146932.93,0.0,INV-2023-1067,Payment
2023-04-23,1000,Cash – SNB Operating SAR,0.0,146932.93,INV-2023-1067,Payment
2023-04-24,1000,Cash – SNB Operating SAR,564745.36,0.0,AR-2023-0063,Collection
2023-04-24,1100,Accounts Receivable,0.0,564745.36,AR-2023-0063,Collection
2023-04-24,1000,Cash – SNB Operating SAR,296853.03,0.0,AR-2023-0867,Collection
2023-04-24,1100,Accounts Receivable,0.0,296853.03,AR-2023-0867,Collection
2023-04-24,5010,COGS – Beverages,143794.47,0.0,INV-2023-0340,Antibiotics + analgesics — bulk SKUs
2023-04-24,2000,Accounts Payable,0.0,143794.47,INV-2023-0340,
2023-04-24,5020,COGS – Household,140097.39,0.0,INV-2023-0622,Antibiotics + analgesics — bulk SKUs
2023-04-24,2000,Accounts Payable,0.0,140097.39,INV-2023-0622,
2023-04-24,2000,Accounts Payable,78952.45,0.0,INV-2023-0767,Payment
2023-04-24,1000,Cash – SNB Operating SAR,0.0,78952.45,INV-2023-0767,Payment
2023-04-24,2000,Accounts Payable,800809.41,0.0,INV-2023-1077,Payment
2023-04-24,1000,Cash – SNB Operating SAR,0.0,800809.41,INV-2023-1077,Payment
2023-04-24,2000,Accounts Payable,32356.5,0.0,INV-2023-1114,Payment
2023-04-24,1000,Cash – SNB Operating SAR,0.0,32356.5,INV-2023-1114,Payment
2023-04-24,1020,Cash – ANB Payroll SAR,3480791.75,0.0,JE-20230401,Transfer SNB -> ANB payroll funding
2023-04-24,1000,Cash – SNB Operating SAR,0.0,3480791.75,JE-20230401,Transfer SNB -> ANB payroll funding
2023-04-25,1000,Cash – SNB Operating SAR,1031454.55,0.0,AR-2023-0033,Collection
2023-04-25,1100,Accounts Receivable,0.0,1031454.55,AR-2023-0033,Collection
2023-04-25,1000,Cash – SNB Operating SAR,366113.29,0.0,AR-2023-0038,Collection
2023-04-25,1100,Accounts Receivable,0.0,366113.29,AR-2023-0038,Collection
2023-04-25,1000,Cash – SNB Operating SAR,978142.63,0.0,AR-2023-0068,Collection
2023-04-25,1100,Accounts Receivable,0.0,978142.63,AR-2023-0068,Collection
2023-04-25,1100,Accounts Receivable,284845.77,0.0,AR-2023-0109,
2023-04-25,4000,Revenue – Modern Trade,0.0,284845.77,AR-2023-0109,
2023-04-25,1000,Cash – SNB Operating SAR,540537.83,0.0,AR-2023-0370,Collection
2023-04-25,1100,Accounts Receivable,0.0,540537.83,AR-2023-0370,Collection
2023-04-25,1000,Cash – SNB Operating SAR,713687.48,0.0,AR-2023-0372,Collection
2023-04-25,1100,Accounts Receivable,0.0,713687.48,AR-2023-0372,Collection
2023-04-25,1100,Accounts Receivable,1119345.57,0.0,AR-2023-0590,
2023-04-25,4020,Revenue – Government,0.0,1119345.57,AR-2023-0590,
2023-04-25,1000,Cash – SNB Operating SAR,228713.63,0.0,AR-2023-0831,Collection
2023-04-25,1100,Accounts Receivable,0.0,228713.63,AR-2023-0831,Collection
2023-04-25,1000,Cash – SNB Operating SAR,38558.94,0.0,AR-2023-0861,Collection
2023-04-25,1100,Accounts Receivable,0.0,38558.94,AR-2023-0861,Collection
2023-04-25,5000,COGS – Food,94533.08,0.0,INV-2023-0167,Bulk SKUs — monthly replenishment
2023-04-25,2000,Accounts Payable,0.0,94533.08,INV-2023-0167,
2023-04-25,5000,COGS – Food,130735.1,0.0,INV-2023-0198,OTC & consumer health replenishment
2023-04-25,2000,Accounts Payable,0.0,130735.1,INV-2023-0198,
2023-04-25,5000,COGS – Food,176498.23,0.0,INV-2023-0228,
2023-04-25,2000,Accounts Payable,0.0,176498.23,INV-2023-0228,
2023-04-25,2000,Accounts Payable,127187.26,0.0,INV-2023-0290,Payment
2023-04-25,1000,Cash – SNB Operating SAR,0.0,127187.26,INV-2023-0290,Payment
2023-04-25,6000,Salaries & Wages,3158613.2,0.0,PAY-2023-04,Payroll batch
2023-04-25,6020,GOSI Contributions,322178.55,0.0,PAY-2023-04,Payroll batch
2023-04-25,2110,Accrued Payroll,0.0,3480791.75,PAY-2023-04,Payroll batch
2023-04-26,1000,Cash – SNB Operating SAR,1266919.95,0.0,AR-2023-0809,Collection
2023-04-26,1100,Accounts Receivable,0.0,1266919.95,AR-2023-0809,Collection
2023-04-26,1000,Cash – SNB Operating SAR,294428.8,0.0,AR-2023-0857,Collection
2023-04-26,1100,Accounts Receivable,0.0,294428.8,AR-2023-0857,Collection
2023-04-26,1000,Cash – SNB Operating SAR,200872.64,0.0,AR-2023-0858,Collection
2023-04-26,1100,Accounts Receivable,0.0,200872.64,AR-2023-0858,Collection
2023-04-26,5010,COGS – Beverages,149775.76,0.0,INV-2023-0378,Antibiotics + analgesics — bulk SKUs
2023-04-26,2000,Accounts Payable,0.0,149775.76,INV-2023-0378,
2023-04-26,2000,Accounts Payable,112190.45,0.0,INV-2023-0542,Payment
2023-04-26,1000,Cash – SNB Operating SAR,0.0,112190.45,INV-2023-0542,Payment
2023-04-26,5020,COGS – Household,154154.8,0.0,INV-2023-0732,
2023-04-26,2000,Accounts Payable,0.0,154154.8,INV-2023-0732,
2023-04-26,2000,Accounts Payable,112741.8,0.0,INV-2023-0909,Payment
2023-04-26,1000,Cash – SNB Operating SAR,0.0,112741.8,INV-2023-0909,Payment
2023-04-26,2000,Accounts Payable,848885.66,0.0,INV-2023-1089,Payment
2023-04-26,1000,Cash – SNB Operating SAR,0.0,848885.66,INV-2023-1089,Payment
2023-04-26,2110,Accrued Payroll,3480791.75,0.0,PAY-2023-04,Payroll settlement
2023-04-26,1020,Cash – ANB Payroll SAR,0.0,3480791.75,PAY-2023-04,Payroll settlement
2023-04-27,1000,Cash – SNB Operating SAR,619577.03,0.0,AR-2023-0388,Collection
2023-04-27,1100,Accounts Receivable,0.0,619577.03,AR-2023-0388,Collection
2023-04-27,1100,Accounts Receivable,138652.63,0.0,AR-2023-0583,
2023-04-27,4020,Revenue – Government,0.0,138652.63,AR-2023-0583,
2023-04-27,1000,Cash – SNB Operating SAR,242174.07,0.0,AR-2023-0841,Collection
2023-04-27,1100,Accounts Receivable,0.0,242174.07,AR-2023-0841,Collection
2023-04-27,1000,Cash – SNB Operating SAR,452151.63,0.0,AR-2023-0849,Collection
2023-04-27,1100,Accounts Receivable,0.0,452151.63,AR-2023-0849,Collection
2023-04-27,1100,Accounts Receivable,138408.43,0.0,AR-2023-0887,
2023-04-27,4030,Revenue – Catering,0.0,138408.43,AR-2023-0887,
2023-04-27,1100,Accounts Receivable,347967.12,0.0,AR-2023-0916,
2023-04-27,4030,Revenue – Catering,0.0,347967.12,AR-2023-0916,
2023-04-27,2000,Accounts Payable,144480.59,0.0,INV-2023-0655,Payment
2023-04-27,1000,Cash – SNB Operating SAR,0.0,144480.59,INV-2023-0655,Payment
2023-04-27,6200,Marketing & Advertising,57522.82,0.0,INV-2023-1117,
2023-04-27,2000,Accounts Payable,0.0,57522.82,INV-2023-1117,
2023-04-27,6220,Professional Fees,64455.92,0.0,INV-2023-1179,
2023-04-27,2000,Accounts Payable,0.0,64455.92,INV-2023-1179,
2023-04-27,2900,Intercompany – Group Treasury Sweep,23249461.2,0.0,JE-20230490,Treasury sweep to Tamween Holdco cash pool
2023-04-27,1000,Cash – SNB Operating SAR,0.0,23249461.2,JE-20230490,Treasury sweep to Tamween Holdco cash pool
2023-04-28,1000,Cash – SNB Operating SAR,75888.17,0.0,AR-2023-0090,Collection
2023-04-28,1100,Accounts Receivable,0.0,75888.17,AR-2023-0090,Collection
2023-04-28,1000,Cash – SNB Operating SAR,651375.5,0.0,AR-2023-0387,Collection
2023-04-28,1100,Accounts Receivable,0.0,651375.5,AR-2023-0387,Collection
2023-04-28,1100,Accounts Receivable,410046.66,0.0,AR-2023-0395,
2023-04-28,4010,Revenue – Hospitality,0.0,410046.66,AR-2023-0395,
2023-04-28,1000,Cash – SNB Operating SAR,176708.69,0.0,AR-2023-0553,Collection
2023-04-28,1100,Accounts Receivable,0.0,176708.69,AR-2023-0553,Collection
2023-04-28,1000,Cash – SNB Operating SAR,1057170.31,0.0,AR-2023-0570,Collection
2023-04-28,1100,Accounts Receivable,0.0,1057170.31,AR-2023-0570,Collection
2023-04-28,1100,Accounts Receivable,602211.73,0.0,AR-2023-0591,
2023-04-28,4020,Revenue – Government,0.0,602211.73,AR-2023-0591,
2023-04-28,1000,Cash – SNB Operating SAR,207067.4,0.0,AR-2023-0821,Collection
2023-04-28,1100,Accounts Receivable,0.0,207067.4,AR-2023-0821,Collection
2023-04-28,2000,Accounts Payable,425225.29,0.0,INV-2023-0020,Payment
2023-04-28,1000,Cash – SNB Operating SAR,0.0,425225.29,INV-2023-0020,Payment
2023-04-28,2000,Accounts Payable,74618.27,0.0,INV-2023-0459,Payment
2023-04-28,1000,Cash – SNB Operating SAR,0.0,74618.27,INV-2023-0459,Payment
2023-04-28,5020,COGS – Household,89202.74,0.0,INV-2023-0648,
2023-04-28,2000,Accounts Payable,0.0,89202.74,INV-2023-0648,
2023-04-28,6500,Depreciation Expense,400000.0,0.0,DEP-2023-04,PPE monthly depreciation accrual
2023-04-28,1510,Accumulated Depreciation – PPE,0.0,400000.0,DEP-2023-04,PPE monthly depreciation accrual
2023-04-29,1000,Cash – SNB Operating SAR,679885.49,0.0,AR-2023-0056,Collection
2023-04-29,1100,Accounts Receivable,0.0,679885.49,AR-2023-0056,Collection
2023-04-29,1000,Cash – SNB Operating SAR,294824.7,0.0,AR-2023-0563,Collection
2023-04-29,1100,Accounts Receivable,0.0,294824.7,AR-2023-0563,Collection
2023-04-29,2000,Accounts Payable,89184.93,0.0,INV-2023-0485,Payment
2023-04-29,1000,Cash – SNB Operating SAR,0.0,89184.93,INV-2023-0485,Payment
2023-04-29,2000,Accounts Payable,128596.81,0.0,INV-2023-0867,Payment
2023-04-29,1000,Cash – SNB Operating SAR,0.0,128596.81,INV-2023-0867,Payment
2023-04-29,5030,COGS – Cosmetics,107804.07,0.0,INV-2023-0878,Antibiotics + analgesics — bulk SKUs
2023-04-29,2000,Accounts Payable,0.0,107804.07,INV-2023-0878,
2023-04-29,2000,Accounts Payable,51094.9,0.0,INV-2023-1153,Payment
2023-04-29,1000,Cash – SNB Operating SAR,0.0,51094.9,INV-2023-1153,Payment
2023-04-30,1000,Cash – SNB Operating SAR,1053579.66,0.0,AR-2023-0041,Collection
2023-04-30,1100,Accounts Receivable,0.0,1053579.66,AR-2023-0041,Collection
2023-04-30,1000,Cash – SNB Operating SAR,110161.5,0.0,AR-2023-0077,Collection
2023-04-30,1100,Accounts Receivable,0.0,110161.5,AR-2023-0077,Collection
2023-04-30,1000,Cash – SNB Operating SAR,700172.47,0.0,AR-2023-0828,Collection
2023-04-30,1100,Accounts Receivable,0.0,700172.47,AR-2023-0828,Collection
2023-04-30,1000,Cash – SNB Operating SAR,374764.69,0.0,AR-2023-0840,Collection
2023-04-30,1100,Accounts Receivable,0.0,374764.69,AR-2023-0840,Collection
2023-04-30,1000,Cash – SNB Operating SAR,1195426.17,0.0,AR-2023-0870,Collection
2023-04-30,1100,Accounts Receivable,0.0,1195426.17,AR-2023-0870,Collection
2023-04-30,1100,Accounts Receivable,1113727.88,0.0,AR-2023-0893,
2023-04-30,4030,Revenue – Catering,0.0,1113727.88,AR-2023-0893,
2023-04-30,2000,Accounts Payable,356728.7,0.0,INV-2023-0018,Payment
2023-04-30,1000,Cash – SNB Operating SAR,0.0,356728.7,INV-2023-0018,Payment
2023-04-30,2000,Accounts Payable,153507.91,0.0,INV-2023-0116,Payment
2023-04-30,1000,Cash – SNB Operating SAR,0.0,153507.91,INV-2023-0116,Payment
2023-04-30,2000,Accounts Payable,124394.83,0.0,INV-2023-0453,Payment
2023-04-30,1000,Cash – SNB Operating SAR,0.0,124394.83,INV-2023-0453,Payment
2023-04-30,5010,COGS – Beverages,152983.15,0.0,INV-2023-0486,
2023-04-30,2000,Accounts Payable,0.0,152983.15,INV-2023-0486,
2023-04-30,5020,COGS – Household,104250.36,0.0,INV-2023-0610,
2023-04-30,2000,Accounts Payable,0.0,104250.36,INV-2023-0610,
2023-04-30,2000,Accounts Payable,109910.34,0.0,INV-2023-0725,Payment
2023-04-30,1000,Cash – SNB Operating SAR,0.0,109910.34,INV-2023-0725,Payment
2023-04-30,2000,Accounts Payable,166565.41,0.0,INV-2023-0836,Payment
2023-04-30,1000,Cash – SNB Operating SAR,0.0,166565.41,INV-2023-0836,Payment
2023-04-30,6300,Logistics – 3PL,326416.43,0.0,INV-2023-0992,Line-haul & distribution services
2023-04-30,2000,Accounts Payable,0.0,326416.43,INV-2023-0992,
2023-04-30,2000,Accounts Payable,34035.36,0.0,INV-2023-1122,Payment
2023-04-30,1000,Cash – SNB Operating SAR,0.0,34035.36,INV-2023-1122,Payment
2023-05-01,1000,Cash – SNB Operating SAR,1053579.66,0.0,AR-2023-0059,Collection
2023-05-01,1100,Accounts Receivable,0.0,1053579.66,AR-2023-0059,Collection
2023-05-01,1000,Cash – SNB Operating SAR,955008.95,0.0,AR-2023-0537,Collection
2023-05-01,1100,Accounts Receivable,0.0,955008.95,AR-2023-0537,Collection
2023-05-01,1000,Cash – SNB Operating SAR,799497.06,0.0,AR-2023-0572,Collection
2023-05-01,1100,Accounts Receivable,0.0,799497.06,AR-2023-0572,Collection
2023-05-01,1100,Accounts Receivable,514324.47,0.0,AR-2023-0947,
2023-05-01,4030,Revenue – Catering,0.0,514324.47,AR-2023-0947,
2023-05-01,2000,Accounts Payable,413996.73,0.0,INV-2023-0016,Payment
2023-05-01,1000,Cash – SNB Operating SAR,0.0,413996.73,INV-2023-0016,Payment
2023-05-01,2000,Accounts Payable,81115.94,0.0,INV-2023-0112,Payment
2023-05-01,1000,Cash – SNB Operating SAR,0.0,81115.94,INV-2023-0112,Payment
2023-05-01,2000,Accounts Payable,147838.39,0.0,INV-2023-0474,Payment
2023-05-01,1000,Cash – SNB Operating SAR,0.0,147838.39,INV-2023-0474,Payment
2023-05-01,2000,Accounts Payable,109313.91,0.0,INV-2023-0668,Payment
2023-05-01,1000,Cash – SNB Operating SAR,0.0,109313.91,INV-2023-0668,Payment
2023-05-01,2000,Accounts Payable,129429.64,0.0,INV-2023-0684,Payment
2023-05-01,1000,Cash – SNB Operating SAR,0.0,129429.64,INV-2023-0684,Payment
2023-05-01,5020,COGS – Household,160023.33,0.0,INV-2023-0727,Bulk SKUs — monthly replenishment
2023-05-01,2000,Accounts Payable,0.0,160023.33,INV-2023-0727,
2023-05-01,2000,Accounts Payable,122887.23,0.0,INV-2023-0874,Payment
2023-05-01,1000,Cash – SNB Operating SAR,0.0,122887.23,INV-2023-0874,Payment
2023-05-01,2000,Accounts Payable,349787.55,0.0,INV-2023-1068,Payment
2023-05-01,1000,Cash – SNB Operating SAR,0.0,349787.55,INV-2023-1068,Payment
2023-05-01,6100,Rent Expense,767939.86,0.0,INV-2023-1078,Warehouse lease — Hail WH
2023-05-01,2000,Accounts Payable,0.0,767939.86,INV-2023-1078,
2023-05-01,6100,Rent Expense,380000.0,0.0,RENT-2023-05,
2023-05-01,1000,Cash – SNB Operating SAR,0.0,380000.0,RENT-2023-05,
2023-05-02,1100,Accounts Receivable,1027608.51,0.0,AR-2023-0119,
2023-05-02,4000,Revenue – Modern Trade,0.0,1027608.51,AR-2023-0119,
2023-05-02,1100,Accounts Receivable,167592.79,0.0,AR-2023-0122,
2023-05-02,4000,Revenue – Modern Trade,0.0,167592.79,AR-2023-0122,
2023-05-02,1100,Accounts Receivable,618200.02,0.0,AR-2023-0138,
2023-05-02,4000,Revenue – Modern Trade,0.0,618200.02,AR-2023-0138,
2023-05-02,1000,Cash – SNB Operating SAR,624884.52,0.0,AR-2023-0573,Collection
2023-05-02,1100,Accounts Receivable,0.0,624884.52,AR-2023-0573,Collection
2023-05-02,1100,Accounts Receivable,1057644.62,0.0,AR-2023-0922,
2023-05-02,4030,Revenue – Catering,0.0,1057644.62,AR-2023-0922,
2023-05-02,2000,Accounts Payable,442984.75,0.0,INV-2023-0017,Payment
2023-05-02,1000,Cash – SNB Operating SAR,0.0,442984.75,INV-2023-0017,Payment
2023-05-02,5000,COGS – Food,159527.36,0.0,INV-2023-0106,OTC & consumer health replenishment
2023-05-02,2000,Accounts Payable,0.0,159527.36,INV-2023-0106,
2023-05-02,2000,Accounts Payable,137130.21,0.0,INV-2023-0191,Payment
2023-05-02,1000,Cash – SNB Operating SAR,0.0,137130.21,INV-2023-0191,Payment
2023-05-02,5010,COGS – Beverages,170187.85,0.0,INV-2023-0366,Bulk SKUs — monthly replenishment
2023-05-02,2000,Accounts Payable,0.0,170187.85,INV-2023-0366,
2023-05-02,5010,COGS – Beverages,88269.18,0.0,INV-2023-0377,
2023-05-02,2000,Accounts Payable,0.0,88269.18,INV-2023-0377,
2023-05-02,2000,Accounts Payable,148894.64,0.0,INV-2023-0384,Payment
2023-05-02,1000,Cash – SNB Operating SAR,0.0,148894.64,INV-2023-0384,Payment
2023-05-02,5010,COGS – Beverages,78638.82,0.0,INV-2023-0385,
2023-05-02,2000,Accounts Payable,0.0,78638.82,INV-2023-0385,
2023-05-02,5010,COGS – Beverages,164454.73,0.0,INV-2023-0434,Antibiotics + analgesics — bulk SKUs
2023-05-02,2000,Accounts Payable,0.0,164454.73,INV-2023-0434,
2023-05-02,5010,COGS – Beverages,81900.3,0.0,INV-2023-0455,
2023-05-02,2000,Accounts Payable,0.0,81900.3,INV-2023-0455,
2023-05-02,2000,Accounts Payable,115978.95,0.0,INV-2023-0538,Payment
2023-05-02,1000,Cash – SNB Operating SAR,0.0,115978.95,INV-2023-0538,Payment
2023-05-02,2000,Accounts Payable,99823.81,0.0,INV-2023-0642,Payment
2023-05-02,1000,Cash – SNB Operating SAR,0.0,99823.81,INV-2023-0642,Payment
2023-05-02,2000,Accounts Payable,60408.66,0.0,INV-2023-0645,Payment
2023-05-02,1000,Cash – SNB Operating SAR,0.0,60408.66,INV-2023-0645,Payment
2023-05-02,2000,Accounts Payable,155138.18,0.0,INV-2023-0711,Payment
2023-05-02,1000,Cash – SNB Operating SAR,0.0,155138.18,INV-2023-0711,Payment
2023-05-02,2000,Accounts Payable,102570.0,0.0,INV-2023-0764,Payment
2023-05-02,1000,Cash – SNB Operating SAR,0.0,102570.0,INV-2023-0764,Payment
2023-05-02,5030,COGS – Cosmetics,71092.28,0.0,INV-2023-0790,OTC & consumer health replenishment
2023-05-02,2000,Accounts Payable,0.0,71092.28,INV-2023-0790,
2023-05-02,2000,Accounts Payable,279131.62,0.0,INV-2023-0952,Payment
2023-05-02,1000,Cash – SNB Operating SAR,0.0,279131.62,INV-2023-0952,Payment
2023-05-02,2000,Accounts Payable,48377.04,0.0,INV-2023-1130,Payment
2023-05-02,1000,Cash – SNB Operating SAR,0.0,48377.04,INV-2023-1130,Payment
2023-05-03,1000,Cash – SNB Operating SAR,63053.84,0.0,AR-2023-0066,Collection
2023-05-03,1100,Accounts Receivable,0.0,63053.84,AR-2023-0066,Collection
2023-05-03,1000,Cash – SNB Operating SAR,192967.82,0.0,AR-2023-0081,Collection
2023-05-03,1100,Accounts Receivable,0.0,192967.82,AR-2023-0081,Collection
2023-05-03,1100,Accounts Receivable,149246.17,0.0,AR-2023-0124,
2023-05-03,4000,Revenue – Modern Trade,0.0,149246.17,AR-2023-0124,
2023-05-03,1000,Cash – SNB Operating SAR,951044.08,0.0,AR-2023-0538,Collection
2023-05-03,1100,Accounts Receivable,0.0,951044.08,AR-2023-0538,Collection
2023-05-03,1000,Cash – SNB Operating SAR,157395.14,0.0,AR-2023-0558,Collection
2023-05-03,1100,Accounts Receivable,0.0,157395.14,AR-2023-0558,Collection
2023-05-03,1100,Accounts Receivable,589471.23,0.0,AR-2023-0605,
2023-05-03,4020,Revenue – Government,0.0,589471.23,AR-2023-0605,
2023-05-03,1000,Cash – SNB Operating SAR,240397.28,0.0,AR-2023-0860,Collection
2023-05-03,1100,Accounts Receivable,0.0,240397.28,AR-2023-0860,Collection
2023-05-03,2000,Accounts Payable,153974.39,0.0,INV-2023-0204,Payment
2023-05-03,1000,Cash – SNB Operating SAR,0.0,153974.39,INV-2023-0204,Payment
2023-05-03,5000,COGS – Food,96296.96,0.0,INV-2023-0232,Antibiotics + analgesics — bulk SKUs
2023-05-03,2000,Accounts Payable,0.0,96296.96,INV-2023-0232,
2023-05-03,2000,Accounts Payable,118034.57,0.0,INV-2023-0423,Payment
2023-05-03,1000,Cash – SNB Operating SAR,0.0,118034.57,INV-2023-0423,Payment
2023-05-03,2000,Accounts Payable,74321.02,0.0,INV-2023-0573,Payment
2023-05-03,1000,Cash – SNB Operating SAR,0.0,74321.02,INV-2023-0573,Payment
2023-05-03,5020,COGS – Household,165693.85,0.0,INV-2023-0596,
2023-05-03,2000,Accounts Payable,0.0,165693.85,INV-2023-0596,
2023-05-03,5020,COGS – Household,112591.95,0.0,INV-2023-0703,Bulk SKUs — monthly replenishment
2023-05-03,2000,Accounts Payable,0.0,112591.95,INV-2023-0703,
2023-05-03,5030,COGS – Cosmetics,139299.89,0.0,INV-2023-0915,OTC & consumer health replenishment
2023-05-03,2000,Accounts Payable,0.0,139299.89,INV-2023-0915,
2023-05-03,6100,Rent Expense,1134282.93,0.0,INV-2023-1090,Warehouse lease — Riyadh South DC
2023-05-03,2000,Accounts Payable,0.0,1134282.93,INV-2023-1090,
2023-05-03,6100,Rent Expense,899274.97,0.0,INV-2023-1102,Warehouse lease — Riyadh North DC
2023-05-03,2000,Accounts Payable,0.0,899274.97,INV-2023-1102,
2023-05-03,6220,Professional Fees,66675.13,0.0,INV-2023-1176,
2023-05-03,2000,Accounts Payable,0.0,66675.13,INV-2023-1176,
2023-05-03,6220,Professional Fees,83375.48,0.0,INV-2023-1177,
2023-05-03,2000,Accounts Payable,0.0,83375.48,INV-2023-1177,
2023-05-04,1000,Cash – SNB Operating SAR,311700.56,0.0,AR-2023-0064,Collection
2023-05-04,1100,Accounts Receivable,0.0,311700.56,AR-2023-0064,Collection
2023-05-04,1000,Cash – SNB Operating SAR,226419.42,0.0,AR-2023-0082,Collection
2023-05-04,1100,Accounts Receivable,0.0,226419.42,AR-2023-0082,Collection
2023-05-04,1000,Cash – SNB Operating SAR,642200.23,0.0,AR-2023-0390,Collection
2023-05-04,1100,Accounts Receivable,0.0,642200.23,AR-2023-0390,Collection
2023-05-04,1000,Cash – SNB Operating SAR,533402.45,0.0,AR-2023-0564,Collection
2023-05-04,1100,Accounts Receivable,0.0,533402.45,AR-2023-0564,Collection
2023-05-04,1100,Accounts Receivable,421044.79,0.0,AR-2023-0593,
2023-05-04,4020,Revenue – Government,0.0,421044.79,AR-2023-0593,
2023-05-04,6110,Utilities,430130.86,0.0,INV-2023-0021,Electricity & water — Riyadh North DC
2023-05-04,2000,Accounts Payable,0.0,430130.86,INV-2023-0021,
2023-05-04,2000,Accounts Payable,86076.07,0.0,INV-2023-0186,Payment
2023-05-04,1000,Cash – SNB Operating SAR,0.0,86076.07,INV-2023-0186,Payment
2023-05-04,5030,COGS – Cosmetics,96165.72,0.0,INV-2023-0923,Antibiotics + analgesics — bulk SKUs
2023-05-04,2000,Accounts Payable,0.0,96165.72,INV-2023-0923,
2023-05-05,1000,Cash – SNB Operating SAR,362734.98,0.0,AR-2023-0070,Collection
2023-05-05,1100,Accounts Receivable,0.0,362734.98,AR-2023-0070,Collection
2023-05-05,1000,Cash – SNB Operating SAR,760706.29,0.0,AR-2023-0100,Collection
2023-05-05,1100,Accounts Receivable,0.0,760706.29,AR-2023-0100,Collection
2023-05-05,1100,Accounts Receivable,493642.8,0.0,AR-2023-0115,
2023-05-05,4000,Revenue – Modern Trade,0.0,493642.8,AR-2023-0115,
2023-05-05,1000,Cash – SNB Operating SAR,1119345.57,0.0,AR-2023-0578,Collection
2023-05-05,1100,Accounts Receivable,0.0,1119345.57,AR-2023-0578,Collection
2023-05-05,1000,Cash – SNB Operating SAR,641356.99,0.0,AR-2023-0579,Collection
2023-05-05,1100,Accounts Receivable,0.0,641356.99,AR-2023-0579,Collection
2023-05-05,1100,Accounts Receivable,425275.77,0.0,AR-2023-0609,
2023-05-05,4020,Revenue – Government,0.0,425275.77,AR-2023-0609,
2023-05-05,1000,Cash – SNB Operating SAR,409032.71,0.0,AR-2023-0862,Collection
2023-05-05,1100,Accounts Receivable,0.0,409032.71,AR-2023-0862,Collection
2023-05-05,1000,Cash – SNB Operating SAR,377328.4,0.0,AR-2023-0883,Collection
2023-05-05,1100,Accounts Receivable,0.0,377328.4,AR-2023-0883,Collection
2023-05-05,1100,Accounts Receivable,408444.94,0.0,AR-2023-0943,
2023-05-05,4030,Revenue – Catering,0.0,408444.94,AR-2023-0943,
2023-05-05,1100,Accounts Receivable,175636.87,0.0,AR-2023-0955,
2023-05-05,4030,Revenue – Catering,0.0,175636.87,AR-2023-0955,
2023-05-05,6110,Utilities,368172.63,0.0,INV-2023-0022,Electricity & water — Riyadh South DC
2023-05-05,2000,Accounts Payable,0.0,368172.63,INV-2023-0022,
2023-05-05,6110,Utilities,358839.7,0.0,INV-2023-0024,Electricity & water — Hail WH
2023-05-05,2000,Accounts Payable,0.0,358839.7,INV-2023-0024,
2023-05-05,5000,COGS – Food,145546.44,0.0,INV-2023-0067,Bulk SKUs — monthly replenishment
2023-05-05,2000,Accounts Payable,0.0,145546.44,INV-2023-0067,
2023-05-05,5010,COGS – Beverages,106061.22,0.0,INV-2023-0533,OTC & consumer health replenishment
2023-05-05,2000,Accounts Payable,0.0,106061.22,INV-2023-0533,
2023-05-05,5020,COGS – Household,154303.29,0.0,INV-2023-0547,
2023-05-05,2000,Accounts Payable,0.0,154303.29,INV-2023-0547,
2023-05-05,5020,COGS – Household,137335.03,0.0,INV-2023-0557,OTC & consumer health replenishment
2023-05-05,2000,Accounts Payable,0.0,137335.03,INV-2023-0557,
2023-05-05,2000,Accounts Payable,179160.46,0.0,INV-2023-0776,Payment
2023-05-05,1000,Cash – SNB Operating SAR,0.0,179160.46,INV-2023-0776,Payment
2023-05-05,2000,Accounts Payable,50216.53,0.0,INV-2023-1140,Payment
2023-05-05,1000,Cash – SNB Operating SAR,0.0,50216.53,INV-2023-1140,Payment
2023-05-06,1000,Cash – SNB Operating SAR,581096.33,0.0,AR-2023-0384,Collection
2023-05-06,1100,Accounts Receivable,0.0,581096.33,AR-2023-0384,Collection
2023-05-06,1100,Accounts Receivable,853154.63,0.0,AR-2023-0404,
2023-05-06,4010,Revenue – Hospitality,0.0,853154.63,AR-2023-0404,
2023-05-06,1000,Cash – SNB Operating SAR,511928.98,0.0,AR-2023-0874,Collection
2023-05-06,1100,Accounts Receivable,0.0,511928.98,AR-2023-0874,Collection
2023-05-06,1000,Cash – SNB Operating SAR,457204.84,0.0,AR-2023-0917,Collection
2023-05-06,1100,Accounts Receivable,0.0,457204.84,AR-2023-0917,Collection
2023-05-06,1100,Accounts Receivable,961609.42,0.0,AR-2023-0942,
2023-05-06,4030,Revenue – Catering,0.0,961609.42,AR-2023-0942,
2023-05-06,1100,Accounts Receivable,317003.74,0.0,AR-2023-0953,
2023-05-06,4030,Revenue – Catering,0.0,317003.74,AR-2023-0953,
2023-05-06,1100,Accounts Receivable,330981.88,0.0,AR-2023-0957,
2023-05-06,4030,Revenue – Catering,0.0,330981.88,AR-2023-0957,
2023-05-06,1100,Accounts Receivable,772129.31,0.0,AR-2023-0960,
2023-05-06,4030,Revenue – Catering,0.0,772129.31,AR-2023-0960,
2023-05-06,6110,Utilities,488720.66,0.0,INV-2023-0025,Electricity & water — HQ Riyadh Olaya
2023-05-06,2000,Accounts Payable,0.0,488720.66,INV-2023-0025,
2023-05-06,2000,Accounts Payable,71014.56,0.0,INV-2023-0100,Payment
2023-05-06,1000,Cash – SNB Operating SAR,0.0,71014.56,INV-2023-0100,Payment
2023-05-06,2000,Accounts Payable,174602.76,0.0,INV-2023-0173,Payment
2023-05-06,1000,Cash – SNB Operating SAR,0.0,174602.76,INV-2023-0173,Payment
2023-05-06,5010,COGS – Beverages,74445.97,0.0,INV-2023-0315,OTC & consumer health replenishment
2023-05-06,2000,Accounts Payable,0.0,74445.97,INV-2023-0315,
2023-05-06,5010,COGS – Beverages,92913.8,0.0,INV-2023-0502,
2023-05-06,2000,Accounts Payable,0.0,92913.8,INV-2023-0502,
2023-05-06,2000,Accounts Payable,122003.63,0.0,INV-2023-0558,Payment
2023-05-06,1000,Cash – SNB Operating SAR,0.0,122003.63,INV-2023-0558,Payment
2023-05-06,5020,COGS – Household,137750.57,0.0,INV-2023-0750,Bulk SKUs — monthly replenishment
2023-05-06,2000,Accounts Payable,0.0,137750.57,INV-2023-0750,
2023-05-06,5000,COGS – Food,47620.85,0.0,INV-2023-1209,Paracetamol + ibuprofen API
2023-05-06,2000,Accounts Payable,0.0,47620.85,INV-2023-1209,
2023-05-07,1000,Cash – SNB Operating SAR,86889.44,0.0,AR-2023-0382,Collection
2023-05-07,1100,Accounts Receivable,0.0,86889.44,AR-2023-0382,Collection
2023-05-07,1000,Cash – SNB Operating SAR,179153.0,0.0,AR-2023-0397,Collection
2023-05-07,1100,Accounts Receivable,0.0,179153.0,AR-2023-0397,Collection
2023-05-07,1000,Cash – SNB Operating SAR,495097.06,0.0,AR-2023-0568,Collection
2023-05-07,1100,Accounts Receivable,0.0,495097.06,AR-2023-0568,Collection
2023-05-07,1000,Cash – SNB Operating SAR,654730.69,0.0,AR-2023-0850,Collection
2023-05-07,1100,Accounts Receivable,0.0,654730.69,AR-2023-0850,Collection
2023-05-07,1000,Cash – SNB Operating SAR,437640.56,0.0,AR-2023-0864,Collection
2023-05-07,1100,Accounts Receivable,0.0,437640.56,AR-2023-0864,Collection
2023-05-07,1100,Accounts Receivable,319606.15,0.0,AR-2023-0933,
2023-05-07,4030,Revenue – Catering,0.0,319606.15,AR-2023-0933,
2023-05-07,5010,COGS – Beverages,65730.6,0.0,INV-2023-0492,OTC & consumer health replenishment
2023-05-07,2000,Accounts Payable,0.0,65730.6,INV-2023-0492,
2023-05-07,2000,Accounts Payable,101757.51,0.0,INV-2023-0536,Payment
2023-05-07,1000,Cash – SNB Operating SAR,0.0,101757.51,INV-2023-0536,Payment
2023-05-07,2000,Accounts Payable,159235.67,0.0,INV-2023-0576,Payment
2023-05-07,1000,Cash – SNB Operating SAR,0.0,159235.67,INV-2023-0576,Payment
2023-05-07,6300,Logistics – 3PL,232366.76,0.0,INV-2023-1006,Line-haul & distribution services
2023-05-07,2000,Accounts Payable,0.0,232366.76,INV-2023-1006,
2023-05-07,2000,Accounts Payable,275018.97,0.0,INV-2023-1016,Payment
2023-05-07,1000,Cash – SNB Operating SAR,0.0,275018.97,INV-2023-1016,Payment
2023-05-08,1000,Cash – SNB Operating SAR,1140997.18,0.0,AR-2023-0076,Collection
2023-05-08,1100,Accounts Receivable,0.0,1140997.18,AR-2023-0076,Collection
2023-05-08,1000,Cash – SNB Operating SAR,578602.21,0.0,AR-2023-0098,Collection
2023-05-08,1100,Accounts Receivable,0.0,578602.21,AR-2023-0098,Collection
2023-05-08,1100,Accounts Receivable,664387.88,0.0,AR-2023-0135,
2023-05-08,4000,Revenue – Modern Trade,0.0,664387.88,AR-2023-0135,
2023-05-08,1000,Cash – SNB Operating SAR,968217.47,0.0,AR-2023-0386,Collection
2023-05-08,1100,Accounts Receivable,0.0,968217.47,AR-2023-0386,Collection
2023-05-08,1100,Accounts Receivable,362885.45,0.0,AR-2023-0413,
2023-05-08,4010,Revenue – Hospitality,0.0,362885.45,AR-2023-0413,
2023-05-08,1100,Accounts Receivable,444791.46,0.0,AR-2023-0598,
2023-05-08,4020,Revenue – Government,0.0,444791.46,AR-2023-0598,
2023-05-08,1000,Cash – SNB Operating SAR,517751.57,0.0,AR-2023-0856,Collection
2023-05-08,1100,Accounts Receivable,0.0,517751.57,AR-2023-0856,Collection
2023-05-08,5000,COGS – Food,157971.17,0.0,INV-2023-0120,OTC & consumer health replenishment
2023-05-08,2000,Accounts Payable,0.0,157971.17,INV-2023-0120,
2023-05-08,2000,Accounts Payable,96295.27,0.0,INV-2023-0125,Payment
2023-05-08,1000,Cash – SNB Operating SAR,0.0,96295.27,INV-2023-0125,Payment
2023-05-08,5010,COGS – Beverages,150979.38,0.0,INV-2023-0318,Bulk SKUs — monthly replenishment
2023-05-08,2000,Accounts Payable,0.0,150979.38,INV-2023-0318,
2023-05-08,5020,COGS – Household,146231.33,0.0,INV-2023-0609,
2023-05-08,2000,Accounts Payable,0.0,146231.33,INV-2023-0609,
2023-05-08,2000,Accounts Payable,94664.04,0.0,INV-2023-0718,Payment
2023-05-08,1000,Cash – SNB Operating SAR,0.0,94664.04,INV-2023-0718,Payment
2023-05-08,5030,COGS – Cosmetics,84162.27,0.0,INV-2023-0809,Antibiotics + analgesics — bulk SKUs
2023-05-08,2000,Accounts Payable,0.0,84162.27,INV-2023-0809,
2023-05-09,1000,Cash – SNB Operating SAR,305096.39,0.0,AR-2023-0079,Collection
2023-05-09,1100,Accounts Receivable,0.0,305096.39,AR-2023-0079,Collection
2023-05-09,1100,Accounts Receivable,465006.47,0.0,AR-2023-0126,
2023-05-09,4000,Revenue – Modern Trade,0.0,465006.47,AR-2023-0126,
2023-05-09,1000,Cash – SNB Operating SAR,261445.28,0.0,AR-2023-0385,Collection
2023-05-09,1100,Accounts Receivable,0.0,261445.28,AR-2023-0385,Collection
2023-05-09,1100,Accounts Receivable,1068295.14,0.0,AR-2023-0599,
2023-05-09,4020,Revenue – Government,0.0,1068295.14,AR-2023-0599,
2023-05-09,6110,Utilities,494357.15,0.0,INV-2023-0023,Electricity & water — Qassim WH
2023-05-09,2000,Accounts Payable,0.0,494357.15,INV-2023-0023,
2023-05-09,5010,COGS – Beverages,128229.12,0.0,INV-2023-0481,OTC & consumer health replenishment
2023-05-09,2000,Accounts Payable,0.0,128229.12,INV-2023-0481,
2023-05-09,2000,Accounts Payable,249834.59,0.0,INV-2023-0951,Payment
2023-05-09,1000,Cash – SNB Operating SAR,0.0,249834.59,INV-2023-0951,Payment
2023-05-09,2000,Accounts Payable,46295.95,0.0,INV-2023-1191,Payment
2023-05-09,1000,Cash – SNB Operating SAR,0.0,46295.95,INV-2023-1191,Payment
2023-05-10,1100,Accounts Receivable,185720.43,0.0,AR-2023-0139,
2023-05-10,4000,Revenue – Modern Trade,0.0,185720.43,AR-2023-0139,
2023-05-10,1000,Cash – SNB Operating SAR,412962.2,0.0,AR-2023-0393,Collection
2023-05-10,1100,Accounts Receivable,0.0,412962.2,AR-2023-0393,Collection
2023-05-10,2000,Accounts Payable,175995.15,0.0,INV-2023-0132,Payment
2023-05-10,1000,Cash – SNB Operating SAR,0.0,175995.15,INV-2023-0132,Payment
2023-05-10,5000,COGS – Food,116295.72,0.0,INV-2023-0213,Bulk SKUs — monthly replenishment
2023-05-10,2000,Accounts Payable,0.0,116295.72,INV-2023-0213,
2023-05-10,5000,COGS – Food,105232.16,0.0,INV-2023-0218,OTC & consumer health replenishment
2023-05-10,2000,Accounts Payable,0.0,105232.16,INV-2023-0218,
2023-05-10,5000,COGS – Food,69307.26,0.0,INV-2023-0295,
2023-05-10,2000,Accounts Payable,0.0,69307.26,INV-2023-0295,
2023-05-10,5020,COGS – Household,131279.18,0.0,INV-2023-0587,OTC & consumer health replenishment
2023-05-10,2000,Accounts Payable,0.0,131279.18,INV-2023-0587,
2023-05-10,5030,COGS – Cosmetics,149191.51,0.0,INV-2023-0820,Bulk SKUs — monthly replenishment
2023-05-10,2000,Accounts Payable,0.0,149191.51,INV-2023-0820,
2023-05-10,6300,Logistics – 3PL,244374.4,0.0,INV-2023-0958,Line-haul & distribution services
2023-05-10,2000,Accounts Payable,0.0,244374.4,INV-2023-0958,
2023-05-10,6220,Professional Fees,39259.48,0.0,INV-2023-1170,
2023-05-10,2000,Accounts Payable,0.0,39259.48,INV-2023-1170,
2023-05-11,1100,Accounts Receivable,960115.68,0.0,AR-2023-0118,
2023-05-11,4000,Revenue – Modern Trade,0.0,960115.68,AR-2023-0118,
2023-05-11,1100,Accounts Receivable,845062.35,0.0,AR-2023-0594,
2023-05-11,4020,Revenue – Government,0.0,845062.35,AR-2023-0594,
2023-05-11,1000,Cash – SNB Operating SAR,247635.11,0.0,AR-2023-0822,Collection
2023-05-11,1100,Accounts Receivable,0.0,247635.11,AR-2023-0822,Collection
2023-05-11,1000,Cash – SNB Operating SAR,1113727.88,0.0,AR-2023-0885,Collection
2023-05-11,1100,Accounts Receivable,0.0,1113727.88,AR-2023-0885,Collection
2023-05-11,1100,Accounts Receivable,618358.75,0.0,AR-2023-0934,
2023-05-11,4030,Revenue – Catering,0.0,618358.75,AR-2023-0934,
2023-05-11,1100,Accounts Receivable,1057644.62,0.0,AR-2023-0949,
2023-05-11,4030,Revenue – Catering,0.0,1057644.62,AR-2023-0949,
2023-05-11,1100,Accounts Receivable,266353.68,0.0,AR-2023-0959,
2023-05-11,4030,Revenue – Catering,0.0,266353.68,AR-2023-0959,
2023-05-11,2000,Accounts Payable,107774.66,0.0,INV-2023-0099,Payment
2023-05-11,1000,Cash – SNB Operating SAR,0.0,107774.66,INV-2023-0099,Payment
2023-05-11,2000,Accounts Payable,161543.22,0.0,INV-2023-0217,Payment
2023-05-11,1000,Cash – SNB Operating SAR,0.0,161543.22,INV-2023-0217,Payment
2023-05-11,5000,COGS – Food,119255.2,0.0,INV-2023-0236,
2023-05-11,2000,Accounts Payable,0.0,119255.2,INV-2023-0236,
2023-05-11,5010,COGS – Beverages,154204.74,0.0,INV-2023-0314,
2023-05-11,2000,Accounts Payable,0.0,154204.74,INV-2023-0314,
2023-05-11,5010,COGS – Beverages,110390.51,0.0,INV-2023-0396,Bulk SKUs — monthly replenishment
2023-05-11,2000,Accounts Payable,0.0,110390.51,INV-2023-0396,
2023-05-11,2000,Accounts Payable,99787.08,0.0,INV-2023-0409,Payment
2023-05-11,1000,Cash – SNB Operating SAR,0.0,99787.08,INV-2023-0409,Payment
2023-05-11,2000,Accounts Payable,106663.65,0.0,INV-2023-0771,Payment
2023-05-11,1000,Cash – SNB Operating SAR,0.0,106663.65,INV-2023-0771,Payment
2023-05-11,2000,Accounts Payable,189974.4,0.0,INV-2023-1195,Payment
2023-05-11,1000,Cash – SNB Operating SAR,0.0,189974.4,INV-2023-1195,Payment
2023-05-12,1000,Cash – SNB Operating SAR,484675.08,0.0,AR-2023-0035,Collection
2023-05-12,1100,Accounts Receivable,0.0,484675.08,AR-2023-0035,Collection
2023-05-12,1000,Cash – SNB Operating SAR,381435.7,0.0,AR-2023-0084,Collection
2023-05-12,1100,Accounts Receivable,0.0,381435.7,AR-2023-0084,Collection
2023-05-12,1000,Cash – SNB Operating SAR,447810.19,0.0,AR-2023-0095,Collection
2023-05-12,1100,Accounts Receivable,0.0,447810.19,AR-2023-0095,Collection
2023-05-12,1100,Accounts Receivable,353340.03,0.0,AR-2023-0131,
2023-05-12,4000,Revenue – Modern Trade,0.0,353340.03,AR-2023-0131,
2023-05-12,1100,Accounts Receivable,271013.06,0.0,AR-2023-0407,
2023-05-12,4010,Revenue – Hospitality,0.0,271013.06,AR-2023-0407,
2023-05-12,1100,Accounts Receivable,147093.8,0.0,AR-2023-0592,
2023-05-12,4020,Revenue – Government,0.0,147093.8,AR-2023-0592,
2023-05-12,1000,Cash – SNB Operating SAR,324388.26,0.0,AR-2023-0868,Collection
2023-05-12,1100,Accounts Receivable,0.0,324388.26,AR-2023-0868,Collection
2023-05-12,1000,Cash – SNB Operating SAR,174378.03,0.0,AR-2023-0882,Collection
2023-05-12,1100,Accounts Receivable,0.0,174378.03,AR-2023-0882,Collection
2023-05-12,1100,Accounts Receivable,290504.51,0.0,AR-2023-0936,
2023-05-12,4030,Revenue – Catering,0.0,290504.51,AR-2023-0936,
2023-05-12,1100,Accounts Receivable,370806.76,0.0,AR-2023-0954,
2023-05-12,4030,Revenue – Catering,0.0,370806.76,AR-2023-0954,
2023-05-12,2000,Accounts Payable,153513.59,0.0,INV-2023-0463,Payment
2023-05-12,1000,Cash – SNB Operating SAR,0.0,153513.59,INV-2023-0463,Payment
2023-05-12,5030,COGS – Cosmetics,137148.01,0.0,INV-2023-0875,Bulk SKUs — monthly replenishment
2023-05-12,2000,Accounts Payable,0.0,137148.01,INV-2023-0875,
2023-05-12,5020,COGS – Household,204781.5,0.0,INV-2023-1196,"Blister & carton packaging PKG-1101 — 26,595 units @ SAR 7.70 (CT-2023-466)"
2023-05-12,2000,Accounts Payable,0.0,204781.5,INV-2023-1196,
2023-05-13,1000,Cash – SNB Operating SAR,508088.47,0.0,AR-2023-0099,Collection
2023-05-13,1100,Accounts Receivable,0.0,508088.47,AR-2023-0099,Collection
2023-05-13,1000,Cash – SNB Operating SAR,329527.37,0.0,AR-2023-0102,Collection
2023-05-13,1100,Accounts Receivable,0.0,329527.37,AR-2023-0102,Collection
2023-05-13,1100,Accounts Receivable,345276.17,0.0,AR-2023-0130,
2023-05-13,4000,Revenue – Modern Trade,0.0,345276.17,AR-2023-0130,
2023-05-13,1100,Accounts Receivable,161747.72,0.0,AR-2023-0414,
2023-05-13,4010,Revenue – Hospitality,0.0,161747.72,AR-2023-0414,
2023-05-13,1000,Cash – SNB Operating SAR,170126.41,0.0,AR-2023-0565,Collection
2023-05-13,1100,Accounts Receivable,0.0,170126.41,AR-2023-0565,Collection
2023-05-13,1000,Cash – SNB Operating SAR,649955.6,0.0,AR-2023-0566,Collection
2023-05-13,1100,Accounts Receivable,0.0,649955.6,AR-2023-0566,Collection
2023-05-13,1000,Cash – SNB Operating SAR,252122.42,0.0,AR-2023-0576,Collection
2023-05-13,1100,Accounts Receivable,0.0,252122.42,AR-2023-0576,Collection
2023-05-13,1000,Cash – SNB Operating SAR,190219.59,0.0,AR-2023-0865,Collection
2023-05-13,1100,Accounts Receivable,0.0,190219.59,AR-2023-0865,Collection
2023-05-13,1000,Cash – SNB Operating SAR,177623.38,0.0,AR-2023-0899,Collection
2023-05-13,1100,Accounts Receivable,0.0,177623.38,AR-2023-0899,Collection
2023-05-13,1100,Accounts Receivable,240497.28,0.0,AR-2023-0921,
2023-05-13,4030,Revenue – Catering,0.0,240497.28,AR-2023-0921,
2023-05-13,1100,Accounts Receivable,1057644.62,0.0,AR-2023-0941,
2023-05-13,4030,Revenue – Catering,0.0,1057644.62,AR-2023-0941,
2023-05-13,2000,Accounts Payable,76698.72,0.0,INV-2023-0353,Payment
2023-05-13,1000,Cash – SNB Operating SAR,0.0,76698.72,INV-2023-0353,Payment
2023-05-13,5010,COGS – Beverages,134996.51,0.0,INV-2023-0426,OTC & consumer health replenishment
2023-05-13,2000,Accounts Payable,0.0,134996.51,INV-2023-0426,
2023-05-13,5020,COGS – Household,124198.32,0.0,INV-2023-0695,OTC & consumer health replenishment
2023-05-13,2000,Accounts Payable,0.0,124198.32,INV-2023-0695,
2023-05-13,5030,COGS – Cosmetics,63737.78,0.0,INV-2023-0912,Antibiotics + analgesics — bulk SKUs
2023-05-13,2000,Accounts Payable,0.0,63737.78,INV-2023-0912,
2023-05-13,5030,COGS – Cosmetics,64874.78,0.0,INV-2023-0941,Bulk SKUs — monthly replenishment
2023-05-13,2000,Accounts Payable,0.0,64874.78,INV-2023-0941,
2023-05-13,2000,Accounts Payable,711248.43,0.0,INV-2023-1101,Payment
2023-05-13,1000,Cash – SNB Operating SAR,0.0,711248.43,INV-2023-1101,Payment
2023-05-13,2000,Accounts Payable,40613.33,0.0,INV-2023-1164,Payment
2023-05-13,1000,Cash – SNB Operating SAR,0.0,40613.33,INV-2023-1164,Payment
2023-05-14,1000,Cash – SNB Operating SAR,446638.55,0.0,AR-2023-0071,Collection
2023-05-14,1100,Accounts Receivable,0.0,446638.55,AR-2023-0071,Collection
2023-05-14,1100,Accounts Receivable,489269.83,0.0,AR-2023-0111,
2023-05-14,4000,Revenue – Modern Trade,0.0,489269.83,AR-2023-0111,
2023-05-14,1100,Accounts Receivable,541967.15,0.0,AR-2023-0120,
2023-05-14,4000,Revenue – Modern Trade,0.0,541967.15,AR-2023-0120,
2023-05-14,1100,Accounts Receivable,932849.44,0.0,AR-2023-0129,
2023-05-14,4000,Revenue – Modern Trade,0.0,932849.44,AR-2023-0129,
2023-05-14,1100,Accounts Receivable,750997.07,0.0,AR-2023-0410,
2023-05-14,4010,Revenue – Hospitality,0.0,750997.07,AR-2023-0410,
2023-05-14,1100,Accounts Receivable,658307.35,0.0,AR-2023-0597,
2023-05-14,4020,Revenue – Government,0.0,658307.35,AR-2023-0597,
2023-05-14,1100,Accounts Receivable,13991.7,0.0,AR-2023-0944,
2023-05-14,4030,Revenue – Catering,0.0,13991.7,AR-2023-0944,
2023-05-14,2000,Accounts Payable,71318.58,0.0,INV-2023-0278,Payment
2023-05-14,1000,Cash – SNB Operating SAR,0.0,71318.58,INV-2023-0278,Payment
2023-05-14,2000,Accounts Payable,122044.74,0.0,INV-2023-0440,Payment
2023-05-14,1000,Cash – SNB Operating SAR,0.0,122044.74,INV-2023-0440,Payment
2023-05-14,5010,COGS – Beverages,145340.4,0.0,INV-2023-0471,Bulk SKUs — monthly replenishment
2023-05-14,2000,Accounts Payable,0.0,145340.4,INV-2023-0471,
2023-05-14,5020,COGS – Household,174693.81,0.0,INV-2023-0570,Antibiotics + analgesics — bulk SKUs
2023-05-14,2000,Accounts Payable,0.0,174693.81,INV-2023-0570,
2023-05-14,2000,Accounts Payable,133748.11,0.0,INV-2023-0665,Payment
2023-05-14,1000,Cash – SNB Operating SAR,0.0,133748.11,INV-2023-0665,Payment
2023-05-14,2000,Accounts Payable,107432.67,0.0,INV-2023-0739,Payment
2023-05-14,1000,Cash – SNB Operating SAR,0.0,107432.67,INV-2023-0739,Payment
2023-05-15,1100,Accounts Receivable,691247.19,0.0,AR-2023-0114,
2023-05-15,4000,Revenue – Modern Trade,0.0,691247.19,AR-2023-0114,
2023-05-15,1100,Accounts Receivable,233496.21,0.0,AR-2023-0127,
2023-05-15,4000,Revenue – Modern Trade,0.0,233496.21,AR-2023-0127,
2023-05-15,1100,Accounts Receivable,402546.41,0.0,AR-2023-0128,
2023-05-15,4000,Revenue – Modern Trade,0.0,402546.41,AR-2023-0128,
2023-05-15,1100,Accounts Receivable,87538.01,0.0,AR-2023-0601,
2023-05-15,4020,Revenue – Government,0.0,87538.01,AR-2023-0601,
2023-05-15,1100,Accounts Receivable,137502.59,0.0,AR-2023-0611,
2023-05-15,4020,Revenue – Government,0.0,137502.59,AR-2023-0611,
2023-05-15,1000,Cash – SNB Operating SAR,445986.12,0.0,AR-2023-0855,Collection
2023-05-15,1100,Accounts Receivable,0.0,445986.12,AR-2023-0855,Collection
2023-05-15,5000,COGS – Food,157167.29,0.0,INV-2023-0084,Bulk SKUs — monthly replenishment
2023-05-15,2000,Accounts Payable,0.0,157167.29,INV-2023-0084,
2023-05-15,2000,Accounts Payable,94748.68,0.0,INV-2023-0653,Payment
2023-05-15,1000,Cash – SNB Operating SAR,0.0,94748.68,INV-2023-0653,Payment
2023-05-15,5030,COGS – Cosmetics,121611.2,0.0,INV-2023-0846,OTC & consumer health replenishment
2023-05-15,2000,Accounts Payable,0.0,121611.2,INV-2023-0846,
2023-05-15,5030,COGS – Cosmetics,161770.38,0.0,INV-2023-0891,
2023-05-15,2000,Accounts Payable,0.0,161770.38,INV-2023-0891,
2023-05-15,6220,Professional Fees,77064.33,0.0,INV-2023-1135,
2023-05-15,2000,Accounts Payable,0.0,77064.33,INV-2023-1135,
2023-05-16,1000,Cash – SNB Operating SAR,238969.98,0.0,AR-2023-0080,Collection
2023-05-16,1100,Accounts Receivable,0.0,238969.98,AR-2023-0080,Collection
2023-05-16,1100,Accounts Receivable,181551.35,0.0,AR-2023-0113,
2023-05-16,4000,Revenue – Modern Trade,0.0,181551.35,AR-2023-0113,
2023-05-16,1100,Accounts Receivable,926152.19,0.0,AR-2023-0125,
2023-05-16,4000,Revenue – Modern Trade,0.0,926152.19,AR-2023-0125,
2023-05-16,1100,Accounts Receivable,385412.93,0.0,AR-2023-0142,
2023-05-16,4000,Revenue – Modern Trade,0.0,385412.93,AR-2023-0142,
2023-05-16,1000,Cash – SNB Operating SAR,270203.47,0.0,AR-2023-0866,Collection
2023-05-16,1100,Accounts Receivable,0.0,270203.47,AR-2023-0866,Collection
2023-05-16,1000,Cash – SNB Operating SAR,394804.15,0.0,AR-2023-0876,Collection
2023-05-16,1100,Accounts Receivable,0.0,394804.15,AR-2023-0876,Collection
2023-05-16,1000,Cash – SNB Operating SAR,299028.13,0.0,AR-2023-0891,Collection
2023-05-16,1100,Accounts Receivable,0.0,299028.13,AR-2023-0891,Collection
2023-05-16,1100,Accounts Receivable,707919.49,0.0,AR-2023-0945,
2023-05-16,4030,Revenue – Catering,0.0,707919.49,AR-2023-0945,
2023-05-16,1100,Accounts Receivable,119105.71,0.0,AR-2023-0950,
2023-05-16,4030,Revenue – Catering,0.0,119105.71,AR-2023-0950,
2023-05-16,2000,Accounts Payable,135716.21,0.0,INV-2023-0078,Payment
2023-05-16,1000,Cash – SNB Operating SAR,0.0,135716.21,INV-2023-0078,Payment
2023-05-16,2000,Accounts Payable,164720.22,0.0,INV-2023-0155,Payment
2023-05-16,1000,Cash – SNB Operating SAR,0.0,164720.22,INV-2023-0155,Payment
2023-05-16,2000,Accounts Payable,170979.22,0.0,INV-2023-0285,Payment
2023-05-16,1000,Cash – SNB Operating SAR,0.0,170979.22,INV-2023-0285,Payment
2023-05-16,5010,COGS – Beverages,96949.54,0.0,INV-2023-0312,
2023-05-16,2000,Accounts Payable,0.0,96949.54,INV-2023-0312,
2023-05-16,2000,Accounts Payable,87475.13,0.0,INV-2023-0537,Payment
2023-05-16,1000,Cash – SNB Operating SAR,0.0,87475.13,INV-2023-0537,Payment
2023-05-16,5030,COGS – Cosmetics,138097.27,0.0,INV-2023-0824,OTC & consumer health replenishment
2023-05-16,2000,Accounts Payable,0.0,138097.27,INV-2023-0824,
2023-05-16,6300,Logistics – 3PL,221666.77,0.0,INV-2023-0945,Line-haul & distribution services
2023-05-16,2000,Accounts Payable,0.0,221666.77,INV-2023-0945,
2023-05-16,2000,Accounts Payable,189366.68,0.0,INV-2023-0946,Payment
2023-05-16,1000,Cash – SNB Operating SAR,0.0,189366.68,INV-2023-0946,Payment
2023-05-16,6220,Professional Fees,43454.15,0.0,INV-2023-1161,
2023-05-16,2000,Accounts Payable,0.0,43454.15,INV-2023-1161,
2023-05-17,1100,Accounts Receivable,681306.82,0.0,AR-2023-0123,
2023-05-17,4000,Revenue – Modern Trade,0.0,681306.82,AR-2023-0123,
2023-05-17,1000,Cash – SNB Operating SAR,298131.14,0.0,AR-2023-0562,Collection
2023-05-17,1100,Accounts Receivable,0.0,298131.14,AR-2023-0562,Collection
2023-05-17,1100,Accounts Receivable,115038.36,0.0,AR-2023-0926,
2023-05-17,4030,Revenue – Catering,0.0,115038.36,AR-2023-0926,
2023-05-17,1100,Accounts Receivable,741067.63,0.0,AR-2023-0937,
2023-05-17,4030,Revenue – Catering,0.0,741067.63,AR-2023-0937,
2023-05-17,1100,Accounts Receivable,202569.7,0.0,AR-2023-0948,
2023-05-17,4030,Revenue – Catering,0.0,202569.7,AR-2023-0948,
2023-05-17,2000,Accounts Payable,62821.02,0.0,INV-2023-0149,Payment
2023-05-17,1000,Cash – SNB Operating SAR,0.0,62821.02,INV-2023-0149,Payment
2023-05-17,2000,Accounts Payable,94533.08,0.0,INV-2023-0167,Payment
2023-05-17,1000,Cash – SNB Operating SAR,0.0,94533.08,INV-2023-0167,Payment
2023-05-17,5000,COGS – Food,77554.48,0.0,INV-2023-0206,Antibiotics + analgesics — bulk SKUs
2023-05-17,2000,Accounts Payable,0.0,77554.48,INV-2023-0206,
2023-05-17,2000,Accounts Payable,176498.23,0.0,INV-2023-0228,Payment
2023-05-17,1000,Cash – SNB Operating SAR,0.0,176498.23,INV-2023-0228,Payment
2023-05-17,2000,Accounts Payable,171858.0,0.0,INV-2023-0612,Payment
2023-05-17,1000,Cash – SNB Operating SAR,0.0,171858.0,INV-2023-0612,Payment
2023-05-17,5020,COGS – Household,136816.95,0.0,INV-2023-0731,Bulk SKUs — monthly replenishment
2023-05-17,2000,Accounts Payable,0.0,136816.95,INV-2023-0731,
2023-05-17,2000,Accounts Payable,60624.63,0.0,INV-2023-0746,Payment
2023-05-17,1000,Cash – SNB Operating SAR,0.0,60624.63,INV-2023-0746,Payment
2023-05-17,5030,COGS – Cosmetics,178549.82,0.0,INV-2023-0780,Antibiotics + analgesics — bulk SKUs
2023-05-17,2000,Accounts Payable,0.0,178549.82,INV-2023-0780,
2023-05-17,6200,Marketing & Advertising,61207.96,0.0,INV-2023-1124,
2023-05-17,2000,Accounts Payable,0.0,61207.96,INV-2023-1124,
2023-05-18,1000,Cash – SNB Operating SAR,85194.0,0.0,AR-2023-0091,Collection
2023-05-18,1100,Accounts Receivable,0.0,85194.0,AR-2023-0091,Collection
2023-05-18,1100,Accounts Receivable,81500.75,0.0,AR-2023-0416,
2023-05-18,4010,Revenue – Hospitality,0.0,81500.75,AR-2023-0416,
2023-05-18,1100,Accounts Receivable,257421.87,0.0,AR-2023-0602,
2023-05-18,4020,Revenue – Government,0.0,257421.87,AR-2023-0602,
2023-05-18,1100,Accounts Receivable,268125.04,0.0,AR-2023-0931,
2023-05-18,4030,Revenue – Catering,0.0,268125.04,AR-2023-0931,
2023-05-18,2000,Accounts Payable,64455.92,0.0,INV-2023-1179,Payment
2023-05-18,1000,Cash – SNB Operating SAR,0.0,64455.92,INV-2023-1179,Payment
2023-05-19,1100,Accounts Receivable,135454.71,0.0,AR-2023-0412,
2023-05-19,4010,Revenue – Hospitality,0.0,135454.71,AR-2023-0412,
2023-05-19,1100,Accounts Receivable,154435.09,0.0,AR-2023-0417,
2023-05-19,4010,Revenue – Hospitality,0.0,154435.09,AR-2023-0417,
2023-05-19,1000,Cash – SNB Operating SAR,108923.44,0.0,AR-2023-0567,Collection
2023-05-19,1100,Accounts Receivable,0.0,108923.44,AR-2023-0567,Collection
2023-05-19,1100,Accounts Receivable,1068295.14,0.0,AR-2023-0596,
2023-05-19,4020,Revenue – Government,0.0,1068295.14,AR-2023-0596,
2023-05-19,1100,Accounts Receivable,120377.26,0.0,AR-2023-0606,
2023-05-19,4020,Revenue – Government,0.0,120377.26,AR-2023-0606,
2023-05-19,1100,Accounts Receivable,467175.08,0.0,AR-2023-0610,
2023-05-19,4020,Revenue – Government,0.0,467175.08,AR-2023-0610,
2023-05-19,1000,Cash – SNB Operating SAR,368973.91,0.0,AR-2023-0879,Collection
2023-05-19,1100,Accounts Receivable,0.0,368973.91,AR-2023-0879,Collection
2023-05-19,1000,Cash – SNB Operating SAR,186346.3,0.0,AR-2023-0909,Collection
2023-05-19,1100,Accounts Receivable,0.0,186346.3,AR-2023-0909,Collection
2023-05-19,1100,Accounts Receivable,371065.82,0.0,AR-2023-0952,
2023-05-19,4030,Revenue – Catering,0.0,371065.82,AR-2023-0952,
2023-05-19,5000,COGS – Food,172303.43,0.0,INV-2023-0300,
2023-05-19,2000,Accounts Payable,0.0,172303.43,INV-2023-0300,
2023-05-19,2000,Accounts Payable,129128.38,0.0,INV-2023-0514,Payment
2023-05-19,1000,Cash – SNB Operating SAR,0.0,129128.38,INV-2023-0514,Payment
2023-05-19,2000,Accounts Payable,174279.95,0.0,INV-2023-0601,Payment
2023-05-19,1000,Cash – SNB Operating SAR,0.0,174279.95,INV-2023-0601,Payment
2023-05-19,2000,Accounts Payable,89202.74,0.0,INV-2023-0648,Payment
2023-05-19,1000,Cash – SNB Operating SAR,0.0,89202.74,INV-2023-0648,Payment
2023-05-19,2000,Accounts Payable,180086.96,0.0,INV-2023-0782,Payment
2023-05-19,1000,Cash – SNB Operating SAR,0.0,180086.96,INV-2023-0782,Payment
2023-05-19,5030,COGS – Cosmetics,123747.78,0.0,INV-2023-0839,OTC & consumer health replenishment
2023-05-19,2000,Accounts Payable,0.0,123747.78,INV-2023-0839,
2023-05-19,2000,Accounts Payable,57522.82,0.0,INV-2023-1117,Payment
2023-05-19,1000,Cash – SNB Operating SAR,0.0,57522.82,INV-2023-1117,Payment
2023-05-20,1100,Accounts Receivable,658191.03,0.0,AR-2023-0136,
2023-05-20,4000,Revenue – Modern Trade,0.0,658191.03,AR-2023-0136,
2023-05-20,1000,Cash – SNB Operating SAR,300355.89,0.0,AR-2023-0383,Collection
2023-05-20,1100,Accounts Receivable,0.0,300355.89,AR-2023-0383,Collection
2023-05-20,1000,Cash – SNB Operating SAR,202406.35,0.0,AR-2023-0559,Collection
2023-05-20,1100,Accounts Receivable,0.0,202406.35,AR-2023-0559,Collection
2023-05-20,1100,Accounts Receivable,210672.56,0.0,AR-2023-0925,
2023-05-20,4030,Revenue – Catering,0.0,210672.56,AR-2023-0925,
2023-05-20,1100,Accounts Receivable,410119.84,0.0,AR-2023-0928,
2023-05-20,4030,Revenue – Catering,0.0,410119.84,AR-2023-0928,
2023-05-20,1100,Accounts Receivable,72321.66,0.0,AR-2023-0938,
2023-05-20,4030,Revenue – Catering,0.0,72321.66,AR-2023-0938,
2023-05-20,1100,Accounts Receivable,423434.09,0.0,AR-2023-0956,
2023-05-20,4030,Revenue – Catering,0.0,423434.09,AR-2023-0956,
2023-05-20,2000,Accounts Payable,368172.63,0.0,INV-2023-0022,Payment
2023-05-20,1000,Cash – SNB Operating SAR,0.0,368172.63,INV-2023-0022,Payment
2023-05-20,5000,COGS – Food,73096.4,0.0,INV-2023-0061,
2023-05-20,2000,Accounts Payable,0.0,73096.4,INV-2023-0061,
2023-05-20,5000,COGS – Food,162295.85,0.0,INV-2023-0212,
2023-05-20,2000,Accounts Payable,0.0,162295.85,INV-2023-0212,
2023-05-20,6300,Logistics – 3PL,130039.78,0.0,INV-2023-1039,Line-haul & distribution services
2023-05-20,2000,Accounts Payable,0.0,130039.78,INV-2023-1039,
2023-05-21,1000,Cash – SNB Operating SAR,1223133.55,0.0,AR-2023-0872,Collection
2023-05-21,1100,Accounts Receivable,0.0,1223133.55,AR-2023-0872,Collection
2023-05-21,1000,Cash – SNB Operating SAR,391817.34,0.0,AR-2023-0896,Collection
2023-05-21,1100,Accounts Receivable,0.0,391817.34,AR-2023-0896,Collection
2023-05-21,1100,Accounts Receivable,953809.32,0.0,AR-2023-0920,
2023-05-21,4030,Revenue – Catering,0.0,953809.32,AR-2023-0920,
2023-05-21,1100,Accounts Receivable,103547.37,0.0,AR-2023-0929,
2023-05-21,4030,Revenue – Catering,0.0,103547.37,AR-2023-0929,
2023-05-21,1100,Accounts Receivable,119951.09,0.0,AR-2023-0946,
2023-05-21,4030,Revenue – Catering,0.0,119951.09,AR-2023-0946,
2023-05-21,5000,COGS – Food,111596.76,0.0,INV-2023-0109,
2023-05-21,2000,Accounts Payable,0.0,111596.76,INV-2023-0109,
2023-05-21,5000,COGS – Food,128257.76,0.0,INV-2023-0144,
2023-05-21,2000,Accounts Payable,0.0,128257.76,INV-2023-0144,
2023-05-21,5000,COGS – Food,64497.19,0.0,INV-2023-0194,
2023-05-21,2000,Accounts Payable,0.0,64497.19,INV-2023-0194,
2023-05-21,5010,COGS – Beverages,121555.23,0.0,INV-2023-0347,Antibiotics + analgesics — bulk SKUs
2023-05-21,2000,Accounts Payable,0.0,121555.23,INV-2023-0347,
2023-05-21,2000,Accounts Payable,67526.95,0.0,INV-2023-0359,Payment
2023-05-21,1000,Cash – SNB Operating SAR,0.0,67526.95,INV-2023-0359,Payment
2023-05-21,2000,Accounts Payable,107843.5,0.0,INV-2023-0456,Payment
2023-05-21,1000,Cash – SNB Operating SAR,0.0,107843.5,INV-2023-0456,Payment
2023-05-21,2000,Accounts Payable,104225.57,0.0,INV-2023-0584,Payment
2023-05-21,1000,Cash – SNB Operating SAR,0.0,104225.57,INV-2023-0584,Payment
2023-05-21,2000,Accounts Payable,107562.92,0.0,INV-2023-0701,Payment
2023-05-21,1000,Cash – SNB Operating SAR,0.0,107562.92,INV-2023-0701,Payment
2023-05-21,5030,COGS – Cosmetics,100573.78,0.0,INV-2023-0858,OTC & consumer health replenishment
2023-05-21,2000,Accounts Payable,0.0,100573.78,INV-2023-0858,
2023-05-21,2000,Accounts Payable,107804.07,0.0,INV-2023-0878,Payment
2023-05-21,1000,Cash – SNB Operating SAR,0.0,107804.07,INV-2023-0878,Payment
2023-05-21,6300,Logistics – 3PL,183760.59,0.0,INV-2023-0983,Line-haul & distribution services
2023-05-21,2000,Accounts Payable,0.0,183760.59,INV-2023-0983,
2023-05-22,1000,Cash – SNB Operating SAR,931195.66,0.0,AR-2023-0075,Collection
2023-05-22,1100,Accounts Receivable,0.0,931195.66,AR-2023-0075,Collection
2023-05-22,1000,Cash – SNB Operating SAR,806132.12,0.0,AR-2023-0085,Collection
2023-05-22,1100,Accounts Receivable,0.0,806132.12,AR-2023-0085,Collection
2023-05-22,1000,Cash – SNB Operating SAR,302523.26,0.0,AR-2023-0103,Collection
2023-05-22,1100,Accounts Receivable,0.0,302523.26,AR-2023-0103,Collection
2023-05-22,1100,Accounts Receivable,51144.67,0.0,AR-2023-0133,
2023-05-22,4000,Revenue – Modern Trade,0.0,51144.67,AR-2023-0133,
2023-05-22,1100,Accounts Receivable,1052847.02,0.0,AR-2023-0405,
2023-05-22,4010,Revenue – Hospitality,0.0,1052847.02,AR-2023-0405,
2023-05-22,1000,Cash – SNB Operating SAR,217148.67,0.0,AR-2023-0585,Collection
2023-05-22,1100,Accounts Receivable,0.0,217148.67,AR-2023-0585,Collection
2023-05-22,1100,Accounts Receivable,197372.02,0.0,AR-2023-0595,
2023-05-22,4020,Revenue – Government,0.0,197372.02,AR-2023-0595,
2023-05-22,1000,Cash – SNB Operating SAR,1037471.01,0.0,AR-2023-0905,Collection
2023-05-22,1100,Accounts Receivable,0.0,1037471.01,AR-2023-0905,Collection
2023-05-22,1100,Accounts Receivable,943530.92,0.0,AR-2023-0935,
2023-05-22,4030,Revenue – Catering,0.0,943530.92,AR-2023-0935,
2023-05-22,5000,COGS – Food,170323.9,0.0,INV-2023-0098,Antibiotics + analgesics — bulk SKUs
2023-05-22,2000,Accounts Payable,0.0,170323.9,INV-2023-0098,
2023-05-22,2000,Accounts Payable,162254.72,0.0,INV-2023-0477,Payment
2023-05-22,1000,Cash – SNB Operating SAR,0.0,162254.72,INV-2023-0477,Payment
2023-05-22,2000,Accounts Payable,73728.3,0.0,INV-2023-0704,Payment
2023-05-22,1000,Cash – SNB Operating SAR,0.0,73728.3,INV-2023-0704,Payment
2023-05-22,2000,Accounts Payable,168138.18,0.0,INV-2023-0769,Payment
2023-05-22,1000,Cash – SNB Operating SAR,0.0,168138.18,INV-2023-0769,Payment
2023-05-22,2000,Accounts Payable,113525.25,0.0,INV-2023-0897,Payment
2023-05-22,1000,Cash – SNB Operating SAR,0.0,113525.25,INV-2023-0897,Payment
2023-05-22,2000,Accounts Payable,110761.21,0.0,INV-2023-0963,Payment
2023-05-22,1000,Cash – SNB Operating SAR,0.0,110761.21,INV-2023-0963,Payment
2023-05-22,6220,Professional Fees,37339.69,0.0,INV-2023-1154,
2023-05-22,2000,Accounts Payable,0.0,37339.69,INV-2023-1154,
2023-05-23,1100,Accounts Receivable,129468.73,0.0,AR-2023-0110,
2023-05-23,4000,Revenue – Modern Trade,0.0,129468.73,AR-2023-0110,
2023-05-23,1100,Accounts Receivable,303180.39,0.0,AR-2023-0121,
2023-05-23,4000,Revenue – Modern Trade,0.0,303180.39,AR-2023-0121,
2023-05-23,1000,Cash – SNB Operating SAR,1029762.71,0.0,AR-2023-0401,Collection
2023-05-23,1100,Accounts Receivable,0.0,1029762.71,AR-2023-0401,Collection
2023-05-23,1000,Cash – SNB Operating SAR,162574.23,0.0,AR-2023-0853,Collection
2023-05-23,1100,Accounts Receivable,0.0,162574.23,AR-2023-0853,Collection
2023-05-23,1100,Accounts Receivable,1057644.62,0.0,AR-2023-0923,
2023-05-23,4030,Revenue – Catering,0.0,1057644.62,AR-2023-0923,
2023-05-23,1100,Accounts Receivable,124554.89,0.0,AR-2023-0930,
2023-05-23,4030,Revenue – Catering,0.0,124554.89,AR-2023-0930,
2023-05-23,2000,Accounts Payable,358839.7,0.0,INV-2023-0024,Payment
2023-05-23,1000,Cash – SNB Operating SAR,0.0,358839.7,INV-2023-0024,Payment
2023-05-23,5000,COGS – Food,125479.06,0.0,INV-2023-0070,
2023-05-23,2000,Accounts Payable,0.0,125479.06,INV-2023-0070,
2023-05-23,5000,COGS – Food,144133.2,0.0,INV-2023-0103,
2023-05-23,2000,Accounts Payable,0.0,144133.2,INV-2023-0103,
2023-05-23,5000,COGS – Food,126485.04,0.0,INV-2023-0221,Antibiotics + analgesics — bulk SKUs
2023-05-23,2000,Accounts Payable,0.0,126485.04,INV-2023-0221,
2023-05-23,5010,COGS – Beverages,174232.04,0.0,INV-2023-0429,OTC & consumer health replenishment
2023-05-23,2000,Accounts Payable,0.0,174232.04,INV-2023-0429,
2023-05-23,5010,COGS – Beverages,116956.38,0.0,INV-2023-0441,
2023-05-23,2000,Accounts Payable,0.0,116956.38,INV-2023-0441,
2023-05-23,2000,Accounts Payable,160023.33,0.0,INV-2023-0727,Payment
2023-05-23,1000,Cash – SNB Operating SAR,0.0,160023.33,INV-2023-0727,Payment
2023-05-23,5030,COGS – Cosmetics,157196.18,0.0,INV-2023-0772,Antibiotics + analgesics — bulk SKUs
2023-05-23,2000,Accounts Payable,0.0,157196.18,INV-2023-0772,
2023-05-23,2000,Accounts Payable,1134282.93,0.0,INV-2023-1090,Payment
2023-05-23,1000,Cash – SNB Operating SAR,0.0,1134282.93,INV-2023-1090,Payment
2023-05-24,1000,Cash – SNB Operating SAR,367945.39,0.0,AR-2023-0074,Collection
2023-05-24,1100,Accounts Receivable,0.0,367945.39,AR-2023-0074,Collection
2023-05-24,1000,Cash – SNB Operating SAR,677944.88,0.0,AR-2023-0092,Collection
2023-05-24,1100,Accounts Receivable,0.0,677944.88,AR-2023-0092,Collection
2023-05-24,1100,Accounts Receivable,379777.62,0.0,AR-2023-0134,
2023-05-24,4000,Revenue – Modern Trade,0.0,379777.62,AR-2023-0134,
2023-05-24,1000,Cash – SNB Operating SAR,1029762.71,0.0,AR-2023-0400,Collection
2023-05-24,1100,Accounts Receivable,0.0,1029762.71,AR-2023-0400,Collection
2023-05-24,1000,Cash – SNB Operating SAR,492943.8,0.0,AR-2023-0580,Collection
2023-05-24,1100,Accounts Receivable,0.0,492943.8,AR-2023-0580,Collection
2023-05-24,1000,Cash – SNB Operating SAR,728114.88,0.0,AR-2023-0581,Collection
2023-05-24,1100,Accounts Receivable,0.0,728114.88,AR-2023-0581,Collection
2023-05-24,1000,Cash – SNB Operating SAR,245354.61,0.0,AR-2023-0586,Collection
2023-05-24,1100,Accounts Receivable,0.0,245354.61,AR-2023-0586,Collection
2023-05-24,1000,Cash – SNB Operating SAR,630706.42,0.0,AR-2023-0589,Collection
2023-05-24,1100,Accounts Receivable,0.0,630706.42,AR-2023-0589,Collection
2023-05-24,1100,Accounts Receivable,610018.24,0.0,AR-2023-0600,
2023-05-24,4020,Revenue – Government,0.0,610018.24,AR-2023-0600,
2023-05-24,1100,Accounts Receivable,1068295.14,0.0,AR-2023-0604,
2023-05-24,4020,Revenue – Government,0.0,1068295.14,AR-2023-0604,
2023-05-24,1000,Cash – SNB Operating SAR,422962.54,0.0,AR-2023-0900,Collection
2023-05-24,1100,Accounts Receivable,0.0,422962.54,AR-2023-0900,Collection
2023-05-24,2000,Accounts Payable,430130.86,0.0,INV-2023-0021,Payment
2023-05-24,1000,Cash – SNB Operating SAR,0.0,430130.86,INV-2023-0021,Payment
2023-05-24,2000,Accounts Payable,100876.1,0.0,INV-2023-0105,Payment
2023-05-24,1000,Cash – SNB Operating SAR,0.0,100876.1,INV-2023-0105,Payment
2023-05-24,2000,Accounts Payable,159527.36,0.0,INV-2023-0106,Payment
2023-05-24,1000,Cash – SNB Operating SAR,0.0,159527.36,INV-2023-0106,Payment
2023-05-24,2000,Accounts Payable,179592.82,0.0,INV-2023-0277,Payment
2023-05-24,1000,Cash – SNB Operating SAR,0.0,179592.82,INV-2023-0277,Payment
2023-05-24,5010,COGS – Beverages,81245.38,0.0,INV-2023-0500,
2023-05-24,2000,Accounts Payable,0.0,81245.38,INV-2023-0500,
2023-05-24,5010,COGS – Beverages,156268.46,0.0,INV-2023-0524,OTC & consumer health replenishment
2023-05-24,2000,Accounts Payable,0.0,156268.46,INV-2023-0524,
2023-05-24,5020,COGS – Household,79382.62,0.0,INV-2023-0595,OTC & consumer health replenishment
2023-05-24,2000,Accounts Payable,0.0,79382.62,INV-2023-0595,
2023-05-24,2000,Accounts Payable,165693.85,0.0,INV-2023-0596,Payment
2023-05-24,1000,Cash – SNB Operating SAR,0.0,165693.85,INV-2023-0596,Payment
2023-05-24,5020,COGS – Household,68221.54,0.0,INV-2023-0604,OTC & consumer health replenishment
2023-05-24,2000,Accounts Payable,0.0,68221.54,INV-2023-0604,
2023-05-24,6220,Professional Fees,46726.72,0.0,INV-2023-1138,
2023-05-24,2000,Accounts Payable,0.0,46726.72,INV-2023-1138,
2023-05-24,1020,Cash – ANB Payroll SAR,3487632.1,0.0,JE-20230501,Transfer SNB -> ANB payroll funding
2023-05-24,1000,Cash – SNB Operating SAR,0.0,3487632.1,JE-20230501,Transfer SNB -> ANB payroll funding
2023-05-25,1100,Accounts Receivable,421884.26,0.0,AR-2023-0415,
2023-05-25,4010,Revenue – Hospitality,0.0,421884.26,AR-2023-0415,
2023-05-25,1000,Cash – SNB Operating SAR,625969.68,0.0,AR-2023-0884,Collection
2023-05-25,1100,Accounts Receivable,0.0,625969.68,AR-2023-0884,Collection
2023-05-25,1100,Accounts Receivable,279776.98,0.0,AR-2023-0932,
2023-05-25,4030,Revenue – Catering,0.0,279776.98,AR-2023-0932,
2023-05-25,2000,Accounts Payable,96296.96,0.0,INV-2023-0232,Payment
2023-05-25,1000,Cash – SNB Operating SAR,0.0,96296.96,INV-2023-0232,Payment
2023-05-25,5010,COGS – Beverages,93693.2,0.0,INV-2023-0325,
2023-05-25,2000,Accounts Payable,0.0,93693.2,INV-2023-0325,
2023-05-25,2000,Accounts Payable,154303.29,0.0,INV-2023-0547,Payment
2023-05-25,1000,Cash – SNB Operating SAR,0.0,154303.29,INV-2023-0547,Payment
2023-05-25,5020,COGS – Household,93834.0,0.0,INV-2023-0621,
2023-05-25,2000,Accounts Payable,0.0,93834.0,INV-2023-0621,
2023-05-25,2000,Accounts Payable,147158.88,0.0,INV-2023-0816,Payment
2023-05-25,1000,Cash – SNB Operating SAR,0.0,147158.88,INV-2023-0816,Payment
2023-05-25,2000,Accounts Payable,326416.43,0.0,INV-2023-0992,Payment
2023-05-25,1000,Cash – SNB Operating SAR,0.0,326416.43,INV-2023-0992,Payment
2023-05-25,6000,Salaries & Wages,3164820.42,0.0,PAY-2023-05,Payroll batch
2023-05-25,6020,GOSI Contributions,322811.68,0.0,PAY-2023-05,Payroll batch
2023-05-25,2110,Accrued Payroll,0.0,3487632.1,PAY-2023-05,Payroll batch
2023-05-26,1100,Accounts Receivable,155264.91,0.0,AR-2023-0112,
2023-05-26,4000,Revenue – Modern Trade,0.0,155264.91,AR-2023-0112,
2023-05-26,1100,Accounts Receivable,391486.55,0.0,AR-2023-0116,
2023-05-26,4000,Revenue – Modern Trade,0.0,391486.55,AR-2023-0116,
2023-05-26,1100,Accounts Receivable,130561.61,0.0,AR-2023-0140,
2023-05-26,4000,Revenue – Modern Trade,0.0,130561.61,AR-2023-0140,
2023-05-26,1100,Accounts Receivable,301717.54,0.0,AR-2023-0409,
2023-05-26,4010,Revenue – Hospitality,0.0,301717.54,AR-2023-0409,
2023-05-26,1100,Accounts Receivable,97217.14,0.0,AR-2023-0924,
2023-05-26,4030,Revenue – Catering,0.0,97217.14,AR-2023-0924,
2023-05-26,1100,Accounts Receivable,792470.31,0.0,AR-2023-0939,
2023-05-26,4030,Revenue – Catering,0.0,792470.31,AR-2023-0939,
2023-05-26,1100,Accounts Receivable,1057644.62,0.0,AR-2023-0958,
2023-05-26,4030,Revenue – Catering,0.0,1057644.62,AR-2023-0958,
2023-05-26,5010,COGS – Beverages,123693.76,0.0,INV-2023-0490,Antibiotics + analgesics — bulk SKUs
2023-05-26,2000,Accounts Payable,0.0,123693.76,INV-2023-0490,
2023-05-26,2000,Accounts Payable,66675.13,0.0,INV-2023-1176,Payment
2023-05-26,1000,Cash – SNB Operating SAR,0.0,66675.13,INV-2023-1176,Payment
2023-05-26,5010,COGS – Beverages,63408.34,0.0,INV-2023-1204,Branded generics + OTC
2023-05-26,2000,Accounts Payable,0.0,63408.34,INV-2023-1204,
2023-05-26,2110,Accrued Payroll,3487632.1,0.0,PAY-2023-05,Payroll settlement
2023-05-26,1020,Cash – ANB Payroll SAR,0.0,3487632.1,PAY-2023-05,Payroll settlement
2023-05-27,1000,Cash – SNB Operating SAR,741825.56,0.0,AR-2023-0061,Collection
2023-05-27,1100,Accounts Receivable,0.0,741825.56,AR-2023-0061,Collection
2023-05-27,1100,Accounts Receivable,166821.82,0.0,AR-2023-0132,
2023-05-27,4000,Revenue – Modern Trade,0.0,166821.82,AR-2023-0132,
2023-05-27,1000,Cash – SNB Operating SAR,811321.41,0.0,AR-2023-0396,Collection
2023-05-27,1100,Accounts Receivable,0.0,811321.41,AR-2023-0396,Collection
2023-05-27,1000,Cash – SNB Operating SAR,1223133.55,0.0,AR-2023-0863,Collection
2023-05-27,1100,Accounts Receivable,0.0,1223133.55,AR-2023-0863,Collection
2023-05-27,1000,Cash – SNB Operating SAR,650586.41,0.0,AR-2023-0878,Collection
2023-05-27,1100,Accounts Receivable,0.0,650586.41,AR-2023-0878,Collection
2023-05-27,1000,Cash – SNB Operating SAR,852671.46,0.0,AR-2023-0914,Collection
2023-05-27,1100,Accounts Receivable,0.0,852671.46,AR-2023-0914,Collection
2023-05-27,1100,Accounts Receivable,112340.76,0.0,AR-2023-0951,
2023-05-27,4030,Revenue – Catering,0.0,112340.76,AR-2023-0951,
2023-05-27,2000,Accounts Payable,112886.92,0.0,INV-2023-0160,Payment
2023-05-27,1000,Cash – SNB Operating SAR,0.0,112886.92,INV-2023-0160,Payment
2023-05-27,2000,Accounts Payable,177901.51,0.0,INV-2023-0266,Payment
2023-05-27,1000,Cash – SNB Operating SAR,0.0,177901.51,INV-2023-0266,Payment
2023-05-27,2000,Accounts Payable,149775.76,0.0,INV-2023-0378,Payment
2023-05-27,1000,Cash – SNB Operating SAR,0.0,149775.76,INV-2023-0378,Payment
2023-05-27,5010,COGS – Beverages,66405.23,0.0,INV-2023-0400,
2023-05-27,2000,Accounts Payable,0.0,66405.23,INV-2023-0400,
2023-05-27,2000,Accounts Payable,152983.15,0.0,INV-2023-0486,Payment
2023-05-27,1000,Cash – SNB Operating SAR,0.0,152983.15,INV-2023-0486,Payment
2023-05-27,2000,Accounts Payable,899274.97,0.0,INV-2023-1102,Payment
2023-05-27,1000,Cash – SNB Operating SAR,0.0,899274.97,INV-2023-1102,Payment
2023-05-27,2900,Intercompany – Group Treasury Sweep,22878325.59,0.0,JE-20230590,Treasury sweep to Tamween Holdco cash pool
2023-05-27,1000,Cash – SNB Operating SAR,0.0,22878325.59,JE-20230590,Treasury sweep to Tamween Holdco cash pool
2023-05-28,1000,Cash – SNB Operating SAR,241507.93,0.0,AR-2023-0062,Collection
2023-05-28,1100,Accounts Receivable,0.0,241507.93,AR-2023-0062,Collection
2023-05-28,1000,Cash – SNB Operating SAR,481495.75,0.0,AR-2023-0086,Collection
2023-05-28,1100,Accounts Receivable,0.0,481495.75,AR-2023-0086,Collection
2023-05-28,1000,Cash – SNB Operating SAR,421944.37,0.0,AR-2023-0087,Collection
2023-05-28,1100,Accounts Receivable,0.0,421944.37,AR-2023-0087,Collection
2023-05-28,1100,Accounts Receivable,244463.3,0.0,AR-2023-0117,
2023-05-28,4000,Revenue – Modern Trade,0.0,244463.3,AR-2023-0117,
2023-05-28,1100,Accounts Receivable,189658.25,0.0,AR-2023-0406,
2023-05-28,4010,Revenue – Hospitality,0.0,189658.25,AR-2023-0406,
2023-05-28,1100,Accounts Receivable,177003.26,0.0,AR-2023-0603,
2023-05-28,4020,Revenue – Government,0.0,177003.26,AR-2023-0603,
2023-05-28,1000,Cash – SNB Operating SAR,1113727.88,0.0,AR-2023-0889,Collection
2023-05-28,1100,Accounts Receivable,0.0,1113727.88,AR-2023-0889,Collection
2023-05-28,1100,Accounts Receivable,366847.53,0.0,AR-2023-0919,
2023-05-28,4030,Revenue – Catering,0.0,366847.53,AR-2023-0919,
2023-05-28,2000,Accounts Payable,488720.66,0.0,INV-2023-0025,Payment
2023-05-28,1000,Cash – SNB Operating SAR,0.0,488720.66,INV-2023-0025,Payment
2023-05-28,2000,Accounts Payable,137750.57,0.0,INV-2023-0750,Payment
2023-05-28,1000,Cash – SNB Operating SAR,0.0,137750.57,INV-2023-0750,Payment
2023-05-28,6500,Depreciation Expense,400000.0,0.0,DEP-2023-05,PPE monthly depreciation accrual
2023-05-28,1510,Accumulated Depreciation – PPE,0.0,400000.0,DEP-2023-05,PPE monthly depreciation accrual
2023-05-29,1100,Accounts Receivable,1027608.51,0.0,AR-2023-0137,
2023-05-29,4000,Revenue – Modern Trade,0.0,1027608.51,AR-2023-0137,
2023-05-29,1000,Cash – SNB Operating SAR,338850.38,0.0,AR-2023-0587,Collection
2023-05-29,1100,Accounts Receivable,0.0,338850.38,AR-2023-0587,Collection
2023-05-29,1100,Accounts Receivable,578421.05,0.0,AR-2023-0608,
2023-05-29,4020,Revenue – Government,0.0,578421.05,AR-2023-0608,
2023-05-29,1100,Accounts Receivable,336210.67,0.0,AR-2023-0927,
2023-05-29,4030,Revenue – Catering,0.0,336210.67,AR-2023-0927,
2023-05-29,1100,Accounts Receivable,180369.87,0.0,AR-2023-0940,
2023-05-29,4030,Revenue – Catering,0.0,180369.87,AR-2023-0940,
2023-05-29,2000,Accounts Payable,494357.15,0.0,INV-2023-0023,Payment
2023-05-29,1000,Cash – SNB Operating SAR,0.0,494357.15,INV-2023-0023,Payment
2023-05-29,5000,COGS – Food,98355.12,0.0,INV-2023-0280,
2023-05-29,2000,Accounts Payable,0.0,98355.12,INV-2023-0280,
2023-05-29,5000,COGS – Food,78068.6,0.0,INV-2023-0307,
2023-05-29,2000,Accounts Payable,0.0,78068.6,INV-2023-0307,
2023-05-29,5010,COGS – Beverages,85118.03,0.0,INV-2023-0330,OTC & consumer health replenishment
2023-05-29,2000,Accounts Payable,0.0,85118.03,INV-2023-0330,
2023-05-29,2000,Accounts Payable,143794.47,0.0,INV-2023-0340,Payment
2023-05-29,1000,Cash – SNB Operating SAR,0.0,143794.47,INV-2023-0340,Payment
2023-05-29,2000,Accounts Payable,108120.23,0.0,INV-2023-0447,Payment
2023-05-29,1000,Cash – SNB Operating SAR,0.0,108120.23,INV-2023-0447,Payment
2023-05-29,5030,COGS – Cosmetics,122276.42,0.0,INV-2023-0775,
2023-05-29,2000,Accounts Payable,0.0,122276.42,INV-2023-0775,
2023-05-29,2000,Accounts Payable,96165.72,0.0,INV-2023-0923,Payment
2023-05-29,1000,Cash – SNB Operating SAR,0.0,96165.72,INV-2023-0923,Payment
2023-05-29,6220,Professional Fees,61995.83,0.0,INV-2023-1132,
2023-05-29,2000,Accounts Payable,0.0,61995.83,INV-2023-1132,
2023-05-30,1000,Cash – SNB Operating SAR,947663.94,0.0,AR-2023-0094,Collection
2023-05-30,1100,Accounts Receivable,0.0,947663.94,AR-2023-0094,Collection
2023-05-30,1000,Cash – SNB Operating SAR,676595.25,0.0,AR-2023-0097,Collection
2023-05-30,1100,Accounts Receivable,0.0,676595.25,AR-2023-0097,Collection
2023-05-30,1100,Accounts Receivable,222962.01,0.0,AR-2023-0141,
2023-05-30,4000,Revenue – Modern Trade,0.0,222962.01,AR-2023-0141,
2023-05-30,1000,Cash – SNB Operating SAR,200330.29,0.0,AR-2023-0402,Collection
2023-05-30,1100,Accounts Receivable,0.0,200330.29,AR-2023-0402,Collection
2023-05-30,1100,Accounts Receivable,734011.33,0.0,AR-2023-0408,
2023-05-30,4010,Revenue – Hospitality,0.0,734011.33,AR-2023-0408,
2023-05-30,1100,Accounts Receivable,815150.2,0.0,AR-2023-0411,
2023-05-30,4010,Revenue – Hospitality,0.0,815150.2,AR-2023-0411,
2023-05-30,1100,Accounts Receivable,242883.78,0.0,AR-2023-0607,
2023-05-30,4020,Revenue – Government,0.0,242883.78,AR-2023-0607,
2023-05-30,1000,Cash – SNB Operating SAR,270578.2,0.0,AR-2023-0888,Collection
2023-05-30,1100,Accounts Receivable,0.0,270578.2,AR-2023-0888,Collection
2023-05-30,5010,COGS – Beverages,108521.69,0.0,INV-2023-0324,
2023-05-30,2000,Accounts Payable,0.0,108521.69,INV-2023-0324,
2023-05-30,2000,Accounts Payable,171223.97,0.0,INV-2023-0357,Payment
2023-05-30,1000,Cash – SNB Operating SAR,0.0,171223.97,INV-2023-0357,Payment
2023-05-30,2000,Accounts Payable,71092.28,0.0,INV-2023-0790,Payment
2023-05-30,1000,Cash – SNB Operating SAR,0.0,71092.28,INV-2023-0790,Payment
2023-05-30,5030,COGS – Cosmetics,108629.02,0.0,INV-2023-0940,
2023-05-30,2000,Accounts Payable,0.0,108629.02,INV-2023-0940,
2023-05-31,1000,Cash – SNB Operating SAR,823294.62,0.0,AR-2023-0089,Collection
2023-05-31,1100,Accounts Receivable,0.0,823294.62,AR-2023-0089,Collection
2023-05-31,1000,Cash – SNB Operating SAR,257624.36,0.0,AR-2023-0392,Collection
2023-05-31,1100,Accounts Receivable,0.0,257624.36,AR-2023-0392,Collection
2023-05-31,1000,Cash – SNB Operating SAR,335050.83,0.0,AR-2023-0577,Collection
2023-05-31,1100,Accounts Receivable,0.0,335050.83,AR-2023-0577,Collection
2023-05-31,1000,Cash – SNB Operating SAR,421044.79,0.0,AR-2023-0593,Collection
2023-05-31,1100,Accounts Receivable,0.0,421044.79,AR-2023-0593,Collection
2023-05-31,1000,Cash – SNB Operating SAR,371184.77,0.0,AR-2023-0904,Collection
2023-05-31,1100,Accounts Receivable,0.0,371184.77,AR-2023-0904,Collection
2023-05-31,2000,Accounts Payable,130735.1,0.0,INV-2023-0198,Payment
2023-05-31,1000,Cash – SNB Operating SAR,0.0,130735.1,INV-2023-0198,Payment
2023-05-31,2000,Accounts Payable,96100.58,0.0,INV-2023-0688,Payment
2023-05-31,1000,Cash – SNB Operating SAR,0.0,96100.58,INV-2023-0688,Payment
2023-05-31,2000,Accounts Payable,154154.8,0.0,INV-2023-0732,Payment
2023-05-31,1000,Cash – SNB Operating SAR,0.0,154154.8,INV-2023-0732,Payment
2023-06-01,1100,Accounts Receivable,390468.38,0.0,AR-2023-0620,
2023-06-01,4020,Revenue – Government,0.0,390468.38,AR-2023-0620,
2023-06-01,5000,COGS – Food,113243.27,0.0,INV-2023-0208,
2023-06-01,2000,Accounts Payable,0.0,113243.27,INV-2023-0208,
2023-06-01,5000,COGS – Food,125313.3,0.0,INV-2023-0259,OTC & consumer health replenishment
2023-06-01,2000,Accounts Payable,0.0,125313.3,INV-2023-0259,
2023-06-01,2000,Accounts Payable,154204.74,0.0,INV-2023-0314,Payment
2023-06-01,1000,Cash – SNB Operating SAR,0.0,154204.74,INV-2023-0314,Payment
2023-06-01,2000,Accounts Payable,78638.82,0.0,INV-2023-0385,Payment
2023-06-01,1000,Cash – SNB Operating SAR,0.0,78638.82,INV-2023-0385,Payment
2023-06-01,6100,Rent Expense,380000.0,0.0,RENT-2023-06,
2023-06-01,1000,Cash – SNB Operating SAR,0.0,380000.0,RENT-2023-06,
2023-06-02,1000,Cash – SNB Operating SAR,472047.06,0.0,AR-2023-0399,Collection
2023-06-02,1100,Accounts Receivable,0.0,472047.06,AR-2023-0399,Collection
2023-06-02,1000,Cash – SNB Operating SAR,602211.73,0.0,AR-2023-0591,Collection
2023-06-02,1100,Accounts Receivable,0.0,602211.73,AR-2023-0591,Collection
2023-06-02,1000,Cash – SNB Operating SAR,539536.21,0.0,AR-2023-0877,Collection
2023-06-02,1100,Accounts Receivable,0.0,539536.21,AR-2023-0877,Collection
2023-06-02,1000,Cash – SNB Operating SAR,128059.01,0.0,AR-2023-0895,Collection
2023-06-02,1100,Accounts Receivable,0.0,128059.01,AR-2023-0895,Collection
2023-06-02,1100,Accounts Receivable,145009.65,0.0,AR-2023-0969,
2023-06-02,4030,Revenue – Catering,0.0,145009.65,AR-2023-0969,
2023-06-02,2000,Accounts Payable,92913.8,0.0,INV-2023-0502,Payment
2023-06-02,1000,Cash – SNB Operating SAR,0.0,92913.8,INV-2023-0502,Payment
2023-06-02,5010,COGS – Beverages,169301.56,0.0,INV-2023-0523,
2023-06-02,2000,Accounts Payable,0.0,169301.56,INV-2023-0523,
2023-06-02,5020,COGS – Household,66430.01,0.0,INV-2023-0593,Bulk SKUs — monthly replenishment
2023-06-02,2000,Accounts Payable,0.0,66430.01,INV-2023-0593,
2023-06-02,2000,Accounts Payable,124198.32,0.0,INV-2023-0695,Payment
2023-06-02,1000,Cash – SNB Operating SAR,0.0,124198.32,INV-2023-0695,Payment
2023-06-02,6300,Logistics – 3PL,237586.87,0.0,INV-2023-1046,Line-haul & distribution services
2023-06-02,2000,Accounts Payable,0.0,237586.87,INV-2023-1046,
2023-06-02,6300,Logistics – 3PL,338624.54,0.0,INV-2023-1048,Line-haul & distribution services
2023-06-02,2000,Accounts Payable,0.0,338624.54,INV-2023-1048,
2023-06-02,2000,Accounts Payable,83375.48,0.0,INV-2023-1177,Payment
2023-06-02,1000,Cash – SNB Operating SAR,0.0,83375.48,INV-2023-1177,Payment
2023-06-03,1100,Accounts Receivable,191456.17,0.0,AR-2023-0147,
2023-06-03,4000,Revenue – Modern Trade,0.0,191456.17,AR-2023-0147,
2023-06-03,1100,Accounts Receivable,534349.14,0.0,AR-2023-0155,
2023-06-03,4000,Revenue – Modern Trade,0.0,534349.14,AR-2023-0155,
2023-06-03,1000,Cash – SNB Operating SAR,102658.2,0.0,AR-2023-0398,Collection
2023-06-03,1100,Accounts Receivable,0.0,102658.2,AR-2023-0398,Collection
2023-06-03,1100,Accounts Receivable,1013977.8,0.0,AR-2023-0423,
2023-06-03,4010,Revenue – Hospitality,0.0,1013977.8,AR-2023-0423,
2023-06-03,1100,Accounts Receivable,297333.36,0.0,AR-2023-0426,
2023-06-03,4010,Revenue – Hospitality,0.0,297333.36,AR-2023-0426,
2023-06-03,1000,Cash – SNB Operating SAR,201096.14,0.0,AR-2023-0575,Collection
2023-06-03,1100,Accounts Receivable,0.0,201096.14,AR-2023-0575,Collection
2023-06-03,1000,Cash – SNB Operating SAR,475446.97,0.0,AR-2023-0869,Collection
2023-06-03,1100,Accounts Receivable,0.0,475446.97,AR-2023-0869,Collection
2023-06-03,1000,Cash – SNB Operating SAR,337060.06,0.0,AR-2023-0890,Collection
2023-06-03,1100,Accounts Receivable,0.0,337060.06,AR-2023-0890,Collection
2023-06-03,1100,Accounts Receivable,527978.65,0.0,AR-2023-0991,
2023-06-03,4030,Revenue – Catering,0.0,527978.65,AR-2023-0991,
2023-06-03,1100,Accounts Receivable,980520.44,0.0,AR-2023-0998,
2023-06-03,4030,Revenue – Catering,0.0,980520.44,AR-2023-0998,
2023-06-03,6110,Utilities,618470.98,0.0,INV-2023-0029,Electricity & water — Hail WH
2023-06-03,2000,Accounts Payable,0.0,618470.98,INV-2023-0029,
2023-06-03,5000,COGS – Food,174791.37,0.0,INV-2023-0086,
2023-06-03,2000,Accounts Payable,0.0,174791.37,INV-2023-0086,
2023-06-03,5000,COGS – Food,82980.46,0.0,INV-2023-0291,Antibiotics + analgesics — bulk SKUs
2023-06-03,2000,Accounts Payable,0.0,82980.46,INV-2023-0291,
2023-06-03,2000,Accounts Payable,140097.39,0.0,INV-2023-0622,Payment
2023-06-03,1000,Cash – SNB Operating SAR,0.0,140097.39,INV-2023-0622,Payment
2023-06-03,5030,COGS – Cosmetics,63330.4,0.0,INV-2023-0831,OTC & consumer health replenishment
2023-06-03,2000,Accounts Payable,0.0,63330.4,INV-2023-0831,
2023-06-03,6100,Rent Expense,1112146.98,0.0,INV-2023-1079,Warehouse lease — Riyadh South DC
2023-06-03,2000,Accounts Payable,0.0,1112146.98,INV-2023-1079,
2023-06-03,6220,Professional Fees,45247.12,0.0,INV-2023-1133,
2023-06-03,2000,Accounts Payable,0.0,45247.12,INV-2023-1133,
2023-06-04,1000,Cash – SNB Operating SAR,282714.9,0.0,AR-2023-0105,Collection
2023-06-04,1100,Accounts Receivable,0.0,282714.9,AR-2023-0105,Collection
2023-06-04,1100,Accounts Receivable,292316.78,0.0,AR-2023-0143,
2023-06-04,4000,Revenue – Modern Trade,0.0,292316.78,AR-2023-0143,
2023-06-04,1100,Accounts Receivable,630249.67,0.0,AR-2023-0146,
2023-06-04,4000,Revenue – Modern Trade,0.0,630249.67,AR-2023-0146,
2023-06-04,1100,Accounts Receivable,240382.71,0.0,AR-2023-0150,
2023-06-04,4000,Revenue – Modern Trade,0.0,240382.71,AR-2023-0150,
2023-06-04,1100,Accounts Receivable,1224933.29,0.0,AR-2023-0159,
2023-06-04,4000,Revenue – Modern Trade,0.0,1224933.29,AR-2023-0159,
2023-06-04,1000,Cash – SNB Operating SAR,853154.63,0.0,AR-2023-0404,Collection
2023-06-04,1100,Accounts Receivable,0.0,853154.63,AR-2023-0404,Collection
2023-06-04,1100,Accounts Receivable,468596.99,0.0,AR-2023-0420,
2023-06-04,4010,Revenue – Hospitality,0.0,468596.99,AR-2023-0420,
2023-06-04,1100,Accounts Receivable,1013977.8,0.0,AR-2023-0431,
2023-06-04,4010,Revenue – Hospitality,0.0,1013977.8,AR-2023-0431,
2023-06-04,1100,Accounts Receivable,473058.1,0.0,AR-2023-0975,
2023-06-04,4030,Revenue – Catering,0.0,473058.1,AR-2023-0975,
2023-06-04,1100,Accounts Receivable,138903.45,0.0,AR-2023-0978,
2023-06-04,4030,Revenue – Catering,0.0,138903.45,AR-2023-0978,
2023-06-04,1100,Accounts Receivable,315373.9,0.0,AR-2023-0982,
2023-06-04,4030,Revenue – Catering,0.0,315373.9,AR-2023-0982,
2023-06-04,1100,Accounts Receivable,268822.01,0.0,AR-2023-0983,
2023-06-04,4030,Revenue – Catering,0.0,268822.01,AR-2023-0983,
2023-06-04,1100,Accounts Receivable,443003.96,0.0,AR-2023-0994,
2023-06-04,4030,Revenue – Catering,0.0,443003.96,AR-2023-0994,
2023-06-04,1100,Accounts Receivable,392640.1,0.0,AR-2023-0996,
2023-06-04,4030,Revenue – Catering,0.0,392640.1,AR-2023-0996,
2023-06-04,6110,Utilities,618551.41,0.0,INV-2023-0027,Electricity & water — Riyadh South DC
2023-06-04,2000,Accounts Payable,0.0,618551.41,INV-2023-0027,
2023-06-04,5000,COGS – Food,123984.17,0.0,INV-2023-0190,
2023-06-04,2000,Accounts Payable,0.0,123984.17,INV-2023-0190,
2023-06-04,5020,COGS – Household,159638.07,0.0,INV-2023-0726,OTC & consumer health replenishment
2023-06-04,2000,Accounts Payable,0.0,159638.07,INV-2023-0726,
2023-06-04,2000,Accounts Payable,161770.38,0.0,INV-2023-0891,Payment
2023-06-04,1000,Cash – SNB Operating SAR,0.0,161770.38,INV-2023-0891,Payment
2023-06-04,2000,Accounts Payable,767939.86,0.0,INV-2023-1078,Payment
2023-06-04,1000,Cash – SNB Operating SAR,0.0,767939.86,INV-2023-1078,Payment
2023-06-04,6100,Rent Expense,758969.88,0.0,INV-2023-1091,Warehouse lease — Riyadh South DC
2023-06-04,2000,Accounts Payable,0.0,758969.88,INV-2023-1091,
2023-06-04,6100,Rent Expense,985926.13,0.0,INV-2023-1103,Warehouse lease — Hail WH
2023-06-04,2000,Accounts Payable,0.0,985926.13,INV-2023-1103,
2023-06-04,2000,Accounts Payable,204781.5,0.0,INV-2023-1196,Payment
2023-06-04,1000,Cash – SNB Operating SAR,0.0,204781.5,INV-2023-1196,Payment
2023-06-05,1100,Accounts Receivable,348292.64,0.0,AR-2023-0618,
2023-06-05,4020,Revenue – Government,0.0,348292.64,AR-2023-0618,
2023-06-05,1100,Accounts Receivable,123575.48,0.0,AR-2023-0624,
2023-06-05,4020,Revenue – Government,0.0,123575.48,AR-2023-0624,
2023-06-05,1100,Accounts Receivable,428846.53,0.0,AR-2023-0628,
2023-06-05,4020,Revenue – Government,0.0,428846.53,AR-2023-0628,
2023-06-05,1000,Cash – SNB Operating SAR,438675.71,0.0,AR-2023-0852,Collection
2023-06-05,1100,Accounts Receivable,0.0,438675.71,AR-2023-0852,Collection
2023-06-05,1000,Cash – SNB Operating SAR,406630.07,0.0,AR-2023-0911,Collection
2023-06-05,1100,Accounts Receivable,0.0,406630.07,AR-2023-0911,Collection
2023-06-05,1100,Accounts Receivable,1028948.3,0.0,AR-2023-0967,
2023-06-05,4030,Revenue – Catering,0.0,1028948.3,AR-2023-0967,
2023-06-05,1100,Accounts Receivable,895620.71,0.0,AR-2023-0976,
2023-06-05,4030,Revenue – Catering,0.0,895620.71,AR-2023-0976,
2023-06-05,1100,Accounts Receivable,322030.67,0.0,AR-2023-0988,
2023-06-05,4030,Revenue – Catering,0.0,322030.67,AR-2023-0988,
2023-06-05,2000,Accounts Payable,81900.3,0.0,INV-2023-0455,Payment
2023-06-05,1000,Cash – SNB Operating SAR,0.0,81900.3,INV-2023-0455,Payment
2023-06-05,5020,COGS – Household,154806.08,0.0,INV-2023-0685,
2023-06-05,2000,Accounts Payable,0.0,154806.08,INV-2023-0685,
2023-06-05,2000,Accounts Payable,84162.27,0.0,INV-2023-0809,Payment
2023-06-05,1000,Cash – SNB Operating SAR,0.0,84162.27,INV-2023-0809,Payment
2023-06-05,6300,Logistics – 3PL,264128.33,0.0,INV-2023-1034,Line-haul & distribution services
2023-06-05,2000,Accounts Payable,0.0,264128.33,INV-2023-1034,
2023-06-05,2000,Accounts Payable,47620.85,0.0,INV-2023-1209,Payment
2023-06-05,1000,Cash – SNB Operating SAR,0.0,47620.85,INV-2023-1209,Payment
2023-06-06,1100,Accounts Receivable,601956.94,0.0,AR-2023-0165,
2023-06-06,4000,Revenue – Modern Trade,0.0,601956.94,AR-2023-0165,
2023-06-06,1100,Accounts Receivable,418557.13,0.0,AR-2023-0612,
2023-06-06,4020,Revenue – Government,0.0,418557.13,AR-2023-0612,
2023-06-06,1100,Accounts Receivable,212769.26,0.0,AR-2023-0623,
2023-06-06,4020,Revenue – Government,0.0,212769.26,AR-2023-0623,
2023-06-06,1100,Accounts Receivable,251789.66,0.0,AR-2023-0625,
2023-06-06,4020,Revenue – Government,0.0,251789.66,AR-2023-0625,
2023-06-06,1100,Accounts Receivable,991674.22,0.0,AR-2023-0626,
2023-06-06,4020,Revenue – Government,0.0,991674.22,AR-2023-0626,
2023-06-06,1000,Cash – SNB Operating SAR,360233.87,0.0,AR-2023-0898,Collection
2023-06-06,1100,Accounts Receivable,0.0,360233.87,AR-2023-0898,Collection
2023-06-06,2000,Accounts Payable,170187.85,0.0,INV-2023-0366,Payment
2023-06-06,1000,Cash – SNB Operating SAR,0.0,170187.85,INV-2023-0366,Payment
2023-06-06,2000,Accounts Payable,164454.73,0.0,INV-2023-0434,Payment
2023-06-06,1000,Cash – SNB Operating SAR,0.0,164454.73,INV-2023-0434,Payment
2023-06-06,5010,COGS – Beverages,97305.77,0.0,INV-2023-0466,OTC & consumer health replenishment
2023-06-06,2000,Accounts Payable,0.0,97305.77,INV-2023-0466,
2023-06-06,2000,Accounts Payable,145340.4,0.0,INV-2023-0471,Payment
2023-06-06,1000,Cash – SNB Operating SAR,0.0,145340.4,INV-2023-0471,Payment
2023-06-06,5020,COGS – Household,105380.19,0.0,INV-2023-0675,Bulk SKUs — monthly replenishment
2023-06-06,2000,Accounts Payable,0.0,105380.19,INV-2023-0675,
2023-06-06,5020,COGS – Household,166259.91,0.0,INV-2023-0729,
2023-06-06,2000,Accounts Payable,0.0,166259.91,INV-2023-0729,
2023-06-06,2000,Accounts Payable,39259.48,0.0,INV-2023-1170,Payment
2023-06-06,1000,Cash – SNB Operating SAR,0.0,39259.48,INV-2023-1170,Payment
2023-06-06,5100,Freight Inwards,28402.25,0.0,INV-2023-1187,
2023-06-06,2000,Accounts Payable,0.0,28402.25,INV-2023-1187,
2023-06-07,1000,Cash – SNB Operating SAR,618200.02,0.0,AR-2023-0138,Collection
2023-06-07,1100,Accounts Receivable,0.0,618200.02,AR-2023-0138,Collection
2023-06-07,1100,Accounts Receivable,289511.61,0.0,AR-2023-0419,
2023-06-07,4010,Revenue – Hospitality,0.0,289511.61,AR-2023-0419,
2023-06-07,1100,Accounts Receivable,316118.32,0.0,AR-2023-0425,
2023-06-07,4010,Revenue – Hospitality,0.0,316118.32,AR-2023-0425,
2023-06-07,1000,Cash – SNB Operating SAR,450485.46,0.0,AR-2023-0903,Collection
2023-06-07,1100,Accounts Receivable,0.0,450485.46,AR-2023-0903,Collection
2023-06-07,1000,Cash – SNB Operating SAR,225663.71,0.0,AR-2023-0915,Collection
2023-06-07,1100,Accounts Receivable,0.0,225663.71,AR-2023-0915,Collection
2023-06-07,1100,Accounts Receivable,231591.69,0.0,AR-2023-0979,
2023-06-07,4030,Revenue – Catering,0.0,231591.69,AR-2023-0979,
2023-06-07,2000,Accounts Payable,116295.72,0.0,INV-2023-0213,Payment
2023-06-07,1000,Cash – SNB Operating SAR,0.0,116295.72,INV-2023-0213,Payment
2023-06-07,5010,COGS – Beverages,170581.64,0.0,INV-2023-0393,
2023-06-07,2000,Accounts Payable,0.0,170581.64,INV-2023-0393,
2023-06-07,5030,COGS – Cosmetics,155087.26,0.0,INV-2023-0888,Antibiotics + analgesics — bulk SKUs
2023-06-07,2000,Accounts Payable,0.0,155087.26,INV-2023-0888,
2023-06-07,2000,Accounts Payable,64874.78,0.0,INV-2023-0941,Payment
2023-06-07,1000,Cash – SNB Operating SAR,0.0,64874.78,INV-2023-0941,Payment
2023-06-07,6300,Logistics – 3PL,226306.75,0.0,INV-2023-0981,Line-haul & distribution services
2023-06-07,2000,Accounts Payable,0.0,226306.75,INV-2023-0981,
2023-06-07,2000,Accounts Payable,232366.76,0.0,INV-2023-1006,Payment
2023-06-07,1000,Cash – SNB Operating SAR,0.0,232366.76,INV-2023-1006,Payment
2023-06-07,6200,Marketing & Advertising,30816.41,0.0,INV-2023-1127,
2023-06-07,2000,Accounts Payable,0.0,30816.41,INV-2023-1127,
2023-06-07,6220,Professional Fees,73985.34,0.0,INV-2023-1178,
2023-06-07,2000,Accounts Payable,0.0,73985.34,INV-2023-1178,
2023-06-08,1000,Cash – SNB Operating SAR,446140.04,0.0,AR-2023-0093,Collection
2023-06-08,1100,Accounts Receivable,0.0,446140.04,AR-2023-0093,Collection
2023-06-08,1000,Cash – SNB Operating SAR,241954.26,0.0,AR-2023-0096,Collection
2023-06-08,1100,Accounts Receivable,0.0,241954.26,AR-2023-0096,Collection
2023-06-08,1100,Accounts Receivable,273209.9,0.0,AR-2023-0160,
2023-06-08,4000,Revenue – Modern Trade,0.0,273209.9,AR-2023-0160,
2023-06-08,1000,Cash – SNB Operating SAR,750997.07,0.0,AR-2023-0410,Collection
2023-06-08,1100,Accounts Receivable,0.0,750997.07,AR-2023-0410,Collection
2023-06-08,1000,Cash – SNB Operating SAR,1067019.29,0.0,AR-2023-0851,Collection
2023-06-08,1100,Accounts Receivable,0.0,1067019.29,AR-2023-0851,Collection
2023-06-08,1000,Cash – SNB Operating SAR,416685.55,0.0,AR-2023-0873,Collection
2023-06-08,1100,Accounts Receivable,0.0,416685.55,AR-2023-0873,Collection
2023-06-08,1000,Cash – SNB Operating SAR,100963.07,0.0,AR-2023-0897,Collection
2023-06-08,1100,Accounts Receivable,0.0,100963.07,AR-2023-0897,Collection
2023-06-08,1000,Cash – SNB Operating SAR,527366.03,0.0,AR-2023-0902,Collection
2023-06-08,1100,Accounts Receivable,0.0,527366.03,AR-2023-0902,Collection
2023-06-08,1100,Accounts Receivable,168096.95,0.0,AR-2023-0989,
2023-06-08,4030,Revenue – Catering,0.0,168096.95,AR-2023-0989,
2023-06-08,6110,Utilities,446403.41,0.0,INV-2023-0026,Electricity & water — Riyadh North DC
2023-06-08,2000,Accounts Payable,0.0,446403.41,INV-2023-0026,
2023-06-08,2000,Accounts Payable,145546.44,0.0,INV-2023-0067,Payment
2023-06-08,1000,Cash – SNB Operating SAR,0.0,145546.44,INV-2023-0067,Payment
2023-06-08,2000,Accounts Payable,157971.17,0.0,INV-2023-0120,Payment
2023-06-08,1000,Cash – SNB Operating SAR,0.0,157971.17,INV-2023-0120,Payment
2023-06-08,5010,COGS – Beverages,90435.55,0.0,INV-2023-0392,
2023-06-08,2000,Accounts Payable,0.0,90435.55,INV-2023-0392,
2023-06-08,2000,Accounts Payable,134996.51,0.0,INV-2023-0426,Payment
2023-06-08,1000,Cash – SNB Operating SAR,0.0,134996.51,INV-2023-0426,Payment
2023-06-08,2000,Accounts Payable,104250.36,0.0,INV-2023-0610,Payment
2023-06-08,1000,Cash – SNB Operating SAR,0.0,104250.36,INV-2023-0610,Payment
2023-06-08,2000,Accounts Payable,63737.78,0.0,INV-2023-0912,Payment
2023-06-08,1000,Cash – SNB Operating SAR,0.0,63737.78,INV-2023-0912,Payment
2023-06-08,6300,Logistics – 3PL,126518.67,0.0,INV-2023-0996,Line-haul & distribution services
2023-06-08,2000,Accounts Payable,0.0,126518.67,INV-2023-0996,
2023-06-09,1100,Accounts Receivable,419928.74,0.0,AR-2023-0164,
2023-06-09,4000,Revenue – Modern Trade,0.0,419928.74,AR-2023-0164,
2023-06-09,1000,Cash – SNB Operating SAR,127791.91,0.0,AR-2023-0391,Collection
2023-06-09,1100,Accounts Receivable,0.0,127791.91,AR-2023-0391,Collection
2023-06-09,1000,Cash – SNB Operating SAR,138408.43,0.0,AR-2023-0887,Collection
2023-06-09,1100,Accounts Receivable,0.0,138408.43,AR-2023-0887,Collection
2023-06-09,1000,Cash – SNB Operating SAR,1113727.88,0.0,AR-2023-0908,Collection
2023-06-09,1100,Accounts Receivable,0.0,1113727.88,AR-2023-0908,Collection
2023-06-09,1100,Accounts Receivable,381693.16,0.0,AR-2023-0974,
2023-06-09,4030,Revenue – Catering,0.0,381693.16,AR-2023-0974,
2023-06-09,6110,Utilities,491861.65,0.0,INV-2023-0028,Electricity & water — Qassim WH
2023-06-09,2000,Accounts Payable,0.0,491861.65,INV-2023-0028,
2023-06-09,6110,Utilities,458250.47,0.0,INV-2023-0030,Electricity & water — HQ Riyadh Olaya
2023-06-09,2000,Accounts Payable,0.0,458250.47,INV-2023-0030,
2023-06-09,5000,COGS – Food,148282.75,0.0,INV-2023-0154,OTC & consumer health replenishment
2023-06-09,2000,Accounts Payable,0.0,148282.75,INV-2023-0154,
2023-06-09,5000,COGS – Food,151262.74,0.0,INV-2023-0170,OTC & consumer health replenishment
2023-06-09,2000,Accounts Payable,0.0,151262.74,INV-2023-0170,
2023-06-09,2000,Accounts Payable,110390.51,0.0,INV-2023-0396,Payment
2023-06-09,1000,Cash – SNB Operating SAR,0.0,110390.51,INV-2023-0396,Payment
2023-06-09,5020,COGS – Household,159884.89,0.0,INV-2023-0567,Bulk SKUs — monthly replenishment
2023-06-09,2000,Accounts Payable,0.0,159884.89,INV-2023-0567,
2023-06-09,5020,COGS – Household,152824.8,0.0,INV-2023-0629,
2023-06-09,2000,Accounts Payable,0.0,152824.8,INV-2023-0629,
2023-06-09,2000,Accounts Payable,137148.01,0.0,INV-2023-0875,Payment
2023-06-09,1000,Cash – SNB Operating SAR,0.0,137148.01,INV-2023-0875,Payment
2023-06-09,2000,Accounts Payable,77064.33,0.0,INV-2023-1135,Payment
2023-06-09,1000,Cash – SNB Operating SAR,0.0,77064.33,INV-2023-1135,Payment
2023-06-09,6220,Professional Fees,53579.71,0.0,INV-2023-1166,
2023-06-09,2000,Accounts Payable,0.0,53579.71,INV-2023-1166,
2023-06-10,1000,Cash – SNB Operating SAR,214207.95,0.0,AR-2023-0886,Collection
2023-06-10,1100,Accounts Receivable,0.0,214207.95,AR-2023-0886,Collection
2023-06-10,1000,Cash – SNB Operating SAR,482012.44,0.0,AR-2023-0918,Collection
2023-06-10,1100,Accounts Receivable,0.0,482012.44,AR-2023-0918,Collection
2023-06-10,1100,Accounts Receivable,232469.19,0.0,AR-2023-0995,
2023-06-10,4030,Revenue – Catering,0.0,232469.19,AR-2023-0995,
2023-06-10,2000,Accounts Payable,137335.03,0.0,INV-2023-0557,Payment
2023-06-10,1000,Cash – SNB Operating SAR,0.0,137335.03,INV-2023-0557,Payment
2023-06-10,5030,COGS – Cosmetics,114564.25,0.0,INV-2023-0826,
2023-06-10,2000,Accounts Payable,0.0,114564.25,INV-2023-0826,
2023-06-10,2000,Accounts Payable,121611.2,0.0,INV-2023-0846,Payment
2023-06-10,1000,Cash – SNB Operating SAR,0.0,121611.2,INV-2023-0846,Payment
2023-06-10,2000,Accounts Payable,130039.78,0.0,INV-2023-1039,Payment
2023-06-10,1000,Cash – SNB Operating SAR,0.0,130039.78,INV-2023-1039,Payment
2023-06-10,6300,Logistics – 3PL,360799.79,0.0,INV-2023-1047,Line-haul & distribution services
2023-06-10,2000,Accounts Payable,0.0,360799.79,INV-2023-1047,
2023-06-10,2000,Accounts Payable,61207.96,0.0,INV-2023-1124,Payment
2023-06-10,1000,Cash – SNB Operating SAR,0.0,61207.96,INV-2023-1124,Payment
2023-06-10,5020,COGS – Household,178770.9,0.0,INV-2023-1197,"Blister & carton packaging PKG-1101 — 23,217 units @ SAR 7.70 (CT-2023-466)"
2023-06-10,2000,Accounts Payable,0.0,178770.9,INV-2023-1197,
2023-06-11,1100,Accounts Receivable,228560.7,0.0,AR-2023-0167,
2023-06-11,4000,Revenue – Modern Trade,0.0,228560.7,AR-2023-0167,
2023-06-11,1000,Cash – SNB Operating SAR,410046.66,0.0,AR-2023-0395,Collection
2023-06-11,1100,Accounts Receivable,0.0,410046.66,AR-2023-0395,Collection
2023-06-11,1100,Accounts Receivable,268295.97,0.0,AR-2023-0418,
2023-06-11,4010,Revenue – Hospitality,0.0,268295.97,AR-2023-0418,
2023-06-11,1100,Accounts Receivable,102434.98,0.0,AR-2023-0421,
2023-06-11,4010,Revenue – Hospitality,0.0,102434.98,AR-2023-0421,
2023-06-11,1000,Cash – SNB Operating SAR,851596.96,0.0,AR-2023-0588,Collection
2023-06-11,1100,Accounts Receivable,0.0,851596.96,AR-2023-0588,Collection
2023-06-11,1000,Cash – SNB Operating SAR,1113727.88,0.0,AR-2023-0910,Collection
2023-06-11,1100,Accounts Receivable,0.0,1113727.88,AR-2023-0910,Collection
2023-06-11,2000,Accounts Payable,157167.29,0.0,INV-2023-0084,Payment
2023-06-11,1000,Cash – SNB Operating SAR,0.0,157167.29,INV-2023-0084,Payment
2023-06-11,5000,COGS – Food,125483.4,0.0,INV-2023-0143,Antibiotics + analgesics — bulk SKUs
2023-06-11,2000,Accounts Payable,0.0,125483.4,INV-2023-0143,
2023-06-11,2000,Accounts Payable,128257.76,0.0,INV-2023-0144,Payment
2023-06-11,1000,Cash – SNB Operating SAR,0.0,128257.76,INV-2023-0144,Payment
2023-06-11,2000,Accounts Payable,88269.18,0.0,INV-2023-0377,Payment
2023-06-11,1000,Cash – SNB Operating SAR,0.0,88269.18,INV-2023-0377,Payment
2023-06-11,5010,COGS – Beverages,153108.89,0.0,INV-2023-0464,Bulk SKUs — monthly replenishment
2023-06-11,2000,Accounts Payable,0.0,153108.89,INV-2023-0464,
2023-06-11,5010,COGS – Beverages,127778.94,0.0,INV-2023-0527,Antibiotics + analgesics — bulk SKUs
2023-06-11,2000,Accounts Payable,0.0,127778.94,INV-2023-0527,
2023-06-11,2000,Accounts Payable,106061.22,0.0,INV-2023-0533,Payment
2023-06-11,1000,Cash – SNB Operating SAR,0.0,106061.22,INV-2023-0533,Payment
2023-06-11,5020,COGS – Household,91328.67,0.0,INV-2023-0564,Bulk SKUs — monthly replenishment
2023-06-11,2000,Accounts Payable,0.0,91328.67,INV-2023-0564,
2023-06-11,5020,COGS – Household,68480.76,0.0,INV-2023-0689,Antibiotics + analgesics — bulk SKUs
2023-06-11,2000,Accounts Payable,0.0,68480.76,INV-2023-0689,
2023-06-11,2000,Accounts Payable,139299.89,0.0,INV-2023-0915,Payment
2023-06-11,1000,Cash – SNB Operating SAR,0.0,139299.89,INV-2023-0915,Payment
2023-06-11,6300,Logistics – 3PL,199521.54,0.0,INV-2023-0956,Line-haul & distribution services
2023-06-11,2000,Accounts Payable,0.0,199521.54,INV-2023-0956,
2023-06-11,2000,Accounts Payable,37339.69,0.0,INV-2023-1154,Payment
2023-06-11,1000,Cash – SNB Operating SAR,0.0,37339.69,INV-2023-1154,Payment
2023-06-12,1000,Cash – SNB Operating SAR,347579.94,0.0,AR-2023-0108,Collection
2023-06-12,1100,Accounts Receivable,0.0,347579.94,AR-2023-0108,Collection
2023-06-12,1100,Accounts Receivable,992479.44,0.0,AR-2023-0154,
2023-06-12,4000,Revenue – Modern Trade,0.0,992479.44,AR-2023-0154,
2023-06-12,1000,Cash – SNB Operating SAR,274029.86,0.0,AR-2023-0582,Collection
2023-06-12,1100,Accounts Receivable,0.0,274029.86,AR-2023-0582,Collection
2023-06-12,1000,Cash – SNB Operating SAR,665013.11,0.0,AR-2023-0892,Collection
2023-06-12,1100,Accounts Receivable,0.0,665013.11,AR-2023-0892,Collection
2023-06-12,1100,Accounts Receivable,713719.55,0.0,AR-2023-0984,
2023-06-12,4030,Revenue – Catering,0.0,713719.55,AR-2023-0984,
2023-06-12,5000,COGS – Food,122718.2,0.0,INV-2023-0271,Antibiotics + analgesics — bulk SKUs
2023-06-12,2000,Accounts Payable,0.0,122718.2,INV-2023-0271,
2023-06-12,2000,Accounts Payable,112591.95,0.0,INV-2023-0703,Payment
2023-06-12,1000,Cash – SNB Operating SAR,0.0,112591.95,INV-2023-0703,Payment
2023-06-12,5030,COGS – Cosmetics,114853.66,0.0,INV-2023-0827,OTC & consumer health replenishment
2023-06-12,2000,Accounts Payable,0.0,114853.66,INV-2023-0827,
2023-06-12,2000,Accounts Payable,123747.78,0.0,INV-2023-0839,Payment
2023-06-12,1000,Cash – SNB Operating SAR,0.0,123747.78,INV-2023-0839,Payment
2023-06-12,2000,Accounts Payable,43454.15,0.0,INV-2023-1161,Payment
2023-06-12,1000,Cash – SNB Operating SAR,0.0,43454.15,INV-2023-1161,Payment
2023-06-13,1000,Cash – SNB Operating SAR,167592.79,0.0,AR-2023-0122,Collection
2023-06-13,1100,Accounts Receivable,0.0,167592.79,AR-2023-0122,Collection
2023-06-13,1100,Accounts Receivable,712381.1,0.0,AR-2023-0173,
2023-06-13,4000,Revenue – Modern Trade,0.0,712381.1,AR-2023-0173,
2023-06-13,1000,Cash – SNB Operating SAR,845062.35,0.0,AR-2023-0594,Collection
2023-06-13,1100,Accounts Receivable,0.0,845062.35,AR-2023-0594,Collection
2023-06-13,1000,Cash – SNB Operating SAR,87538.01,0.0,AR-2023-0601,Collection
2023-06-13,1100,Accounts Receivable,0.0,87538.01,AR-2023-0601,Collection
2023-06-13,1100,Accounts Receivable,296463.12,0.0,AR-2023-0619,
2023-06-13,4020,Revenue – Government,0.0,296463.12,AR-2023-0619,
2023-06-13,5000,COGS – Food,92727.33,0.0,INV-2023-0073,Antibiotics + analgesics — bulk SKUs
2023-06-13,2000,Accounts Payable,0.0,92727.33,INV-2023-0073,
2023-06-13,2000,Accounts Payable,111596.76,0.0,INV-2023-0109,Payment
2023-06-13,1000,Cash – SNB Operating SAR,0.0,111596.76,INV-2023-0109,Payment
2023-06-13,2000,Accounts Payable,119255.2,0.0,INV-2023-0236,Payment
2023-06-13,1000,Cash – SNB Operating SAR,0.0,119255.2,INV-2023-0236,Payment
2023-06-13,2000,Accounts Payable,150979.38,0.0,INV-2023-0318,Payment
2023-06-13,1000,Cash – SNB Operating SAR,0.0,150979.38,INV-2023-0318,Payment
2023-06-13,2000,Accounts Payable,65730.6,0.0,INV-2023-0492,Payment
2023-06-13,1000,Cash – SNB Operating SAR,0.0,65730.6,INV-2023-0492,Payment
2023-06-13,5010,COGS – Beverages,109324.15,0.0,INV-2023-0540,Bulk SKUs — monthly replenishment
2023-06-13,2000,Accounts Payable,0.0,109324.15,INV-2023-0540,
2023-06-13,2000,Accounts Payable,174693.81,0.0,INV-2023-0570,Payment
2023-06-13,1000,Cash – SNB Operating SAR,0.0,174693.81,INV-2023-0570,Payment
2023-06-13,5020,COGS – Household,147273.37,0.0,INV-2023-0605,Antibiotics + analgesics — bulk SKUs
2023-06-13,2000,Accounts Payable,0.0,147273.37,INV-2023-0605,
2023-06-13,5020,COGS – Household,72725.31,0.0,INV-2023-0737,
2023-06-13,2000,Accounts Payable,0.0,72725.31,INV-2023-0737,
2023-06-13,5030,COGS – Cosmetics,158583.53,0.0,INV-2023-0844,Antibiotics + analgesics — bulk SKUs
2023-06-13,2000,Accounts Payable,0.0,158583.53,INV-2023-0844,
2023-06-13,6300,Logistics – 3PL,252597.31,0.0,INV-2023-0944,Line-haul & distribution services
2023-06-13,2000,Accounts Payable,0.0,252597.31,INV-2023-0944,
2023-06-14,1000,Cash – SNB Operating SAR,664387.88,0.0,AR-2023-0135,Collection
2023-06-14,1100,Accounts Receivable,0.0,664387.88,AR-2023-0135,Collection
2023-06-14,1100,Accounts Receivable,250567.74,0.0,AR-2023-0170,
2023-06-14,4000,Revenue – Modern Trade,0.0,250567.74,AR-2023-0170,
2023-06-14,1000,Cash – SNB Operating SAR,138652.63,0.0,AR-2023-0583,Collection
2023-06-14,1100,Accounts Receivable,0.0,138652.63,AR-2023-0583,Collection
2023-06-14,1000,Cash – SNB Operating SAR,163230.39,0.0,AR-2023-0912,Collection
2023-06-14,1100,Accounts Receivable,0.0,163230.39,AR-2023-0912,Collection
2023-06-14,1000,Cash – SNB Operating SAR,772129.31,0.0,AR-2023-0960,Collection
2023-06-14,1100,Accounts Receivable,0.0,772129.31,AR-2023-0960,Collection
2023-06-14,1100,Accounts Receivable,681082.24,0.0,AR-2023-0968,
2023-06-14,4030,Revenue – Catering,0.0,681082.24,AR-2023-0968,
2023-06-14,1100,Accounts Receivable,1024449.38,0.0,AR-2023-0990,
2023-06-14,4030,Revenue – Catering,0.0,1024449.38,AR-2023-0990,
2023-06-14,1100,Accounts Receivable,602884.35,0.0,AR-2023-0992,
2023-06-14,4030,Revenue – Catering,0.0,602884.35,AR-2023-0992,
2023-06-14,2000,Accounts Payable,96949.54,0.0,INV-2023-0312,Payment
2023-06-14,1000,Cash – SNB Operating SAR,0.0,96949.54,INV-2023-0312,Payment
2023-06-14,5010,COGS – Beverages,90842.98,0.0,INV-2023-0483,
2023-06-14,2000,Accounts Payable,0.0,90842.98,INV-2023-0483,
2023-06-14,5030,COGS – Cosmetics,65930.16,0.0,INV-2023-0788,Antibiotics + analgesics — bulk SKUs
2023-06-14,2000,Accounts Payable,0.0,65930.16,INV-2023-0788,
2023-06-14,6300,Logistics – 3PL,277332.43,0.0,INV-2023-0947,Line-haul & distribution services
2023-06-14,2000,Accounts Payable,0.0,277332.43,INV-2023-0947,
2023-06-14,5010,COGS – Beverages,68006.98,0.0,INV-2023-1206,Branded generics + OTC
2023-06-14,2000,Accounts Payable,0.0,68006.98,INV-2023-1206,
2023-06-15,1000,Cash – SNB Operating SAR,1038874.92,0.0,AR-2023-0107,Collection
2023-06-15,1100,Accounts Receivable,0.0,1038874.92,AR-2023-0107,Collection
2023-06-15,1000,Cash – SNB Operating SAR,357007.52,0.0,AR-2023-0403,Collection
2023-06-15,1100,Accounts Receivable,0.0,357007.52,AR-2023-0403,Collection
2023-06-15,1100,Accounts Receivable,177707.05,0.0,AR-2023-0422,
2023-06-15,4010,Revenue – Hospitality,0.0,177707.05,AR-2023-0422,
2023-06-15,1100,Accounts Receivable,191870.99,0.0,AR-2023-0430,
2023-06-15,4010,Revenue – Hospitality,0.0,191870.99,AR-2023-0430,
2023-06-15,1100,Accounts Receivable,717828.56,0.0,AR-2023-0622,
2023-06-15,4020,Revenue – Government,0.0,717828.56,AR-2023-0622,
2023-06-15,1000,Cash – SNB Operating SAR,1113727.88,0.0,AR-2023-0894,Collection
2023-06-15,1100,Accounts Receivable,0.0,1113727.88,AR-2023-0894,Collection
2023-06-15,1000,Cash – SNB Operating SAR,145576.98,0.0,AR-2023-0913,Collection
2023-06-15,1100,Accounts Receivable,0.0,145576.98,AR-2023-0913,Collection
2023-06-15,5000,COGS – Food,65499.13,0.0,INV-2023-0141,OTC & consumer health replenishment
2023-06-15,2000,Accounts Payable,0.0,65499.13,INV-2023-0141,
2023-06-15,2000,Accounts Payable,74445.97,0.0,INV-2023-0315,Payment
2023-06-15,1000,Cash – SNB Operating SAR,0.0,74445.97,INV-2023-0315,Payment
2023-06-15,2000,Accounts Payable,128229.12,0.0,INV-2023-0481,Payment
2023-06-15,1000,Cash – SNB Operating SAR,0.0,128229.12,INV-2023-0481,Payment
2023-06-15,2000,Accounts Payable,156268.46,0.0,INV-2023-0524,Payment
2023-06-15,1000,Cash – SNB Operating SAR,0.0,156268.46,INV-2023-0524,Payment
2023-06-15,2000,Accounts Payable,146231.33,0.0,INV-2023-0609,Payment
2023-06-15,1000,Cash – SNB Operating SAR,0.0,146231.33,INV-2023-0609,Payment
2023-06-16,1100,Accounts Receivable,747135.94,0.0,AR-2023-0615,
2023-06-16,4020,Revenue – Government,0.0,747135.94,AR-2023-0615,
2023-06-16,1100,Accounts Receivable,416252.39,0.0,AR-2023-0631,
2023-06-16,4020,Revenue – Government,0.0,416252.39,AR-2023-0631,
2023-06-16,1000,Cash – SNB Operating SAR,299883.39,0.0,AR-2023-0907,Collection
2023-06-16,1100,Accounts Receivable,0.0,299883.39,AR-2023-0907,Collection
2023-06-16,1100,Accounts Receivable,287798.68,0.0,AR-2023-0961,
2023-06-16,4030,Revenue – Catering,0.0,287798.68,AR-2023-0961,
2023-06-16,2000,Accounts Payable,125479.06,0.0,INV-2023-0070,Payment
2023-06-16,1000,Cash – SNB Operating SAR,0.0,125479.06,INV-2023-0070,Payment
2023-06-16,5000,COGS – Food,133690.29,0.0,INV-2023-0087,
2023-06-16,2000,Accounts Payable,0.0,133690.29,INV-2023-0087,
2023-06-16,2000,Accounts Payable,126485.04,0.0,INV-2023-0221,Payment
2023-06-16,1000,Cash – SNB Operating SAR,0.0,126485.04,INV-2023-0221,Payment
2023-06-16,5010,COGS – Beverages,101324.41,0.0,INV-2023-0342,Bulk SKUs — monthly replenishment
2023-06-16,2000,Accounts Payable,0.0,101324.41,INV-2023-0342,
2023-06-16,5010,COGS – Beverages,114673.68,0.0,INV-2023-0473,Bulk SKUs — monthly replenishment
2023-06-16,2000,Accounts Payable,0.0,114673.68,INV-2023-0473,
2023-06-16,2000,Accounts Payable,157196.18,0.0,INV-2023-0772,Payment
2023-06-16,1000,Cash – SNB Operating SAR,0.0,157196.18,INV-2023-0772,Payment
2023-06-17,1000,Cash – SNB Operating SAR,440356.11,0.0,AR-2023-0106,Collection
2023-06-17,1100,Accounts Receivable,0.0,440356.11,AR-2023-0106,Collection
2023-06-17,1000,Cash – SNB Operating SAR,489269.83,0.0,AR-2023-0111,Collection
2023-06-17,1100,Accounts Receivable,0.0,489269.83,AR-2023-0111,Collection
2023-06-17,1000,Cash – SNB Operating SAR,135454.71,0.0,AR-2023-0412,Collection
2023-06-17,1100,Accounts Receivable,0.0,135454.71,AR-2023-0412,Collection
2023-06-17,1100,Accounts Receivable,871454.22,0.0,AR-2023-0427,
2023-06-17,4010,Revenue – Hospitality,0.0,871454.22,AR-2023-0427,
2023-06-17,1100,Accounts Receivable,134000.94,0.0,AR-2023-0986,
2023-06-17,4030,Revenue – Catering,0.0,134000.94,AR-2023-0986,
2023-06-17,2000,Accounts Payable,105232.16,0.0,INV-2023-0218,Payment
2023-06-17,1000,Cash – SNB Operating SAR,0.0,105232.16,INV-2023-0218,Payment
2023-06-17,2000,Accounts Payable,69307.26,0.0,INV-2023-0295,Payment
2023-06-17,1000,Cash – SNB Operating SAR,0.0,69307.26,INV-2023-0295,Payment
2023-06-17,2000,Accounts Payable,172303.43,0.0,INV-2023-0300,Payment
2023-06-17,1000,Cash – SNB Operating SAR,0.0,172303.43,INV-2023-0300,Payment
2023-06-17,5010,COGS – Beverages,125224.19,0.0,INV-2023-0369,
2023-06-17,2000,Accounts Payable,0.0,125224.19,INV-2023-0369,
2023-06-17,2000,Accounts Payable,81245.38,0.0,INV-2023-0500,Payment
2023-06-17,1000,Cash – SNB Operating SAR,0.0,81245.38,INV-2023-0500,Payment
2023-06-17,5010,COGS – Beverages,122171.69,0.0,INV-2023-0525,OTC & consumer health replenishment
2023-06-17,2000,Accounts Payable,0.0,122171.69,INV-2023-0525,
2023-06-17,2000,Accounts Payable,149191.51,0.0,INV-2023-0820,Payment
2023-06-17,1000,Cash – SNB Operating SAR,0.0,149191.51,INV-2023-0820,Payment
2023-06-17,2000,Accounts Payable,138097.27,0.0,INV-2023-0824,Payment
2023-06-17,1000,Cash – SNB Operating SAR,0.0,138097.27,INV-2023-0824,Payment
2023-06-17,5030,COGS – Cosmetics,108729.2,0.0,INV-2023-0862,
2023-06-17,2000,Accounts Payable,0.0,108729.2,INV-2023-0862,
2023-06-17,6300,Logistics – 3PL,271664.8,0.0,INV-2023-1010,Line-haul & distribution services
2023-06-17,2000,Accounts Payable,0.0,271664.8,INV-2023-1010,
2023-06-17,5100,Freight Inwards,39291.43,0.0,INV-2023-1190,
2023-06-17,2000,Accounts Payable,0.0,39291.43,INV-2023-1190,
2023-06-18,1000,Cash – SNB Operating SAR,960115.68,0.0,AR-2023-0118,Collection
2023-06-18,1100,Accounts Receivable,0.0,960115.68,AR-2023-0118,Collection
2023-06-18,1100,Accounts Receivable,327279.75,0.0,AR-2023-0156,
2023-06-18,4000,Revenue – Modern Trade,0.0,327279.75,AR-2023-0156,
2023-06-18,1100,Accounts Receivable,350795.49,0.0,AR-2023-0429,
2023-06-18,4010,Revenue – Hospitality,0.0,350795.49,AR-2023-0429,
2023-06-18,1000,Cash – SNB Operating SAR,242883.78,0.0,AR-2023-0607,Collection
2023-06-18,1100,Accounts Receivable,0.0,242883.78,AR-2023-0607,Collection
2023-06-18,1000,Cash – SNB Operating SAR,425275.77,0.0,AR-2023-0609,Collection
2023-06-18,1100,Accounts Receivable,0.0,425275.77,AR-2023-0609,Collection
2023-06-18,1000,Cash – SNB Operating SAR,137502.59,0.0,AR-2023-0611,Collection
2023-06-18,1100,Accounts Receivable,0.0,137502.59,AR-2023-0611,Collection
2023-06-18,1100,Accounts Receivable,391658.22,0.0,AR-2023-0630,
2023-06-18,4020,Revenue – Government,0.0,391658.22,AR-2023-0630,
2023-06-18,1000,Cash – SNB Operating SAR,1057644.62,0.0,AR-2023-0949,Collection
2023-06-18,1100,Accounts Receivable,0.0,1057644.62,AR-2023-0949,Collection
2023-06-18,5000,COGS – Food,171496.73,0.0,INV-2023-0239,
2023-06-18,2000,Accounts Payable,0.0,171496.73,INV-2023-0239,
2023-06-18,2000,Accounts Payable,98355.12,0.0,INV-2023-0280,Payment
2023-06-18,1000,Cash – SNB Operating SAR,0.0,98355.12,INV-2023-0280,Payment
2023-06-18,5020,COGS – Household,89385.53,0.0,INV-2023-0658,
2023-06-18,2000,Accounts Payable,0.0,89385.53,INV-2023-0658,
2023-06-18,5020,COGS – Household,161491.44,0.0,INV-2023-0756,OTC & consumer health replenishment
2023-06-18,2000,Accounts Payable,0.0,161491.44,INV-2023-0756,
2023-06-18,5030,COGS – Cosmetics,178999.0,0.0,INV-2023-0853,Antibiotics + analgesics — bulk SKUs
2023-06-18,2000,Accounts Payable,0.0,178999.0,INV-2023-0853,
2023-06-18,2000,Accounts Payable,244374.4,0.0,INV-2023-0958,Payment
2023-06-18,1000,Cash – SNB Operating SAR,0.0,244374.4,INV-2023-0958,Payment
2023-06-18,2000,Accounts Payable,46726.72,0.0,INV-2023-1138,Payment
2023-06-18,1000,Cash – SNB Operating SAR,0.0,46726.72,INV-2023-1138,Payment
2023-06-19,1000,Cash – SNB Operating SAR,541967.15,0.0,AR-2023-0120,Collection
2023-06-19,1100,Accounts Receivable,0.0,541967.15,AR-2023-0120,Collection
2023-06-19,1100,Accounts Receivable,234561.75,0.0,AR-2023-0161,
2023-06-19,4000,Revenue – Modern Trade,0.0,234561.75,AR-2023-0161,
2023-06-19,1100,Accounts Receivable,750539.74,0.0,AR-2023-0168,
2023-06-19,4000,Revenue – Modern Trade,0.0,750539.74,AR-2023-0168,
2023-06-19,1000,Cash – SNB Operating SAR,81500.75,0.0,AR-2023-0416,Collection
2023-06-19,1100,Accounts Receivable,0.0,81500.75,AR-2023-0416,Collection
2023-06-19,1100,Accounts Receivable,408127.67,0.0,AR-2023-0617,
2023-06-19,4020,Revenue – Government,0.0,408127.67,AR-2023-0617,
2023-06-19,1000,Cash – SNB Operating SAR,97217.14,0.0,AR-2023-0924,Collection
2023-06-19,1100,Accounts Receivable,0.0,97217.14,AR-2023-0924,Collection
2023-06-19,1000,Cash – SNB Operating SAR,330981.88,0.0,AR-2023-0957,Collection
2023-06-19,1100,Accounts Receivable,0.0,330981.88,AR-2023-0957,Collection
2023-06-19,1100,Accounts Receivable,288834.51,0.0,AR-2023-0962,
2023-06-19,4030,Revenue – Catering,0.0,288834.51,AR-2023-0962,
2023-06-19,1100,Accounts Receivable,411717.35,0.0,AR-2023-0965,
2023-06-19,4030,Revenue – Catering,0.0,411717.35,AR-2023-0965,
2023-06-19,1100,Accounts Receivable,380618.38,0.0,AR-2023-0966,
2023-06-19,4030,Revenue – Catering,0.0,380618.38,AR-2023-0966,
2023-06-19,1100,Accounts Receivable,398526.01,0.0,AR-2023-0999,
2023-06-19,4030,Revenue – Catering,0.0,398526.01,AR-2023-0999,
2023-06-19,2000,Accounts Payable,144133.2,0.0,INV-2023-0103,Payment
2023-06-19,1000,Cash – SNB Operating SAR,0.0,144133.2,INV-2023-0103,Payment
2023-06-19,5000,COGS – Food,99288.44,0.0,INV-2023-0292,
2023-06-19,2000,Accounts Payable,0.0,99288.44,INV-2023-0292,
2023-06-19,2000,Accounts Payable,85118.03,0.0,INV-2023-0330,Payment
2023-06-19,1000,Cash – SNB Operating SAR,0.0,85118.03,INV-2023-0330,Payment
2023-06-19,5010,COGS – Beverages,153614.53,0.0,INV-2023-0450,Antibiotics + analgesics — bulk SKUs
2023-06-19,2000,Accounts Payable,0.0,153614.53,INV-2023-0450,
2023-06-19,2000,Accounts Payable,131279.18,0.0,INV-2023-0587,Payment
2023-06-19,1000,Cash – SNB Operating SAR,0.0,131279.18,INV-2023-0587,Payment
2023-06-19,5020,COGS – Household,116318.33,0.0,INV-2023-0602,Antibiotics + analgesics — bulk SKUs
2023-06-19,2000,Accounts Payable,0.0,116318.33,INV-2023-0602,
2023-06-19,5030,COGS – Cosmetics,60692.51,0.0,INV-2023-0920,Bulk SKUs — monthly replenishment
2023-06-19,2000,Accounts Payable,0.0,60692.51,INV-2023-0920,
2023-06-19,2000,Accounts Payable,221666.77,0.0,INV-2023-0945,Payment
2023-06-19,1000,Cash – SNB Operating SAR,0.0,221666.77,INV-2023-0945,Payment
2023-06-19,6220,Professional Fees,42871.83,0.0,INV-2023-1145,
2023-06-19,2000,Accounts Payable,0.0,42871.83,INV-2023-1145,
2023-06-20,1000,Cash – SNB Operating SAR,575615.83,0.0,AR-2023-0104,Collection
2023-06-20,1100,Accounts Receivable,0.0,575615.83,AR-2023-0104,Collection
2023-06-20,1000,Cash – SNB Operating SAR,691247.19,0.0,AR-2023-0114,Collection
2023-06-20,1100,Accounts Receivable,0.0,691247.19,AR-2023-0114,Collection
2023-06-20,1000,Cash – SNB Operating SAR,493642.8,0.0,AR-2023-0115,Collection
2023-06-20,1100,Accounts Receivable,0.0,493642.8,AR-2023-0115,Collection
2023-06-20,1100,Accounts Receivable,938887.73,0.0,AR-2023-0148,
2023-06-20,4000,Revenue – Modern Trade,0.0,938887.73,AR-2023-0148,
2023-06-20,1100,Accounts Receivable,252060.78,0.0,AR-2023-0149,
2023-06-20,4000,Revenue – Modern Trade,0.0,252060.78,AR-2023-0149,
2023-06-20,1100,Accounts Receivable,663063.21,0.0,AR-2023-0163,
2023-06-20,4000,Revenue – Modern Trade,0.0,663063.21,AR-2023-0163,
2023-06-20,1100,Accounts Receivable,218524.35,0.0,AR-2023-0169,
2023-06-20,4000,Revenue – Modern Trade,0.0,218524.35,AR-2023-0169,
2023-06-20,1100,Accounts Receivable,74671.31,0.0,AR-2023-0627,
2023-06-20,4020,Revenue – Government,0.0,74671.31,AR-2023-0627,
2023-06-20,1100,Accounts Receivable,991674.22,0.0,AR-2023-0629,
2023-06-20,4020,Revenue – Government,0.0,991674.22,AR-2023-0629,
2023-06-20,5000,COGS – Food,150675.77,0.0,INV-2023-0187,
2023-06-20,2000,Accounts Payable,0.0,150675.77,INV-2023-0187,
2023-06-20,2000,Accounts Payable,77554.48,0.0,INV-2023-0206,Payment
2023-06-20,1000,Cash – SNB Operating SAR,0.0,77554.48,INV-2023-0206,Payment
2023-06-20,5000,COGS – Food,173213.72,0.0,INV-2023-0214,Antibiotics + analgesics — bulk SKUs
2023-06-20,2000,Accounts Payable,0.0,173213.72,INV-2023-0214,
2023-06-20,5010,COGS – Beverages,87341.88,0.0,INV-2023-0391,Bulk SKUs — monthly replenishment
2023-06-20,2000,Accounts Payable,0.0,87341.88,INV-2023-0391,
2023-06-20,2000,Accounts Payable,136816.95,0.0,INV-2023-0731,Payment
2023-06-20,1000,Cash – SNB Operating SAR,0.0,136816.95,INV-2023-0731,Payment
2023-06-21,1100,Accounts Receivable,309375.22,0.0,AR-2023-0145,
2023-06-21,4000,Revenue – Modern Trade,0.0,309375.22,AR-2023-0145,
2023-06-21,1100,Accounts Receivable,122363.05,0.0,AR-2023-0166,
2023-06-21,4000,Revenue – Modern Trade,0.0,122363.05,AR-2023-0166,
2023-06-21,1000,Cash – SNB Operating SAR,214686.47,0.0,AR-2023-0901,Collection
2023-06-21,1100,Accounts Receivable,0.0,214686.47,AR-2023-0901,Collection
2023-06-21,1100,Accounts Receivable,221331.65,0.0,AR-2023-0963,
2023-06-21,4030,Revenue – Catering,0.0,221331.65,AR-2023-0963,
2023-06-21,1100,Accounts Receivable,1020530.13,0.0,AR-2023-0971,
2023-06-21,4030,Revenue – Catering,0.0,1020530.13,AR-2023-0971,
2023-06-21,5000,COGS – Food,163263.49,0.0,INV-2023-0064,OTC & consumer health replenishment
2023-06-21,2000,Accounts Payable,0.0,163263.49,INV-2023-0064,
2023-06-21,5010,COGS – Beverages,145786.62,0.0,INV-2023-0360,OTC & consumer health replenishment
2023-06-21,2000,Accounts Payable,0.0,145786.62,INV-2023-0360,
2023-06-21,2000,Accounts Payable,66405.23,0.0,INV-2023-0400,Payment
2023-06-21,1000,Cash – SNB Operating SAR,0.0,66405.23,INV-2023-0400,Payment
2023-06-21,2000,Accounts Payable,174232.04,0.0,INV-2023-0429,Payment
2023-06-21,1000,Cash – SNB Operating SAR,0.0,174232.04,INV-2023-0429,Payment
2023-06-21,2000,Accounts Payable,178549.82,0.0,INV-2023-0780,Payment
2023-06-21,1000,Cash – SNB Operating SAR,0.0,178549.82,INV-2023-0780,Payment
2023-06-21,5030,COGS – Cosmetics,143513.96,0.0,INV-2023-0834,
2023-06-21,2000,Accounts Payable,0.0,143513.96,INV-2023-0834,
2023-06-21,2000,Accounts Payable,100573.78,0.0,INV-2023-0858,Payment
2023-06-21,1000,Cash – SNB Operating SAR,0.0,100573.78,INV-2023-0858,Payment
2023-06-21,6300,Logistics – 3PL,348671.72,0.0,INV-2023-0975,Line-haul & distribution services
2023-06-21,2000,Accounts Payable,0.0,348671.72,INV-2023-0975,
2023-06-22,1000,Cash – SNB Operating SAR,185720.43,0.0,AR-2023-0139,Collection
2023-06-22,1100,Accounts Receivable,0.0,185720.43,AR-2023-0139,Collection
2023-06-22,1100,Accounts Receivable,361118.89,0.0,AR-2023-0157,
2023-06-22,4000,Revenue – Modern Trade,0.0,361118.89,AR-2023-0157,
2023-06-22,1100,Accounts Receivable,224467.91,0.0,AR-2023-0172,
2023-06-22,4000,Revenue – Modern Trade,0.0,224467.91,AR-2023-0172,
2023-06-22,1000,Cash – SNB Operating SAR,1068295.14,0.0,AR-2023-0599,Collection
2023-06-22,1100,Accounts Receivable,0.0,1068295.14,AR-2023-0599,Collection
2023-06-22,1100,Accounts Receivable,494942.57,0.0,AR-2023-0613,
2023-06-22,4020,Revenue – Government,0.0,494942.57,AR-2023-0613,
2023-06-22,1100,Accounts Receivable,524619.08,0.0,AR-2023-0632,
2023-06-22,4020,Revenue – Government,0.0,524619.08,AR-2023-0632,
2023-06-22,1100,Accounts Receivable,214377.68,0.0,AR-2023-0993,
2023-06-22,4030,Revenue – Catering,0.0,214377.68,AR-2023-0993,
2023-06-22,2000,Accounts Payable,618470.98,0.0,INV-2023-0029,Payment
2023-06-22,1000,Cash – SNB Operating SAR,0.0,618470.98,INV-2023-0029,Payment
2023-06-22,5030,COGS – Cosmetics,67086.56,0.0,INV-2023-0881,OTC & consumer health replenishment
2023-06-22,2000,Accounts Payable,0.0,67086.56,INV-2023-0881,
2023-06-22,5030,COGS – Cosmetics,130897.97,0.0,INV-2023-0911,Bulk SKUs — monthly replenishment
2023-06-22,2000,Accounts Payable,0.0,130897.97,INV-2023-0911,
2023-06-22,6220,Professional Fees,53967.31,0.0,INV-2023-1157,
2023-06-22,2000,Accounts Payable,0.0,53967.31,INV-2023-1157,
2023-06-23,1000,Cash – SNB Operating SAR,1027608.51,0.0,AR-2023-0119,Collection
2023-06-23,1100,Accounts Receivable,0.0,1027608.51,AR-2023-0119,Collection
2023-06-23,1000,Cash – SNB Operating SAR,953809.32,0.0,AR-2023-0920,Collection
2023-06-23,1100,Accounts Receivable,0.0,953809.32,AR-2023-0920,Collection
2023-06-23,1000,Cash – SNB Operating SAR,268125.04,0.0,AR-2023-0931,Collection
2023-06-23,1100,Accounts Receivable,0.0,268125.04,AR-2023-0931,Collection
2023-06-23,1100,Accounts Receivable,1148156.13,0.0,AR-2023-0980,
2023-06-23,4030,Revenue – Catering,0.0,1148156.13,AR-2023-0980,
2023-06-23,1100,Accounts Receivable,937970.69,0.0,AR-2023-0981,
2023-06-23,4030,Revenue – Catering,0.0,937970.69,AR-2023-0981,
2023-06-23,1100,Accounts Receivable,210389.43,0.0,AR-2023-0987,
2023-06-23,4030,Revenue – Catering,0.0,210389.43,AR-2023-0987,
2023-06-23,2000,Accounts Payable,93693.2,0.0,INV-2023-0325,Payment
2023-06-23,1000,Cash – SNB Operating SAR,0.0,93693.2,INV-2023-0325,Payment
2023-06-23,5010,COGS – Beverages,105052.19,0.0,INV-2023-0370,Bulk SKUs — monthly replenishment
2023-06-23,2000,Accounts Payable,0.0,105052.19,INV-2023-0370,
2023-06-23,5010,COGS – Beverages,134495.23,0.0,INV-2023-0507,OTC & consumer health replenishment
2023-06-23,2000,Accounts Payable,0.0,134495.23,INV-2023-0507,
2023-06-23,5010,COGS – Beverages,91921.56,0.0,INV-2023-0511,OTC & consumer health replenishment
2023-06-23,2000,Accounts Payable,0.0,91921.56,INV-2023-0511,
2023-06-23,6300,Logistics – 3PL,203601.0,0.0,INV-2023-1031,Line-haul & distribution services
2023-06-23,2000,Accounts Payable,0.0,203601.0,INV-2023-1031,
2023-06-24,1000,Cash – SNB Operating SAR,149246.17,0.0,AR-2023-0124,Collection
2023-06-24,1100,Accounts Receivable,0.0,149246.17,AR-2023-0124,Collection
2023-06-24,1100,Accounts Receivable,868140.27,0.0,AR-2023-0153,
2023-06-24,4000,Revenue – Modern Trade,0.0,868140.27,AR-2023-0153,
2023-06-24,1100,Accounts Receivable,273989.23,0.0,AR-2023-0158,
2023-06-24,4000,Revenue – Modern Trade,0.0,273989.23,AR-2023-0158,
2023-06-24,1000,Cash – SNB Operating SAR,337337.09,0.0,AR-2023-0584,Collection
2023-06-24,1100,Accounts Receivable,0.0,337337.09,AR-2023-0584,Collection
2023-06-24,1000,Cash – SNB Operating SAR,1068295.14,0.0,AR-2023-0596,Collection
2023-06-24,1100,Accounts Receivable,0.0,1068295.14,AR-2023-0596,Collection
2023-06-24,1100,Accounts Receivable,428972.06,0.0,AR-2023-0614,
2023-06-24,4020,Revenue – Government,0.0,428972.06,AR-2023-0614,
2023-06-24,1000,Cash – SNB Operating SAR,337741.21,0.0,AR-2023-0906,Collection
2023-06-24,1100,Accounts Receivable,0.0,337741.21,AR-2023-0906,Collection
2023-06-24,1000,Cash – SNB Operating SAR,347967.12,0.0,AR-2023-0916,Collection
2023-06-24,1100,Accounts Receivable,0.0,347967.12,AR-2023-0916,Collection
2023-06-24,1000,Cash – SNB Operating SAR,618358.75,0.0,AR-2023-0934,Collection
2023-06-24,1100,Accounts Receivable,0.0,618358.75,AR-2023-0934,Collection
2023-06-24,2000,Accounts Payable,446403.41,0.0,INV-2023-0026,Payment
2023-06-24,1000,Cash – SNB Operating SAR,0.0,446403.41,INV-2023-0026,Payment
2023-06-24,5000,COGS – Food,148377.84,0.0,INV-2023-0165,
2023-06-24,2000,Accounts Payable,0.0,148377.84,INV-2023-0165,
2023-06-24,5010,COGS – Beverages,81641.35,0.0,INV-2023-0487,Bulk SKUs — monthly replenishment
2023-06-24,2000,Accounts Payable,0.0,81641.35,INV-2023-0487,
2023-06-24,2000,Accounts Payable,68221.54,0.0,INV-2023-0604,Payment
2023-06-24,1000,Cash – SNB Operating SAR,0.0,68221.54,INV-2023-0604,Payment
2023-06-24,5020,COGS – Household,176284.54,0.0,INV-2023-0706,Bulk SKUs — monthly replenishment
2023-06-24,2000,Accounts Payable,0.0,176284.54,INV-2023-0706,
2023-06-24,5030,COGS – Cosmetics,171743.97,0.0,INV-2023-0859,Bulk SKUs — monthly replenishment
2023-06-24,2000,Accounts Payable,0.0,171743.97,INV-2023-0859,
2023-06-24,5030,COGS – Cosmetics,172116.63,0.0,INV-2023-0919,
2023-06-24,2000,Accounts Payable,0.0,172116.63,INV-2023-0919,
2023-06-24,6300,Logistics – 3PL,342078.31,0.0,INV-2023-1042,Line-haul & distribution services
2023-06-24,2000,Accounts Payable,0.0,342078.31,INV-2023-1042,
2023-06-24,1020,Cash – ANB Payroll SAR,3459976.34,0.0,JE-20230601,Transfer SNB -> ANB payroll funding
2023-06-24,1000,Cash – SNB Operating SAR,0.0,3459976.34,JE-20230601,Transfer SNB -> ANB payroll funding
2023-06-25,1000,Cash – SNB Operating SAR,403874.48,0.0,AR-2023-0088,Collection
2023-06-25,1100,Accounts Receivable,0.0,403874.48,AR-2023-0088,Collection
2023-06-25,1000,Cash – SNB Operating SAR,244463.3,0.0,AR-2023-0117,Collection
2023-06-25,1100,Accounts Receivable,0.0,244463.3,AR-2023-0117,Collection
2023-06-25,1000,Cash – SNB Operating SAR,465006.47,0.0,AR-2023-0126,Collection
2023-06-25,1100,Accounts Receivable,0.0,465006.47,AR-2023-0126,Collection
2023-06-25,1100,Accounts Receivable,225034.97,0.0,AR-2023-0151,
2023-06-25,4000,Revenue – Modern Trade,0.0,225034.97,AR-2023-0151,
2023-06-25,1100,Accounts Receivable,457177.89,0.0,AR-2023-0171,
2023-06-25,4000,Revenue – Modern Trade,0.0,457177.89,AR-2023-0171,
2023-06-25,1100,Accounts Receivable,675776.37,0.0,AR-2023-0174,
2023-06-25,4000,Revenue – Modern Trade,0.0,675776.37,AR-2023-0174,
2023-06-25,1000,Cash – SNB Operating SAR,103547.37,0.0,AR-2023-0929,Collection
2023-06-25,1100,Accounts Receivable,0.0,103547.37,AR-2023-0929,Collection
2023-06-25,1100,Accounts Receivable,453038.37,0.0,AR-2023-0972,
2023-06-25,4030,Revenue – Catering,0.0,453038.37,AR-2023-0972,
2023-06-25,1100,Accounts Receivable,332803.21,0.0,AR-2023-0977,
2023-06-25,4030,Revenue – Catering,0.0,332803.21,AR-2023-0977,
2023-06-25,1100,Accounts Receivable,283805.28,0.0,AR-2023-1000,
2023-06-25,4030,Revenue – Catering,0.0,283805.28,AR-2023-1000,
2023-06-25,2000,Accounts Payable,73096.4,0.0,INV-2023-0061,Payment
2023-06-25,1000,Cash – SNB Operating SAR,0.0,73096.4,INV-2023-0061,Payment
2023-06-25,5000,COGS – Food,168633.01,0.0,INV-2023-0248,
2023-06-25,2000,Accounts Payable,0.0,168633.01,INV-2023-0248,
2023-06-25,5000,COGS – Food,67410.66,0.0,INV-2023-0287,Antibiotics + analgesics — bulk SKUs
2023-06-25,2000,Accounts Payable,0.0,67410.66,INV-2023-0287,
2023-06-25,5010,COGS – Beverages,130841.48,0.0,INV-2023-0418,
2023-06-25,2000,Accounts Payable,0.0,130841.48,INV-2023-0418,
2023-06-25,2000,Accounts Payable,66430.01,0.0,INV-2023-0593,Payment
2023-06-25,1000,Cash – SNB Operating SAR,0.0,66430.01,INV-2023-0593,Payment
2023-06-25,5020,COGS – Household,93640.91,0.0,INV-2023-0623,Bulk SKUs — monthly replenishment
2023-06-25,2000,Accounts Payable,0.0,93640.91,INV-2023-0623,
2023-06-25,5020,COGS – Household,146629.43,0.0,INV-2023-0656,OTC & consumer health replenishment
2023-06-25,2000,Accounts Payable,0.0,146629.43,INV-2023-0656,
2023-06-25,5020,COGS – Household,113677.62,0.0,INV-2023-0682,
2023-06-25,2000,Accounts Payable,0.0,113677.62,INV-2023-0682,
2023-06-25,5030,COGS – Cosmetics,119421.36,0.0,INV-2023-0916,
2023-06-25,2000,Accounts Payable,0.0,119421.36,INV-2023-0916,
2023-06-25,6000,Salaries & Wages,3139724.45,0.0,PAY-2023-06,Payroll batch
2023-06-25,6020,GOSI Contributions,320251.89,0.0,PAY-2023-06,Payroll batch
2023-06-25,2110,Accrued Payroll,0.0,3459976.34,PAY-2023-06,Payroll batch
2023-06-26,1000,Cash – SNB Operating SAR,678164.33,0.0,AR-2023-0101,Collection
2023-06-26,1100,Accounts Receivable,0.0,678164.33,AR-2023-0101,Collection
2023-06-26,1100,Accounts Receivable,161952.75,0.0,AR-2023-0144,
2023-06-26,4000,Revenue – Modern Trade,0.0,161952.75,AR-2023-0144,
2023-06-26,1000,Cash – SNB Operating SAR,468596.99,0.0,AR-2023-0420,Collection
2023-06-26,1100,Accounts Receivable,0.0,468596.99,AR-2023-0420,Collection
2023-06-26,1000,Cash – SNB Operating SAR,1013977.8,0.0,AR-2023-0423,Collection
2023-06-26,1100,Accounts Receivable,0.0,1013977.8,AR-2023-0423,Collection
2023-06-26,5020,COGS – Household,73815.2,0.0,INV-2023-0585,
2023-06-26,2000,Accounts Payable,0.0,73815.2,INV-2023-0585,
2023-06-26,5020,COGS – Household,125466.53,0.0,INV-2023-0741,
2023-06-26,2000,Accounts Payable,0.0,125466.53,INV-2023-0741,
2023-06-26,2110,Accrued Payroll,3459976.34,0.0,PAY-2023-06,Payroll settlement
2023-06-26,1020,Cash – ANB Payroll SAR,0.0,3459976.34,PAY-2023-06,Payroll settlement
2023-06-27,1100,Accounts Receivable,840151.26,0.0,AR-2023-0162,
2023-06-27,4000,Revenue – Modern Trade,0.0,840151.26,AR-2023-0162,
2023-06-27,1100,Accounts Receivable,416556.88,0.0,AR-2023-0424,
2023-06-27,4010,Revenue – Hospitality,0.0,416556.88,AR-2023-0424,
2023-06-27,1100,Accounts Receivable,453765.69,0.0,AR-2023-0428,
2023-06-27,4010,Revenue – Hospitality,0.0,453765.69,AR-2023-0428,
2023-06-27,1100,Accounts Receivable,328972.98,0.0,AR-2023-0616,
2023-06-27,4020,Revenue – Government,0.0,328972.98,AR-2023-0616,
2023-06-27,1100,Accounts Receivable,991674.22,0.0,AR-2023-0621,
2023-06-27,4020,Revenue – Government,0.0,991674.22,AR-2023-0621,
2023-06-27,1100,Accounts Receivable,1022193.08,0.0,AR-2023-0964,
2023-06-27,4030,Revenue – Catering,0.0,1022193.08,AR-2023-0964,
2023-06-27,1100,Accounts Receivable,186011.58,0.0,AR-2023-0973,
2023-06-27,4030,Revenue – Catering,0.0,186011.58,AR-2023-0973,
2023-06-27,1100,Accounts Receivable,159971.58,0.0,AR-2023-0985,
2023-06-27,4030,Revenue – Catering,0.0,159971.58,AR-2023-0985,
2023-06-27,2000,Accounts Payable,170323.9,0.0,INV-2023-0098,Payment
2023-06-27,1000,Cash – SNB Operating SAR,0.0,170323.9,INV-2023-0098,Payment
2023-06-27,2000,Accounts Payable,162295.85,0.0,INV-2023-0212,Payment
2023-06-27,1000,Cash – SNB Operating SAR,0.0,162295.85,INV-2023-0212,Payment
2023-06-27,5000,COGS – Food,111839.78,0.0,INV-2023-0233,
2023-06-27,2000,Accounts Payable,0.0,111839.78,INV-2023-0233,
2023-06-27,2000,Accounts Payable,125313.3,0.0,INV-2023-0259,Payment
2023-06-27,1000,Cash – SNB Operating SAR,0.0,125313.3,INV-2023-0259,Payment
2023-06-27,2000,Accounts Payable,121555.23,0.0,INV-2023-0347,Payment
2023-06-27,1000,Cash – SNB Operating SAR,0.0,121555.23,INV-2023-0347,Payment
2023-06-27,2000,Accounts Payable,116956.38,0.0,INV-2023-0441,Payment
2023-06-27,1000,Cash – SNB Operating SAR,0.0,116956.38,INV-2023-0441,Payment
2023-06-27,5020,COGS – Household,170974.09,0.0,INV-2023-0550,
2023-06-27,2000,Accounts Payable,0.0,170974.09,INV-2023-0550,
2023-06-27,5030,COGS – Cosmetics,110285.96,0.0,INV-2023-0797,
2023-06-27,2000,Accounts Payable,0.0,110285.96,INV-2023-0797,
2023-06-27,2000,Accounts Payable,183760.59,0.0,INV-2023-0983,Payment
2023-06-27,1000,Cash – SNB Operating SAR,0.0,183760.59,INV-2023-0983,Payment
2023-06-27,6300,Logistics – 3PL,143959.3,0.0,INV-2023-1066,Line-haul & distribution services
2023-06-27,2000,Accounts Payable,0.0,143959.3,INV-2023-1066,
2023-06-27,6220,Professional Fees,59810.63,0.0,INV-2023-1162,
2023-06-27,2000,Accounts Payable,0.0,59810.63,INV-2023-1162,
2023-06-27,2900,Intercompany – Group Treasury Sweep,21436431.23,0.0,JE-20230690,Treasury sweep to Tamween Holdco cash pool
2023-06-27,1000,Cash – SNB Operating SAR,0.0,21436431.23,JE-20230690,Treasury sweep to Tamween Holdco cash pool
2023-06-28,1000,Cash – SNB Operating SAR,236686.48,0.0,AR-2023-0394,Collection
2023-06-28,1100,Accounts Receivable,0.0,236686.48,AR-2023-0394,Collection
2023-06-28,1000,Cash – SNB Operating SAR,1057644.62,0.0,AR-2023-0922,Collection
2023-06-28,1100,Accounts Receivable,0.0,1057644.62,AR-2023-0922,Collection
2023-06-28,1000,Cash – SNB Operating SAR,138903.45,0.0,AR-2023-0978,Collection
2023-06-28,1100,Accounts Receivable,0.0,138903.45,AR-2023-0978,Collection
2023-06-28,2000,Accounts Payable,618551.41,0.0,INV-2023-0027,Payment
2023-06-28,1000,Cash – SNB Operating SAR,0.0,618551.41,INV-2023-0027,Payment
2023-06-28,5000,COGS – Food,87346.04,0.0,INV-2023-0094,
2023-06-28,2000,Accounts Payable,0.0,87346.04,INV-2023-0094,
2023-06-28,2000,Accounts Payable,64497.19,0.0,INV-2023-0194,Payment
2023-06-28,1000,Cash – SNB Operating SAR,0.0,64497.19,INV-2023-0194,Payment
2023-06-28,2000,Accounts Payable,97305.77,0.0,INV-2023-0466,Payment
2023-06-28,1000,Cash – SNB Operating SAR,0.0,97305.77,INV-2023-0466,Payment
2023-06-28,6300,Logistics – 3PL,191984.38,0.0,INV-2023-0982,Line-haul & distribution services
2023-06-28,2000,Accounts Payable,0.0,191984.38,INV-2023-0982,
2023-06-28,2000,Accounts Payable,985926.13,0.0,INV-2023-1103,Payment
2023-06-28,1000,Cash – SNB Operating SAR,0.0,985926.13,INV-2023-1103,Payment
2023-06-28,6200,Marketing & Advertising,55864.76,0.0,INV-2023-1129,
2023-06-28,2000,Accounts Payable,0.0,55864.76,INV-2023-1129,
2023-06-28,6500,Depreciation Expense,400000.0,0.0,DEP-2023-06,PPE monthly depreciation accrual
2023-06-28,1510,Accumulated Depreciation – PPE,0.0,400000.0,DEP-2023-06,PPE monthly depreciation accrual
2023-06-29,1100,Accounts Receivable,156705.63,0.0,AR-2023-0152,
2023-06-29,4000,Revenue – Modern Trade,0.0,156705.63,AR-2023-0152,
2023-06-29,1000,Cash – SNB Operating SAR,289511.61,0.0,AR-2023-0419,Collection
2023-06-29,1100,Accounts Receivable,0.0,289511.61,AR-2023-0419,Collection
2023-06-29,1100,Accounts Receivable,372099.34,0.0,AR-2023-0997,
2023-06-29,4030,Revenue – Catering,0.0,372099.34,AR-2023-0997,
2023-06-29,5000,COGS – Food,172498.11,0.0,INV-2023-0079,
2023-06-29,2000,Accounts Payable,0.0,172498.11,INV-2023-0079,
2023-06-29,5020,COGS – Household,122858.43,0.0,INV-2023-0677,
2023-06-29,2000,Accounts Payable,0.0,122858.43,INV-2023-0677,
2023-06-29,5030,COGS – Cosmetics,113865.31,0.0,INV-2023-0893,OTC & consumer health replenishment
2023-06-29,2000,Accounts Payable,0.0,113865.31,INV-2023-0893,
2023-06-29,6300,Logistics – 3PL,128373.99,0.0,INV-2023-0987,Line-haul & distribution services
2023-06-29,2000,Accounts Payable,0.0,128373.99,INV-2023-0987,
2023-06-29,2000,Accounts Payable,63408.34,0.0,INV-2023-1204,Payment
2023-06-29,1000,Cash – SNB Operating SAR,0.0,63408.34,INV-2023-1204,Payment
2023-06-30,1000,Cash – SNB Operating SAR,233496.21,0.0,AR-2023-0127,Collection
2023-06-30,1100,Accounts Receivable,0.0,233496.21,AR-2023-0127,Collection
2023-06-30,1000,Cash – SNB Operating SAR,658191.03,0.0,AR-2023-0136,Collection
2023-06-30,1100,Accounts Receivable,0.0,658191.03,AR-2023-0136,Collection
2023-06-30,1100,Accounts Receivable,1053196.37,0.0,AR-2023-0970,
2023-06-30,4030,Revenue – Catering,0.0,1053196.37,AR-2023-0970,
2023-06-30,2000,Accounts Payable,491861.65,0.0,INV-2023-0028,Payment
2023-06-30,1000,Cash – SNB Operating SAR,0.0,491861.65,INV-2023-0028,Payment
2023-06-30,2000,Accounts Payable,148282.75,0.0,INV-2023-0154,Payment
2023-06-30,1000,Cash – SNB Operating SAR,0.0,148282.75,INV-2023-0154,Payment
2023-06-30,5020,COGS – Household,77230.73,0.0,INV-2023-0572,Bulk SKUs — monthly replenishment
2023-06-30,2000,Accounts Payable,0.0,77230.73,INV-2023-0572,
2023-06-30,2000,Accounts Payable,79382.62,0.0,INV-2023-0595,Payment
2023-06-30,1000,Cash – SNB Operating SAR,0.0,79382.62,INV-2023-0595,Payment
2023-06-30,2000,Accounts Payable,93834.0,0.0,INV-2023-0621,Payment
2023-06-30,1000,Cash – SNB Operating SAR,0.0,93834.0,INV-2023-0621,Payment
2023-06-30,2000,Accounts Payable,166259.91,0.0,INV-2023-0729,Payment
2023-06-30,1000,Cash – SNB Operating SAR,0.0,166259.91,INV-2023-0729,Payment
2023-06-30,2000,Accounts Payable,226306.75,0.0,INV-2023-0981,Payment
2023-06-30,1000,Cash – SNB Operating SAR,0.0,226306.75,INV-2023-0981,Payment
2023-06-30,2000,Accounts Payable,237586.87,0.0,INV-2023-1046,Payment
2023-06-30,1000,Cash – SNB Operating SAR,0.0,237586.87,INV-2023-1046,Payment
2023-06-30,2000,Accounts Payable,61995.83,0.0,INV-2023-1132,Payment
2023-06-30,1000,Cash – SNB Operating SAR,0.0,61995.83,INV-2023-1132,Payment
2023-06-30,6700,Insurance Expense,150000.0,0.0,INS-2023-Q2,
2023-06-30,1000,Cash – SNB Operating SAR,0.0,150000.0,INS-2023-Q2,
2023-07-01,1100,Accounts Receivable,187487.71,0.0,AR-2023-0636,
2023-07-01,4020,Revenue – Government,0.0,187487.71,AR-2023-0636,
2023-07-01,1100,Accounts Receivable,425141.01,0.0,AR-2023-0646,
2023-07-01,4020,Revenue – Government,0.0,425141.01,AR-2023-0646,
2023-07-01,1000,Cash – SNB Operating SAR,961609.42,0.0,AR-2023-0942,Collection
2023-07-01,1100,Accounts Receivable,0.0,961609.42,AR-2023-0942,Collection
2023-07-01,5000,COGS – Food,74029.45,0.0,INV-2023-0121,
2023-07-01,2000,Accounts Payable,0.0,74029.45,INV-2023-0121,
2023-07-01,5030,COGS – Cosmetics,126339.21,0.0,INV-2023-0814,OTC & consumer health replenishment
2023-07-01,2000,Accounts Payable,0.0,126339.21,INV-2023-0814,
2023-07-01,6100,Rent Expense,870714.84,0.0,INV-2023-1104,Warehouse lease — Riyadh North DC
2023-07-01,2000,Accounts Payable,0.0,870714.84,INV-2023-1104,
2023-07-01,6200,Marketing & Advertising,60158.38,0.0,INV-2023-1115,
2023-07-01,2000,Accounts Payable,0.0,60158.38,INV-2023-1115,
2023-07-01,6220,Professional Fees,47876.33,0.0,INV-2023-1171,
2023-07-01,2000,Accounts Payable,0.0,47876.33,INV-2023-1171,
2023-07-01,6100,Rent Expense,380000.0,0.0,RENT-2023-07,
2023-07-01,1000,Cash – SNB Operating SAR,0.0,380000.0,RENT-2023-07,
2023-07-02,1000,Cash – SNB Operating SAR,129468.73,0.0,AR-2023-0110,Collection
2023-07-02,1100,Accounts Receivable,0.0,129468.73,AR-2023-0110,Collection
2023-07-02,1000,Cash – SNB Operating SAR,681306.82,0.0,AR-2023-0123,Collection
2023-07-02,1100,Accounts Receivable,0.0,681306.82,AR-2023-0123,Collection
2023-07-02,1000,Cash – SNB Operating SAR,353340.03,0.0,AR-2023-0131,Collection
2023-07-02,1100,Accounts Receivable,0.0,353340.03,AR-2023-0131,Collection
2023-07-02,1000,Cash – SNB Operating SAR,1052847.02,0.0,AR-2023-0405,Collection
2023-07-02,1100,Accounts Receivable,0.0,1052847.02,AR-2023-0405,Collection
2023-07-02,1000,Cash – SNB Operating SAR,161747.72,0.0,AR-2023-0414,Collection
2023-07-02,1100,Accounts Receivable,0.0,161747.72,AR-2023-0414,Collection
2023-07-02,1100,Accounts Receivable,662015.2,0.0,AR-2023-0639,
2023-07-02,4020,Revenue – Government,0.0,662015.2,AR-2023-0639,
2023-07-02,1000,Cash – SNB Operating SAR,336210.67,0.0,AR-2023-0927,Collection
2023-07-02,1100,Accounts Receivable,0.0,336210.67,AR-2023-0927,Collection
2023-07-02,1000,Cash – SNB Operating SAR,1057644.62,0.0,AR-2023-0958,Collection
2023-07-02,1100,Accounts Receivable,0.0,1057644.62,AR-2023-0958,Collection
2023-07-02,2000,Accounts Payable,458250.47,0.0,INV-2023-0030,Payment
2023-07-02,1000,Cash – SNB Operating SAR,0.0,458250.47,INV-2023-0030,Payment
2023-07-02,2000,Accounts Payable,174791.37,0.0,INV-2023-0086,Payment
2023-07-02,1000,Cash – SNB Operating SAR,0.0,174791.37,INV-2023-0086,Payment
2023-07-02,5000,COGS – Food,153317.59,0.0,INV-2023-0183,Antibiotics + analgesics — bulk SKUs
2023-07-02,2000,Accounts Payable,0.0,153317.59,INV-2023-0183,
2023-07-02,2000,Accounts Payable,90435.55,0.0,INV-2023-0392,Payment
2023-07-02,1000,Cash – SNB Operating SAR,0.0,90435.55,INV-2023-0392,Payment
2023-07-02,6300,Logistics – 3PL,176037.26,0.0,INV-2023-1038,Line-haul & distribution services
2023-07-02,2000,Accounts Payable,0.0,176037.26,INV-2023-1038,
2023-07-03,1000,Cash – SNB Operating SAR,181551.35,0.0,AR-2023-0113,Collection
2023-07-03,1100,Accounts Receivable,0.0,181551.35,AR-2023-0113,Collection
2023-07-03,1000,Cash – SNB Operating SAR,51144.67,0.0,AR-2023-0133,Collection
2023-07-03,1100,Accounts Receivable,0.0,51144.67,AR-2023-0133,Collection
2023-07-03,1100,Accounts Receivable,907880.66,0.0,AR-2023-0432,
2023-07-03,4010,Revenue – Hospitality,0.0,907880.66,AR-2023-0432,
2023-07-03,1000,Cash – SNB Operating SAR,147093.8,0.0,AR-2023-0592,Collection
2023-07-03,1100,Accounts Receivable,0.0,147093.8,AR-2023-0592,Collection
2023-07-03,1000,Cash – SNB Operating SAR,589471.23,0.0,AR-2023-0605,Collection
2023-07-03,1100,Accounts Receivable,0.0,589471.23,AR-2023-0605,Collection
2023-07-03,1000,Cash – SNB Operating SAR,120377.26,0.0,AR-2023-0606,Collection
2023-07-03,1100,Accounts Receivable,0.0,120377.26,AR-2023-0606,Collection
2023-07-03,1000,Cash – SNB Operating SAR,319606.15,0.0,AR-2023-0933,Collection
2023-07-03,1100,Accounts Receivable,0.0,319606.15,AR-2023-0933,Collection
2023-07-03,1000,Cash – SNB Operating SAR,175636.87,0.0,AR-2023-0955,Collection
2023-07-03,1100,Accounts Receivable,0.0,175636.87,AR-2023-0955,Collection
2023-07-03,1100,Accounts Receivable,1079674.65,0.0,AR-2023-1025,
2023-07-03,4030,Revenue – Catering,0.0,1079674.65,AR-2023-1025,
2023-07-03,5010,COGS – Beverages,161553.95,0.0,INV-2023-0313,Antibiotics + analgesics — bulk SKUs
2023-07-03,2000,Accounts Payable,0.0,161553.95,INV-2023-0313,
2023-07-03,5010,COGS – Beverages,72872.1,0.0,INV-2023-0424,OTC & consumer health replenishment
2023-07-03,2000,Accounts Payable,0.0,72872.1,INV-2023-0424,
2023-07-03,6100,Rent Expense,1057970.23,0.0,INV-2023-1080,Warehouse lease — Qassim WH
2023-07-03,2000,Accounts Payable,0.0,1057970.23,INV-2023-1080,
2023-07-03,2000,Accounts Payable,758969.88,0.0,INV-2023-1091,Payment
2023-07-03,1000,Cash – SNB Operating SAR,0.0,758969.88,INV-2023-1091,Payment
2023-07-04,1000,Cash – SNB Operating SAR,303180.39,0.0,AR-2023-0121,Collection
2023-07-04,1100,Accounts Receivable,0.0,303180.39,AR-2023-0121,Collection
2023-07-04,1000,Cash – SNB Operating SAR,228560.7,0.0,AR-2023-0167,Collection
2023-07-04,1100,Accounts Receivable,0.0,228560.7,AR-2023-0167,Collection
2023-07-04,1100,Accounts Receivable,1113561.9,0.0,AR-2023-0633,
2023-07-04,4020,Revenue – Government,0.0,1113561.9,AR-2023-0633,
2023-07-04,1000,Cash – SNB Operating SAR,124554.89,0.0,AR-2023-0930,Collection
2023-07-04,1100,Accounts Receivable,0.0,124554.89,AR-2023-0930,Collection
2023-07-04,1100,Accounts Receivable,227731.82,0.0,AR-2023-1020,
2023-07-04,4030,Revenue – Catering,0.0,227731.82,AR-2023-1020,
2023-07-04,5010,COGS – Beverages,75896.33,0.0,INV-2023-0319,
2023-07-04,2000,Accounts Payable,0.0,75896.33,INV-2023-0319,
2023-07-04,5010,COGS – Beverages,75945.73,0.0,INV-2023-0520,Antibiotics + analgesics — bulk SKUs
2023-07-04,2000,Accounts Payable,0.0,75945.73,INV-2023-0520,
2023-07-04,5020,COGS – Household,120099.35,0.0,INV-2023-0600,Bulk SKUs — monthly replenishment
2023-07-04,2000,Accounts Payable,0.0,120099.35,INV-2023-0600,
2023-07-04,2000,Accounts Payable,152824.8,0.0,INV-2023-0629,Payment
2023-07-04,1000,Cash – SNB Operating SAR,0.0,152824.8,INV-2023-0629,Payment
2023-07-04,2000,Accounts Payable,114853.66,0.0,INV-2023-0827,Payment
2023-07-04,1000,Cash – SNB Operating SAR,0.0,114853.66,INV-2023-0827,Payment
2023-07-04,2000,Accounts Payable,158583.53,0.0,INV-2023-0844,Payment
2023-07-04,1000,Cash – SNB Operating SAR,0.0,158583.53,INV-2023-0844,Payment
2023-07-04,6100,Rent Expense,1142681.91,0.0,INV-2023-1092,Warehouse lease — Riyadh North DC
2023-07-04,2000,Accounts Payable,0.0,1142681.91,INV-2023-1092,
2023-07-05,1100,Accounts Receivable,573778.06,0.0,AR-2023-0191,
2023-07-05,4000,Revenue – Modern Trade,0.0,573778.06,AR-2023-0191,
2023-07-05,1000,Cash – SNB Operating SAR,1119345.57,0.0,AR-2023-0590,Collection
2023-07-05,1100,Accounts Receivable,0.0,1119345.57,AR-2023-0590,Collection
2023-07-05,5010,COGS – Beverages,146258.04,0.0,INV-2023-0336,Bulk SKUs — monthly replenishment
2023-07-05,2000,Accounts Payable,0.0,146258.04,INV-2023-0336,
2023-07-05,5010,COGS – Beverages,60397.33,0.0,INV-2023-0489,
2023-07-05,2000,Accounts Payable,0.0,60397.33,INV-2023-0489,
2023-07-05,2000,Accounts Payable,123693.76,0.0,INV-2023-0490,Payment
2023-07-05,1000,Cash – SNB Operating SAR,0.0,123693.76,INV-2023-0490,Payment
2023-07-05,2000,Accounts Payable,127778.94,0.0,INV-2023-0527,Payment
2023-07-05,1000,Cash – SNB Operating SAR,0.0,127778.94,INV-2023-0527,Payment
2023-07-05,5020,COGS – Household,87671.04,0.0,INV-2023-0643,Antibiotics + analgesics — bulk SKUs
2023-07-05,2000,Accounts Payable,0.0,87671.04,INV-2023-0643,
2023-07-05,2000,Accounts Payable,105380.19,0.0,INV-2023-0675,Payment
2023-07-05,1000,Cash – SNB Operating SAR,0.0,105380.19,INV-2023-0675,Payment
2023-07-05,2000,Accounts Payable,63330.4,0.0,INV-2023-0831,Payment
2023-07-05,1000,Cash – SNB Operating SAR,0.0,63330.4,INV-2023-0831,Payment
2023-07-06,1000,Cash – SNB Operating SAR,284845.77,0.0,AR-2023-0109,Collection
2023-07-06,1100,Accounts Receivable,0.0,284845.77,AR-2023-0109,Collection
2023-07-06,1000,Cash – SNB Operating SAR,391486.55,0.0,AR-2023-0116,Collection
2023-07-06,1100,Accounts Receivable,0.0,391486.55,AR-2023-0116,Collection
2023-07-06,1100,Accounts Receivable,691902.53,0.0,AR-2023-0180,
2023-07-06,4000,Revenue – Modern Trade,0.0,691902.53,AR-2023-0180,
2023-07-06,1100,Accounts Receivable,587507.07,0.0,AR-2023-0190,
2023-07-06,4000,Revenue – Modern Trade,0.0,587507.07,AR-2023-0190,
2023-07-06,1100,Accounts Receivable,200376.61,0.0,AR-2023-0194,
2023-07-06,4000,Revenue – Modern Trade,0.0,200376.61,AR-2023-0194,
2023-07-06,1100,Accounts Receivable,242539.65,0.0,AR-2023-0195,
2023-07-06,4000,Revenue – Modern Trade,0.0,242539.65,AR-2023-0195,
2023-07-06,1000,Cash – SNB Operating SAR,871454.22,0.0,AR-2023-0427,Collection
2023-07-06,1100,Accounts Receivable,0.0,871454.22,AR-2023-0427,Collection
2023-07-06,1000,Cash – SNB Operating SAR,191870.99,0.0,AR-2023-0430,Collection
2023-07-06,1100,Accounts Receivable,0.0,191870.99,AR-2023-0430,Collection
2023-07-06,1000,Cash – SNB Operating SAR,658307.35,0.0,AR-2023-0597,Collection
2023-07-06,1100,Accounts Receivable,0.0,658307.35,AR-2023-0597,Collection
2023-07-06,1000,Cash – SNB Operating SAR,610018.24,0.0,AR-2023-0600,Collection
2023-07-06,1100,Accounts Receivable,0.0,610018.24,AR-2023-0600,Collection
2023-07-06,1100,Accounts Receivable,558258.17,0.0,AR-2023-0645,
2023-07-06,4020,Revenue – Government,0.0,558258.17,AR-2023-0645,
2023-07-06,1000,Cash – SNB Operating SAR,119105.71,0.0,AR-2023-0950,Collection
2023-07-06,1100,Accounts Receivable,0.0,119105.71,AR-2023-0950,Collection
2023-07-06,1000,Cash – SNB Operating SAR,423434.09,0.0,AR-2023-0956,Collection
2023-07-06,1100,Accounts Receivable,0.0,423434.09,AR-2023-0956,Collection
2023-07-06,1100,Accounts Receivable,728383.54,0.0,AR-2023-1001,
2023-07-06,4030,Revenue – Catering,0.0,728383.54,AR-2023-1001,
2023-07-06,6110,Utilities,494690.18,0.0,INV-2023-0031,Electricity & water — Riyadh North DC
2023-07-06,2000,Accounts Payable,0.0,494690.18,INV-2023-0031,
2023-07-06,6110,Utilities,600114.64,0.0,INV-2023-0033,Electricity & water — Qassim WH
2023-07-06,2000,Accounts Payable,0.0,600114.64,INV-2023-0033,
2023-07-06,6110,Utilities,573580.42,0.0,INV-2023-0034,Electricity & water — Hail WH
2023-07-06,2000,Accounts Payable,0.0,573580.42,INV-2023-0034,
2023-07-06,5000,COGS – Food,131018.4,0.0,INV-2023-0207,
2023-07-06,2000,Accounts Payable,0.0,131018.4,INV-2023-0207,
2023-07-06,5020,COGS – Household,149398.91,0.0,INV-2023-0707,Antibiotics + analgesics — bulk SKUs
2023-07-06,2000,Accounts Payable,0.0,149398.91,INV-2023-0707,
2023-07-06,5030,COGS – Cosmetics,114079.55,0.0,INV-2023-0770,Antibiotics + analgesics — bulk SKUs
2023-07-06,2000,Accounts Payable,0.0,114079.55,INV-2023-0770,
2023-07-06,6300,Logistics – 3PL,123488.56,0.0,INV-2023-0962,Line-haul & distribution services
2023-07-06,2000,Accounts Payable,0.0,123488.56,INV-2023-0962,
2023-07-06,2000,Accounts Payable,338624.54,0.0,INV-2023-1048,Payment
2023-07-06,1000,Cash – SNB Operating SAR,0.0,338624.54,INV-2023-1048,Payment
2023-07-06,2000,Accounts Payable,45247.12,0.0,INV-2023-1133,Payment
2023-07-06,1000,Cash – SNB Operating SAR,0.0,45247.12,INV-2023-1133,Payment
2023-07-07,1000,Cash – SNB Operating SAR,630249.67,0.0,AR-2023-0146,Collection
2023-07-07,1100,Accounts Receivable,0.0,630249.67,AR-2023-0146,Collection
2023-07-07,1100,Accounts Receivable,749603.0,0.0,AR-2023-0433,
2023-07-07,4010,Revenue – Hospitality,0.0,749603.0,AR-2023-0433,
2023-07-07,1100,Accounts Receivable,292524.34,0.0,AR-2023-1024,
2023-07-07,4030,Revenue – Catering,0.0,292524.34,AR-2023-1024,
2023-07-07,1100,Accounts Receivable,348672.28,0.0,AR-2023-1030,
2023-07-07,4030,Revenue – Catering,0.0,348672.28,AR-2023-1030,
2023-07-07,2000,Accounts Payable,109324.15,0.0,INV-2023-0540,Payment
2023-07-07,1000,Cash – SNB Operating SAR,0.0,109324.15,INV-2023-0540,Payment
2023-07-07,2000,Accounts Payable,122276.42,0.0,INV-2023-0775,Payment
2023-07-07,1000,Cash – SNB Operating SAR,0.0,122276.42,INV-2023-0775,Payment
2023-07-07,5030,COGS – Cosmetics,165729.27,0.0,INV-2023-0793,OTC & consumer health replenishment
2023-07-07,2000,Accounts Payable,0.0,165729.27,INV-2023-0793,
2023-07-07,2000,Accounts Payable,108629.02,0.0,INV-2023-0940,Payment
2023-07-07,1000,Cash – SNB Operating SAR,0.0,108629.02,INV-2023-0940,Payment
2023-07-07,2000,Accounts Payable,271664.8,0.0,INV-2023-1010,Payment
2023-07-07,1000,Cash – SNB Operating SAR,0.0,271664.8,INV-2023-1010,Payment
2023-07-07,2000,Accounts Payable,1112146.98,0.0,INV-2023-1079,Payment
2023-07-07,1000,Cash – SNB Operating SAR,0.0,1112146.98,INV-2023-1079,Payment
2023-07-07,2000,Accounts Payable,30816.41,0.0,INV-2023-1127,Payment
2023-07-07,1000,Cash – SNB Operating SAR,0.0,30816.41,INV-2023-1127,Payment
2023-07-07,5100,Freight Inwards,37982.14,0.0,INV-2023-1180,
2023-07-07,2000,Accounts Payable,0.0,37982.14,INV-2023-1180,
2023-07-08,1000,Cash – SNB Operating SAR,534349.14,0.0,AR-2023-0155,Collection
2023-07-08,1100,Accounts Receivable,0.0,534349.14,AR-2023-0155,Collection
2023-07-08,1100,Accounts Receivable,143913.66,0.0,AR-2023-0205,
2023-07-08,4000,Revenue – Modern Trade,0.0,143913.66,AR-2023-0205,
2023-07-08,1100,Accounts Receivable,539491.69,0.0,AR-2023-0434,
2023-07-08,4010,Revenue – Hospitality,0.0,539491.69,AR-2023-0434,
2023-07-08,1100,Accounts Receivable,297717.92,0.0,AR-2023-0441,
2023-07-08,4010,Revenue – Hospitality,0.0,297717.92,AR-2023-0441,
2023-07-08,1000,Cash – SNB Operating SAR,257421.87,0.0,AR-2023-0602,Collection
2023-07-08,1100,Accounts Receivable,0.0,257421.87,AR-2023-0602,Collection
2023-07-08,1100,Accounts Receivable,853644.45,0.0,AR-2023-0652,
2023-07-08,4020,Revenue – Government,0.0,853644.45,AR-2023-0652,
2023-07-08,1000,Cash – SNB Operating SAR,410119.84,0.0,AR-2023-0928,Collection
2023-07-08,1100,Accounts Receivable,0.0,410119.84,AR-2023-0928,Collection
2023-07-08,1000,Cash – SNB Operating SAR,119951.09,0.0,AR-2023-0946,Collection
2023-07-08,1100,Accounts Receivable,0.0,119951.09,AR-2023-0946,Collection
2023-07-08,1000,Cash – SNB Operating SAR,370806.76,0.0,AR-2023-0954,Collection
2023-07-08,1100,Accounts Receivable,0.0,370806.76,AR-2023-0954,Collection
2023-07-08,1000,Cash – SNB Operating SAR,380618.38,0.0,AR-2023-0966,Collection
2023-07-08,1100,Accounts Receivable,0.0,380618.38,AR-2023-0966,Collection
2023-07-08,1100,Accounts Receivable,287721.02,0.0,AR-2023-1013,
2023-07-08,4030,Revenue – Catering,0.0,287721.02,AR-2023-1013,
2023-07-08,1100,Accounts Receivable,203667.56,0.0,AR-2023-1027,
2023-07-08,4030,Revenue – Catering,0.0,203667.56,AR-2023-1027,
2023-07-08,1100,Accounts Receivable,801461.52,0.0,AR-2023-1042,
2023-07-08,4030,Revenue – Catering,0.0,801461.52,AR-2023-1042,
2023-07-08,6110,Utilities,598464.37,0.0,INV-2023-0032,Electricity & water — Riyadh South DC
2023-07-08,2000,Accounts Payable,0.0,598464.37,INV-2023-0032,
2023-07-08,6110,Utilities,530443.57,0.0,INV-2023-0035,Electricity & water — HQ Riyadh Olaya
2023-07-08,2000,Accounts Payable,0.0,530443.57,INV-2023-0035,
2023-07-08,2000,Accounts Payable,133690.29,0.0,INV-2023-0087,Payment
2023-07-08,1000,Cash – SNB Operating SAR,0.0,133690.29,INV-2023-0087,Payment
2023-07-08,5000,COGS – Food,153274.57,0.0,INV-2023-0115,Antibiotics + analgesics — bulk SKUs
2023-07-08,2000,Accounts Payable,0.0,153274.57,INV-2023-0115,
2023-07-08,2000,Accounts Payable,113243.27,0.0,INV-2023-0208,Payment
2023-07-08,1000,Cash – SNB Operating SAR,0.0,113243.27,INV-2023-0208,Payment
2023-07-08,2000,Accounts Payable,78068.6,0.0,INV-2023-0307,Payment
2023-07-08,1000,Cash – SNB Operating SAR,0.0,78068.6,INV-2023-0307,Payment
2023-07-08,2000,Accounts Payable,170581.64,0.0,INV-2023-0393,Payment
2023-07-08,1000,Cash – SNB Operating SAR,0.0,170581.64,INV-2023-0393,Payment
2023-07-08,5010,COGS – Beverages,123144.11,0.0,INV-2023-0469,Bulk SKUs — monthly replenishment
2023-07-08,2000,Accounts Payable,0.0,123144.11,INV-2023-0469,
2023-07-08,2000,Accounts Payable,89385.53,0.0,INV-2023-0658,Payment
2023-07-08,1000,Cash – SNB Operating SAR,0.0,89385.53,INV-2023-0658,Payment
2023-07-08,2000,Accounts Payable,155087.26,0.0,INV-2023-0888,Payment
2023-07-08,1000,Cash – SNB Operating SAR,0.0,155087.26,INV-2023-0888,Payment
2023-07-08,5030,COGS – Cosmetics,79514.0,0.0,INV-2023-0927,Antibiotics + analgesics — bulk SKUs
2023-07-08,2000,Accounts Payable,0.0,79514.0,INV-2023-0927,
2023-07-08,6300,Logistics – 3PL,335799.8,0.0,INV-2023-0995,Line-haul & distribution services
2023-07-08,2000,Accounts Payable,0.0,335799.8,INV-2023-0995,
2023-07-09,1100,Accounts Receivable,796985.35,0.0,AR-2023-0438,
2023-07-09,4010,Revenue – Hospitality,0.0,796985.35,AR-2023-0438,
2023-07-09,1000,Cash – SNB Operating SAR,348292.64,0.0,AR-2023-0618,Collection
2023-07-09,1100,Accounts Receivable,0.0,348292.64,AR-2023-0618,Collection
2023-07-09,1100,Accounts Receivable,130209.58,0.0,AR-2023-0638,
2023-07-09,4020,Revenue – Government,0.0,130209.58,AR-2023-0638,
2023-07-09,1100,Accounts Receivable,290294.85,0.0,AR-2023-1006,
2023-07-09,4030,Revenue – Catering,0.0,290294.85,AR-2023-1006,
2023-07-09,1100,Accounts Receivable,209131.18,0.0,AR-2023-1038,
2023-07-09,4030,Revenue – Catering,0.0,209131.18,AR-2023-1038,
2023-07-09,5000,COGS – Food,76156.6,0.0,INV-2023-0219,
2023-07-09,2000,Accounts Payable,0.0,76156.6,INV-2023-0219,
2023-07-09,2000,Accounts Payable,171496.73,0.0,INV-2023-0239,Payment
2023-07-09,1000,Cash – SNB Operating SAR,0.0,171496.73,INV-2023-0239,Payment
2023-07-09,5000,COGS – Food,64862.24,0.0,INV-2023-0283,
2023-07-09,2000,Accounts Payable,0.0,64862.24,INV-2023-0283,
2023-07-09,2000,Accounts Payable,108521.69,0.0,INV-2023-0324,Payment
2023-07-09,1000,Cash – SNB Operating SAR,0.0,108521.69,INV-2023-0324,Payment
2023-07-09,2000,Accounts Payable,169301.56,0.0,INV-2023-0523,Payment
2023-07-09,1000,Cash – SNB Operating SAR,0.0,169301.56,INV-2023-0523,Payment
2023-07-09,2000,Accounts Payable,72725.31,0.0,INV-2023-0737,Payment
2023-07-09,1000,Cash – SNB Operating SAR,0.0,72725.31,INV-2023-0737,Payment
2023-07-09,5030,COGS – Cosmetics,111697.14,0.0,INV-2023-0870,Bulk SKUs — monthly replenishment
2023-07-09,2000,Accounts Payable,0.0,111697.14,INV-2023-0870,
2023-07-09,2000,Accounts Payable,73985.34,0.0,INV-2023-1178,Payment
2023-07-09,1000,Cash – SNB Operating SAR,0.0,73985.34,INV-2023-1178,Payment
2023-07-10,1000,Cash – SNB Operating SAR,155264.91,0.0,AR-2023-0112,Collection
2023-07-10,1100,Accounts Receivable,0.0,155264.91,AR-2023-0112,Collection
2023-07-10,1100,Accounts Receivable,252618.63,0.0,AR-2023-0184,
2023-07-10,4000,Revenue – Modern Trade,0.0,252618.63,AR-2023-0184,
2023-07-10,1100,Accounts Receivable,583684.15,0.0,AR-2023-0186,
2023-07-10,4000,Revenue – Modern Trade,0.0,583684.15,AR-2023-0186,
2023-07-10,1000,Cash – SNB Operating SAR,815150.2,0.0,AR-2023-0411,Collection
2023-07-10,1100,Accounts Receivable,0.0,815150.2,AR-2023-0411,Collection
2023-07-10,1100,Accounts Receivable,582195.9,0.0,AR-2023-0644,
2023-07-10,4020,Revenue – Government,0.0,582195.9,AR-2023-0644,
2023-07-10,1100,Accounts Receivable,780995.57,0.0,AR-2023-0650,
2023-07-10,4020,Revenue – Government,0.0,780995.57,AR-2023-0650,
2023-07-10,1000,Cash – SNB Operating SAR,290504.51,0.0,AR-2023-0936,Collection
2023-07-10,1100,Accounts Receivable,0.0,290504.51,AR-2023-0936,Collection
2023-07-10,1000,Cash – SNB Operating SAR,371065.82,0.0,AR-2023-0952,Collection
2023-07-10,1100,Accounts Receivable,0.0,371065.82,AR-2023-0952,Collection
2023-07-10,1100,Accounts Receivable,581961.83,0.0,AR-2023-1026,
2023-07-10,4030,Revenue – Catering,0.0,581961.83,AR-2023-1026,
2023-07-10,1100,Accounts Receivable,899329.94,0.0,AR-2023-1043,
2023-07-10,4030,Revenue – Catering,0.0,899329.94,AR-2023-1043,
2023-07-10,5000,COGS – Food,171888.07,0.0,INV-2023-0140,Bulk SKUs — monthly replenishment
2023-07-10,2000,Accounts Payable,0.0,171888.07,INV-2023-0140,
2023-07-10,5010,COGS – Beverages,127030.29,0.0,INV-2023-0361,
2023-07-10,2000,Accounts Payable,0.0,127030.29,INV-2023-0361,
2023-07-10,2000,Accounts Payable,154806.08,0.0,INV-2023-0685,Payment
2023-07-10,1000,Cash – SNB Operating SAR,0.0,154806.08,INV-2023-0685,Payment
2023-07-10,2000,Accounts Payable,159638.07,0.0,INV-2023-0726,Payment
2023-07-10,1000,Cash – SNB Operating SAR,0.0,159638.07,INV-2023-0726,Payment
2023-07-10,5030,COGS – Cosmetics,179664.03,0.0,INV-2023-0908,
2023-07-10,2000,Accounts Payable,0.0,179664.03,INV-2023-0908,
2023-07-10,2000,Accounts Payable,28402.25,0.0,INV-2023-1187,Payment
2023-07-10,1000,Cash – SNB Operating SAR,0.0,28402.25,INV-2023-1187,Payment
2023-07-10,2000,Accounts Payable,178770.9,0.0,INV-2023-1197,Payment
2023-07-10,1000,Cash – SNB Operating SAR,0.0,178770.9,INV-2023-1197,Payment
2023-07-11,1000,Cash – SNB Operating SAR,379777.62,0.0,AR-2023-0134,Collection
2023-07-11,1100,Accounts Receivable,0.0,379777.62,AR-2023-0134,Collection
2023-07-11,1100,Accounts Receivable,1024732.31,0.0,AR-2023-0185,
2023-07-11,4000,Revenue – Modern Trade,0.0,1024732.31,AR-2023-0185,
2023-07-11,1000,Cash – SNB Operating SAR,271013.06,0.0,AR-2023-0407,Collection
2023-07-11,1100,Accounts Receivable,0.0,271013.06,AR-2023-0407,Collection
2023-07-11,1000,Cash – SNB Operating SAR,991674.22,0.0,AR-2023-0629,Collection
2023-07-11,1100,Accounts Receivable,0.0,991674.22,AR-2023-0629,Collection
2023-07-11,1100,Accounts Receivable,113714.6,0.0,AR-2023-0634,
2023-07-11,4020,Revenue – Government,0.0,113714.6,AR-2023-0634,
2023-07-11,1000,Cash – SNB Operating SAR,366847.53,0.0,AR-2023-0919,Collection
2023-07-11,1100,Accounts Receivable,0.0,366847.53,AR-2023-0919,Collection
2023-07-11,1100,Accounts Receivable,226911.9,0.0,AR-2023-1008,
2023-07-11,4030,Revenue – Catering,0.0,226911.9,AR-2023-1008,
2023-07-11,1100,Accounts Receivable,484630.56,0.0,AR-2023-1011,
2023-07-11,4030,Revenue – Catering,0.0,484630.56,AR-2023-1011,
2023-07-11,1100,Accounts Receivable,195762.02,0.0,AR-2023-1015,
2023-07-11,4030,Revenue – Catering,0.0,195762.02,AR-2023-1015,
2023-07-11,1100,Accounts Receivable,332110.51,0.0,AR-2023-1029,
2023-07-11,4030,Revenue – Catering,0.0,332110.51,AR-2023-1029,
2023-07-11,2000,Accounts Payable,151262.74,0.0,INV-2023-0170,Payment
2023-07-11,1000,Cash – SNB Operating SAR,0.0,151262.74,INV-2023-0170,Payment
2023-07-11,5000,COGS – Food,123980.18,0.0,INV-2023-0178,OTC & consumer health replenishment
2023-07-11,2000,Accounts Payable,0.0,123980.18,INV-2023-0178,
2023-07-11,2000,Accounts Payable,82980.46,0.0,INV-2023-0291,Payment
2023-07-11,1000,Cash – SNB Operating SAR,0.0,82980.46,INV-2023-0291,Payment
2023-07-11,2000,Accounts Payable,90842.98,0.0,INV-2023-0483,Payment
2023-07-11,1000,Cash – SNB Operating SAR,0.0,90842.98,INV-2023-0483,Payment
2023-07-11,2000,Accounts Payable,159884.89,0.0,INV-2023-0567,Payment
2023-07-11,1000,Cash – SNB Operating SAR,0.0,159884.89,INV-2023-0567,Payment
2023-07-11,5030,COGS – Cosmetics,123946.52,0.0,INV-2023-0885,Bulk SKUs — monthly replenishment
2023-07-11,2000,Accounts Payable,0.0,123946.52,INV-2023-0885,
2023-07-12,1000,Cash – SNB Operating SAR,345276.17,0.0,AR-2023-0130,Collection
2023-07-12,1100,Accounts Receivable,0.0,345276.17,AR-2023-0130,Collection
2023-07-12,1100,Accounts Receivable,430972.64,0.0,AR-2023-0651,
2023-07-12,4020,Revenue – Government,0.0,430972.64,AR-2023-0651,
2023-07-12,2000,Accounts Payable,123984.17,0.0,INV-2023-0190,Payment
2023-07-12,1000,Cash – SNB Operating SAR,0.0,123984.17,INV-2023-0190,Payment
2023-07-12,5010,COGS – Beverages,103330.09,0.0,INV-2023-0380,Antibiotics + analgesics — bulk SKUs
2023-07-12,2000,Accounts Payable,0.0,103330.09,INV-2023-0380,
2023-07-12,2000,Accounts Payable,147273.37,0.0,INV-2023-0605,Payment
2023-07-12,1000,Cash – SNB Operating SAR,0.0,147273.37,INV-2023-0605,Payment
2023-07-12,5030,COGS – Cosmetics,116055.8,0.0,INV-2023-0886,Bulk SKUs — monthly replenishment
2023-07-12,2000,Accounts Payable,0.0,116055.8,INV-2023-0886,
2023-07-13,1000,Cash – SNB Operating SAR,361118.89,0.0,AR-2023-0157,Collection
2023-07-13,1100,Accounts Receivable,0.0,361118.89,AR-2023-0157,Collection
2023-07-13,1100,Accounts Receivable,359461.0,0.0,AR-2023-0176,
2023-07-13,4000,Revenue – Modern Trade,0.0,359461.0,AR-2023-0176,
2023-07-13,1000,Cash – SNB Operating SAR,268295.97,0.0,AR-2023-0418,Collection
2023-07-13,1100,Accounts Receivable,0.0,268295.97,AR-2023-0418,Collection
2023-07-13,1100,Accounts Receivable,583845.75,0.0,AR-2023-0647,
2023-07-13,4020,Revenue – Government,0.0,583845.75,AR-2023-0647,
2023-07-13,1100,Accounts Receivable,459353.47,0.0,AR-2023-1019,
2023-07-13,4030,Revenue – Catering,0.0,459353.47,AR-2023-1019,
2023-07-13,2000,Accounts Payable,153108.89,0.0,INV-2023-0464,Payment
2023-07-13,1000,Cash – SNB Operating SAR,0.0,153108.89,INV-2023-0464,Payment
2023-07-13,5020,COGS – Household,177064.51,0.0,INV-2023-0644,OTC & consumer health replenishment
2023-07-13,2000,Accounts Payable,0.0,177064.51,INV-2023-0644,
2023-07-13,5030,COGS – Cosmetics,122256.98,0.0,INV-2023-0842,
2023-07-13,2000,Accounts Payable,0.0,122256.98,INV-2023-0842,
2023-07-13,6300,Logistics – 3PL,137393.9,0.0,INV-2023-1040,Line-haul & distribution services
2023-07-13,2000,Accounts Payable,0.0,137393.9,INV-2023-1040,
2023-07-14,1000,Cash – SNB Operating SAR,467175.08,0.0,AR-2023-0610,Collection
2023-07-14,1100,Accounts Receivable,0.0,467175.08,AR-2023-0610,Collection
2023-07-14,1000,Cash – SNB Operating SAR,707919.49,0.0,AR-2023-0945,Collection
2023-07-14,1100,Accounts Receivable,0.0,707919.49,AR-2023-0945,Collection
2023-07-14,1000,Cash – SNB Operating SAR,145009.65,0.0,AR-2023-0969,Collection
2023-07-14,1100,Accounts Receivable,0.0,145009.65,AR-2023-0969,Collection
2023-07-14,1100,Accounts Receivable,350308.04,0.0,AR-2023-1012,
2023-07-14,4030,Revenue – Catering,0.0,350308.04,AR-2023-1012,
2023-07-14,1100,Accounts Receivable,354070.49,0.0,AR-2023-1032,
2023-07-14,4030,Revenue – Catering,0.0,354070.49,AR-2023-1032,
2023-07-14,1100,Accounts Receivable,124932.05,0.0,AR-2023-1033,
2023-07-14,4030,Revenue – Catering,0.0,124932.05,AR-2023-1033,
2023-07-14,2000,Accounts Payable,125483.4,0.0,INV-2023-0143,Payment
2023-07-14,1000,Cash – SNB Operating SAR,0.0,125483.4,INV-2023-0143,Payment
2023-07-14,2000,Accounts Payable,87341.88,0.0,INV-2023-0391,Payment
2023-07-14,1000,Cash – SNB Operating SAR,0.0,87341.88,INV-2023-0391,Payment
2023-07-14,5020,COGS – Household,157811.13,0.0,INV-2023-0552,
2023-07-14,2000,Accounts Payable,0.0,157811.13,INV-2023-0552,
2023-07-14,2000,Accounts Payable,65930.16,0.0,INV-2023-0788,Payment
2023-07-14,1000,Cash – SNB Operating SAR,0.0,65930.16,INV-2023-0788,Payment
2023-07-14,6300,Logistics – 3PL,263330.51,0.0,INV-2023-0964,Line-haul & distribution services
2023-07-14,2000,Accounts Payable,0.0,263330.51,INV-2023-0964,
2023-07-14,2000,Accounts Payable,264128.33,0.0,INV-2023-1034,Payment
2023-07-14,1000,Cash – SNB Operating SAR,0.0,264128.33,INV-2023-1034,Payment
2023-07-14,2000,Accounts Payable,42871.83,0.0,INV-2023-1145,Payment
2023-07-14,1000,Cash – SNB Operating SAR,0.0,42871.83,INV-2023-1145,Payment
2023-07-14,6220,Professional Fees,83736.38,0.0,INV-2023-1167,
2023-07-14,2000,Accounts Payable,0.0,83736.38,INV-2023-1167,
2023-07-14,5020,COGS – Household,170909.2,0.0,INV-2023-1198,"Blister & carton packaging PKG-1101 — 22,196 units @ SAR 7.70 (CT-2023-466)"
2023-07-14,2000,Accounts Payable,0.0,170909.2,INV-2023-1198,
2023-07-14,2000,Accounts Payable,68006.98,0.0,INV-2023-1206,Payment
2023-07-14,1000,Cash – SNB Operating SAR,0.0,68006.98,INV-2023-1206,Payment
2023-07-15,1000,Cash – SNB Operating SAR,130561.61,0.0,AR-2023-0140,Collection
2023-07-15,1100,Accounts Receivable,0.0,130561.61,AR-2023-0140,Collection
2023-07-15,1000,Cash – SNB Operating SAR,868140.27,0.0,AR-2023-0153,Collection
2023-07-15,1100,Accounts Receivable,0.0,868140.27,AR-2023-0153,Collection
2023-07-15,1000,Cash – SNB Operating SAR,514324.47,0.0,AR-2023-0947,Collection
2023-07-15,1100,Accounts Receivable,0.0,514324.47,AR-2023-0947,Collection
2023-07-15,1100,Accounts Receivable,1056538.78,0.0,AR-2023-1016,
2023-07-15,4030,Revenue – Catering,0.0,1056538.78,AR-2023-1016,
2023-07-15,1100,Accounts Receivable,257917.46,0.0,AR-2023-1034,
2023-07-15,4030,Revenue – Catering,0.0,257917.46,AR-2023-1034,
2023-07-15,2000,Accounts Payable,163263.49,0.0,INV-2023-0064,Payment
2023-07-15,1000,Cash – SNB Operating SAR,0.0,163263.49,INV-2023-0064,Payment
2023-07-15,2000,Accounts Payable,148377.84,0.0,INV-2023-0165,Payment
2023-07-15,1000,Cash – SNB Operating SAR,0.0,148377.84,INV-2023-0165,Payment
2023-07-15,5010,COGS – Beverages,164786.0,0.0,INV-2023-0372,OTC & consumer health replenishment
2023-07-15,2000,Accounts Payable,0.0,164786.0,INV-2023-0372,
2023-07-15,2000,Accounts Payable,134495.23,0.0,INV-2023-0507,Payment
2023-07-15,1000,Cash – SNB Operating SAR,0.0,134495.23,INV-2023-0507,Payment
2023-07-15,2000,Accounts Payable,91328.67,0.0,INV-2023-0564,Payment
2023-07-15,1000,Cash – SNB Operating SAR,0.0,91328.67,INV-2023-0564,Payment
2023-07-15,5020,COGS – Household,91715.57,0.0,INV-2023-0599,Antibiotics + analgesics — bulk SKUs
2023-07-15,2000,Accounts Payable,0.0,91715.57,INV-2023-0599,
2023-07-15,5030,COGS – Cosmetics,118545.54,0.0,INV-2023-0773,Antibiotics + analgesics — bulk SKUs
2023-07-15,2000,Accounts Payable,0.0,118545.54,INV-2023-0773,
2023-07-15,2000,Accounts Payable,143513.96,0.0,INV-2023-0834,Payment
2023-07-15,1000,Cash – SNB Operating SAR,0.0,143513.96,INV-2023-0834,Payment
2023-07-15,2000,Accounts Payable,53579.71,0.0,INV-2023-1166,Payment
2023-07-15,1000,Cash – SNB Operating SAR,0.0,53579.71,INV-2023-1166,Payment
2023-07-16,1000,Cash – SNB Operating SAR,191456.17,0.0,AR-2023-0147,Collection
2023-07-16,1100,Accounts Receivable,0.0,191456.17,AR-2023-0147,Collection
2023-07-16,1100,Accounts Receivable,372902.02,0.0,AR-2023-0436,
2023-07-16,4010,Revenue – Hospitality,0.0,372902.02,AR-2023-0436,
2023-07-16,1000,Cash – SNB Operating SAR,1113727.88,0.0,AR-2023-0893,Collection
2023-07-16,1100,Accounts Receivable,0.0,1113727.88,AR-2023-0893,Collection
2023-07-16,1000,Cash – SNB Operating SAR,266353.68,0.0,AR-2023-0959,Collection
2023-07-16,1100,Accounts Receivable,0.0,266353.68,AR-2023-0959,Collection
2023-07-16,2000,Accounts Payable,65499.13,0.0,INV-2023-0141,Payment
2023-07-16,1000,Cash – SNB Operating SAR,0.0,65499.13,INV-2023-0141,Payment
2023-07-16,5000,COGS – Food,116667.1,0.0,INV-2023-0230,Bulk SKUs — monthly replenishment
2023-07-16,2000,Accounts Payable,0.0,116667.1,INV-2023-0230,
2023-07-16,5020,COGS – Household,171081.52,0.0,INV-2023-0728,
2023-07-16,2000,Accounts Payable,0.0,171081.52,INV-2023-0728,
2023-07-16,2000,Accounts Payable,60692.51,0.0,INV-2023-0920,Payment
2023-07-16,1000,Cash – SNB Operating SAR,0.0,60692.51,INV-2023-0920,Payment
2023-07-17,1000,Cash – SNB Operating SAR,926152.19,0.0,AR-2023-0125,Collection
2023-07-17,1100,Accounts Receivable,0.0,926152.19,AR-2023-0125,Collection
2023-07-17,1000,Cash – SNB Operating SAR,402546.41,0.0,AR-2023-0128,Collection
2023-07-17,1100,Accounts Receivable,0.0,402546.41,AR-2023-0128,Collection
2023-07-17,1000,Cash – SNB Operating SAR,675776.37,0.0,AR-2023-0174,Collection
2023-07-17,1100,Accounts Receivable,0.0,675776.37,AR-2023-0174,Collection
2023-07-17,1100,Accounts Receivable,500034.43,0.0,AR-2023-0178,
2023-07-17,4000,Revenue – Modern Trade,0.0,500034.43,AR-2023-0178,
2023-07-17,1100,Accounts Receivable,1004261.83,0.0,AR-2023-0200,
2023-07-17,4000,Revenue – Modern Trade,0.0,1004261.83,AR-2023-0200,
2023-07-17,1100,Accounts Receivable,913298.79,0.0,AR-2023-0203,
2023-07-17,4000,Revenue – Modern Trade,0.0,913298.79,AR-2023-0203,
2023-07-17,1000,Cash – SNB Operating SAR,444791.46,0.0,AR-2023-0598,Collection
2023-07-17,1100,Accounts Receivable,0.0,444791.46,AR-2023-0598,Collection
2023-07-17,1000,Cash – SNB Operating SAR,494942.57,0.0,AR-2023-0613,Collection
2023-07-17,1100,Accounts Receivable,0.0,494942.57,AR-2023-0613,Collection
2023-07-17,1000,Cash – SNB Operating SAR,390468.38,0.0,AR-2023-0620,Collection
2023-07-17,1100,Accounts Receivable,0.0,390468.38,AR-2023-0620,Collection
2023-07-17,1100,Accounts Receivable,702983.84,0.0,AR-2023-1017,
2023-07-17,4030,Revenue – Catering,0.0,702983.84,AR-2023-1017,
2023-07-17,1100,Accounts Receivable,145589.87,0.0,AR-2023-1041,
2023-07-17,4030,Revenue – Catering,0.0,145589.87,AR-2023-1041,
2023-07-17,5000,COGS – Food,95463.01,0.0,INV-2023-0123,
2023-07-17,2000,Accounts Payable,0.0,95463.01,INV-2023-0123,
2023-07-17,5000,COGS – Food,79792.94,0.0,INV-2023-0128,Antibiotics + analgesics — bulk SKUs
2023-07-17,2000,Accounts Payable,0.0,79792.94,INV-2023-0128,
2023-07-17,2000,Accounts Payable,130841.48,0.0,INV-2023-0418,Payment
2023-07-17,1000,Cash – SNB Operating SAR,0.0,130841.48,INV-2023-0418,Payment
2023-07-17,2000,Accounts Payable,153614.53,0.0,INV-2023-0450,Payment
2023-07-17,1000,Cash – SNB Operating SAR,0.0,153614.53,INV-2023-0450,Payment
2023-07-17,2000,Accounts Payable,91921.56,0.0,INV-2023-0511,Payment
2023-07-17,1000,Cash – SNB Operating SAR,0.0,91921.56,INV-2023-0511,Payment
2023-07-17,2000,Accounts Payable,126518.67,0.0,INV-2023-0996,Payment
2023-07-17,1000,Cash – SNB Operating SAR,0.0,126518.67,INV-2023-0996,Payment
2023-07-17,6300,Logistics – 3PL,146328.36,0.0,INV-2023-0998,Line-haul & distribution services
2023-07-17,2000,Accounts Payable,0.0,146328.36,INV-2023-0998,
2023-07-17,2000,Accounts Payable,360799.79,0.0,INV-2023-1047,Payment
2023-07-17,1000,Cash – SNB Operating SAR,0.0,360799.79,INV-2023-1047,Payment
2023-07-17,6220,Professional Fees,48312.26,0.0,INV-2023-1165,
2023-07-17,2000,Accounts Payable,0.0,48312.26,INV-2023-1165,
2023-07-18,1100,Accounts Receivable,294034.87,0.0,AR-2023-0442,
2023-07-18,4010,Revenue – Hospitality,0.0,294034.87,AR-2023-0442,
2023-07-18,1000,Cash – SNB Operating SAR,197372.02,0.0,AR-2023-0595,Collection
2023-07-18,1100,Accounts Receivable,0.0,197372.02,AR-2023-0595,Collection
2023-07-18,1000,Cash – SNB Operating SAR,578421.05,0.0,AR-2023-0608,Collection
2023-07-18,1100,Accounts Receivable,0.0,578421.05,AR-2023-0608,Collection
2023-07-18,1000,Cash – SNB Operating SAR,72321.66,0.0,AR-2023-0938,Collection
2023-07-18,1100,Accounts Receivable,0.0,72321.66,AR-2023-0938,Collection
2023-07-18,1000,Cash – SNB Operating SAR,317003.74,0.0,AR-2023-0953,Collection
2023-07-18,1100,Accounts Receivable,0.0,317003.74,AR-2023-0953,Collection
2023-07-18,1100,Accounts Receivable,455807.52,0.0,AR-2023-1005,
2023-07-18,4030,Revenue – Catering,0.0,455807.52,AR-2023-1005,
2023-07-18,5010,COGS – Beverages,153072.31,0.0,INV-2023-0365,
2023-07-18,2000,Accounts Payable,0.0,153072.31,INV-2023-0365,
2023-07-18,5010,COGS – Beverages,159032.16,0.0,INV-2023-0383,Antibiotics + analgesics — bulk SKUs
2023-07-18,2000,Accounts Payable,0.0,159032.16,INV-2023-0383,
2023-07-18,5010,COGS – Beverages,128670.07,0.0,INV-2023-0516,
2023-07-18,2000,Accounts Payable,0.0,128670.07,INV-2023-0516,
2023-07-18,5020,COGS – Household,69878.36,0.0,INV-2023-0627,OTC & consumer health replenishment
2023-07-18,2000,Accounts Payable,0.0,69878.36,INV-2023-0627,
2023-07-18,5020,COGS – Household,128462.34,0.0,INV-2023-0686,
2023-07-18,2000,Accounts Payable,0.0,128462.34,INV-2023-0686,
2023-07-18,2000,Accounts Payable,125466.53,0.0,INV-2023-0741,Payment
2023-07-18,1000,Cash – SNB Operating SAR,0.0,125466.53,INV-2023-0741,Payment
2023-07-18,2000,Accounts Payable,114564.25,0.0,INV-2023-0826,Payment
2023-07-18,1000,Cash – SNB Operating SAR,0.0,114564.25,INV-2023-0826,Payment
2023-07-18,2000,Accounts Payable,108729.2,0.0,INV-2023-0862,Payment
2023-07-18,1000,Cash – SNB Operating SAR,0.0,108729.2,INV-2023-0862,Payment
2023-07-18,2000,Accounts Payable,203601.0,0.0,INV-2023-1031,Payment
2023-07-18,1000,Cash – SNB Operating SAR,0.0,203601.0,INV-2023-1031,Payment
2023-07-18,6300,Logistics – 3PL,93297.75,0.0,INV-2023-1071,Line-haul & distribution services
2023-07-18,2000,Accounts Payable,0.0,93297.75,INV-2023-1071,
2023-07-18,2000,Accounts Payable,39291.43,0.0,INV-2023-1190,Payment
2023-07-18,1000,Cash – SNB Operating SAR,0.0,39291.43,INV-2023-1190,Payment
2023-07-19,1100,Accounts Receivable,1024732.31,0.0,AR-2023-0199,
2023-07-19,4000,Revenue – Modern Trade,0.0,1024732.31,AR-2023-0199,
2023-07-19,1100,Accounts Receivable,196478.98,0.0,AR-2023-0648,
2023-07-19,4020,Revenue – Government,0.0,196478.98,AR-2023-0648,
2023-07-19,1000,Cash – SNB Operating SAR,408444.94,0.0,AR-2023-0943,Collection
2023-07-19,1100,Accounts Receivable,0.0,408444.94,AR-2023-0943,Collection
2023-07-19,1000,Cash – SNB Operating SAR,1028948.3,0.0,AR-2023-0967,Collection
2023-07-19,1100,Accounts Receivable,0.0,1028948.3,AR-2023-0967,Collection
2023-07-19,1100,Accounts Receivable,839190.26,0.0,AR-2023-1003,
2023-07-19,4030,Revenue – Catering,0.0,839190.26,AR-2023-1003,
2023-07-19,1100,Accounts Receivable,276202.32,0.0,AR-2023-1010,
2023-07-19,4030,Revenue – Catering,0.0,276202.32,AR-2023-1010,
2023-07-19,2000,Accounts Payable,173213.72,0.0,INV-2023-0214,Payment
2023-07-19,1000,Cash – SNB Operating SAR,0.0,173213.72,INV-2023-0214,Payment
2023-07-19,2000,Accounts Payable,122718.2,0.0,INV-2023-0271,Payment
2023-07-19,1000,Cash – SNB Operating SAR,0.0,122718.2,INV-2023-0271,Payment
2023-07-19,5010,COGS – Beverages,99524.95,0.0,INV-2023-0309,Antibiotics + analgesics — bulk SKUs
2023-07-19,2000,Accounts Payable,0.0,99524.95,INV-2023-0309,
2023-07-19,2000,Accounts Payable,93640.91,0.0,INV-2023-0623,Payment
2023-07-19,1000,Cash – SNB Operating SAR,0.0,93640.91,INV-2023-0623,Payment
2023-07-19,2000,Accounts Payable,68480.76,0.0,INV-2023-0689,Payment
2023-07-19,1000,Cash – SNB Operating SAR,0.0,68480.76,INV-2023-0689,Payment
2023-07-19,5020,COGS – Household,161997.63,0.0,INV-2023-0700,OTC & consumer health replenishment
2023-07-19,2000,Accounts Payable,0.0,161997.63,INV-2023-0700,
2023-07-19,2000,Accounts Payable,161491.44,0.0,INV-2023-0756,Payment
2023-07-19,1000,Cash – SNB Operating SAR,0.0,161491.44,INV-2023-0756,Payment
2023-07-19,2000,Accounts Payable,178999.0,0.0,INV-2023-0853,Payment
2023-07-19,1000,Cash – SNB Operating SAR,0.0,178999.0,INV-2023-0853,Payment
2023-07-19,2000,Accounts Payable,199521.54,0.0,INV-2023-0956,Payment
2023-07-19,1000,Cash – SNB Operating SAR,0.0,199521.54,INV-2023-0956,Payment
2023-07-20,1000,Cash – SNB Operating SAR,166821.82,0.0,AR-2023-0132,Collection
2023-07-20,1100,Accounts Receivable,0.0,166821.82,AR-2023-0132,Collection
2023-07-20,1100,Accounts Receivable,376496.96,0.0,AR-2023-0181,
2023-07-20,4000,Revenue – Modern Trade,0.0,376496.96,AR-2023-0181,
2023-07-20,1000,Cash – SNB Operating SAR,362885.45,0.0,AR-2023-0413,Collection
2023-07-20,1100,Accounts Receivable,0.0,362885.45,AR-2023-0413,Collection
2023-07-20,1000,Cash – SNB Operating SAR,418557.13,0.0,AR-2023-0612,Collection
2023-07-20,1100,Accounts Receivable,0.0,418557.13,AR-2023-0612,Collection
2023-07-20,1100,Accounts Receivable,532989.44,0.0,AR-2023-0640,
2023-07-20,4020,Revenue – Government,0.0,532989.44,AR-2023-0640,
2023-07-20,1100,Accounts Receivable,409833.15,0.0,AR-2023-0641,
2023-07-20,4020,Revenue – Government,0.0,409833.15,AR-2023-0641,
2023-07-20,1000,Cash – SNB Operating SAR,315373.9,0.0,AR-2023-0982,Collection
2023-07-20,1100,Accounts Receivable,0.0,315373.9,AR-2023-0982,Collection
2023-07-20,1000,Cash – SNB Operating SAR,210389.43,0.0,AR-2023-0987,Collection
2023-07-20,1100,Accounts Receivable,0.0,210389.43,AR-2023-0987,Collection
2023-07-20,1000,Cash – SNB Operating SAR,168096.95,0.0,AR-2023-0989,Collection
2023-07-20,1100,Accounts Receivable,0.0,168096.95,AR-2023-0989,Collection
2023-07-20,1100,Accounts Receivable,215628.71,0.0,AR-2023-1007,
2023-07-20,4030,Revenue – Catering,0.0,215628.71,AR-2023-1007,
2023-07-20,1100,Accounts Receivable,302304.08,0.0,AR-2023-1023,
2023-07-20,4030,Revenue – Catering,0.0,302304.08,AR-2023-1023,
2023-07-20,1100,Accounts Receivable,359762.59,0.0,AR-2023-1039,
2023-07-20,4030,Revenue – Catering,0.0,359762.59,AR-2023-1039,
2023-07-20,5000,COGS – Food,147345.66,0.0,INV-2023-0108,
2023-07-20,2000,Accounts Payable,0.0,147345.66,INV-2023-0108,
2023-07-20,5010,COGS – Beverages,136614.86,0.0,INV-2023-0510,OTC & consumer health replenishment
2023-07-20,2000,Accounts Payable,0.0,136614.86,INV-2023-0510,
2023-07-20,2000,Accounts Payable,77230.73,0.0,INV-2023-0572,Payment
2023-07-20,1000,Cash – SNB Operating SAR,0.0,77230.73,INV-2023-0572,Payment
2023-07-20,5020,COGS – Household,160029.11,0.0,INV-2023-0651,
2023-07-20,2000,Accounts Payable,0.0,160029.11,INV-2023-0651,
2023-07-21,1000,Cash – SNB Operating SAR,1027608.51,0.0,AR-2023-0137,Collection
2023-07-21,1100,Accounts Receivable,0.0,1027608.51,AR-2023-0137,Collection
2023-07-21,1100,Accounts Receivable,282968.53,0.0,AR-2023-0183,
2023-07-21,4000,Revenue – Modern Trade,0.0,282968.53,AR-2023-0183,
2023-07-21,1100,Accounts Receivable,973006.39,0.0,AR-2023-0642,
2023-07-21,4020,Revenue – Government,0.0,973006.39,AR-2023-0642,
2023-07-21,1000,Cash – SNB Operating SAR,287798.68,0.0,AR-2023-0961,Collection
2023-07-21,1100,Accounts Receivable,0.0,287798.68,AR-2023-0961,Collection
2023-07-21,1000,Cash – SNB Operating SAR,527978.65,0.0,AR-2023-0991,Collection
2023-07-21,1100,Accounts Receivable,0.0,527978.65,AR-2023-0991,Collection
2023-07-21,2000,Accounts Payable,74029.45,0.0,INV-2023-0121,Payment
2023-07-21,1000,Cash – SNB Operating SAR,0.0,74029.45,INV-2023-0121,Payment
2023-07-21,5000,COGS – Food,127526.0,0.0,INV-2023-0258,
2023-07-21,2000,Accounts Payable,0.0,127526.0,INV-2023-0258,
2023-07-21,5010,COGS – Beverages,162093.85,0.0,INV-2023-0329,Bulk SKUs — monthly replenishment
2023-07-21,2000,Accounts Payable,0.0,162093.85,INV-2023-0329,
2023-07-21,2000,Accounts Payable,101324.41,0.0,INV-2023-0342,Payment
2023-07-21,1000,Cash – SNB Operating SAR,0.0,101324.41,INV-2023-0342,Payment
2023-07-21,5030,COGS – Cosmetics,121816.27,0.0,INV-2023-0855,OTC & consumer health replenishment
2023-07-21,2000,Accounts Payable,0.0,121816.27,INV-2023-0855,
2023-07-21,5030,COGS – Cosmetics,74482.58,0.0,INV-2023-0913,
2023-07-21,2000,Accounts Payable,0.0,74482.58,INV-2023-0913,
2023-07-21,2000,Accounts Payable,342078.31,0.0,INV-2023-1042,Payment
2023-07-21,1000,Cash – SNB Operating SAR,0.0,342078.31,INV-2023-1042,Payment
2023-07-21,2000,Accounts Payable,53967.31,0.0,INV-2023-1157,Payment
2023-07-21,1000,Cash – SNB Operating SAR,0.0,53967.31,INV-2023-1157,Payment
2023-07-22,1100,Accounts Receivable,597855.76,0.0,AR-2023-0189,
2023-07-22,4000,Revenue – Modern Trade,0.0,597855.76,AR-2023-0189,
2023-07-22,1000,Cash – SNB Operating SAR,1013977.8,0.0,AR-2023-0431,Collection
2023-07-22,1100,Accounts Receivable,0.0,1013977.8,AR-2023-0431,Collection
2023-07-22,1000,Cash – SNB Operating SAR,717828.56,0.0,AR-2023-0622,Collection
2023-07-22,1100,Accounts Receivable,0.0,717828.56,AR-2023-0622,Collection
2023-07-22,1100,Accounts Receivable,454265.55,0.0,AR-2023-0635,
2023-07-22,4020,Revenue – Government,0.0,454265.55,AR-2023-0635,
2023-07-22,1000,Cash – SNB Operating SAR,943530.92,0.0,AR-2023-0935,Collection
2023-07-22,1100,Accounts Receivable,0.0,943530.92,AR-2023-0935,Collection
2023-07-22,1000,Cash – SNB Operating SAR,13991.7,0.0,AR-2023-0944,Collection
2023-07-22,1100,Accounts Receivable,0.0,13991.7,AR-2023-0944,Collection
2023-07-22,1100,Accounts Receivable,485317.68,0.0,AR-2023-1004,
2023-07-22,4030,Revenue – Catering,0.0,485317.68,AR-2023-1004,
2023-07-22,1100,Accounts Receivable,651553.24,0.0,AR-2023-1021,
2023-07-22,4030,Revenue – Catering,0.0,651553.24,AR-2023-1021,
2023-07-22,1100,Accounts Receivable,348325.41,0.0,AR-2023-1037,
2023-07-22,4030,Revenue – Catering,0.0,348325.41,AR-2023-1037,
2023-07-22,5000,COGS – Food,152094.97,0.0,INV-2023-0152,
2023-07-22,2000,Accounts Payable,0.0,152094.97,INV-2023-0152,
2023-07-22,2000,Accounts Payable,99288.44,0.0,INV-2023-0292,Payment
2023-07-22,1000,Cash – SNB Operating SAR,0.0,99288.44,INV-2023-0292,Payment
2023-07-22,2000,Accounts Payable,125224.19,0.0,INV-2023-0369,Payment
2023-07-22,1000,Cash – SNB Operating SAR,0.0,125224.19,INV-2023-0369,Payment
2023-07-22,2000,Accounts Payable,105052.19,0.0,INV-2023-0370,Payment
2023-07-22,1000,Cash – SNB Operating SAR,0.0,105052.19,INV-2023-0370,Payment
2023-07-22,2000,Accounts Payable,81641.35,0.0,INV-2023-0487,Payment
2023-07-22,1000,Cash – SNB Operating SAR,0.0,81641.35,INV-2023-0487,Payment
2023-07-22,2000,Accounts Payable,130897.97,0.0,INV-2023-0911,Payment
2023-07-22,1000,Cash – SNB Operating SAR,0.0,130897.97,INV-2023-0911,Payment
2023-07-22,2000,Accounts Payable,252597.31,0.0,INV-2023-0944,Payment
2023-07-22,1000,Cash – SNB Operating SAR,0.0,252597.31,INV-2023-0944,Payment
2023-07-22,6300,Logistics – 3PL,115008.36,0.0,INV-2023-0968,Line-haul & distribution services
2023-07-22,2000,Accounts Payable,0.0,115008.36,INV-2023-0968,
2023-07-22,2000,Accounts Payable,143959.3,0.0,INV-2023-1066,Payment
2023-07-22,1000,Cash – SNB Operating SAR,0.0,143959.3,INV-2023-1066,Payment
2023-07-23,1000,Cash – SNB Operating SAR,932849.44,0.0,AR-2023-0129,Collection
2023-07-23,1100,Accounts Receivable,0.0,932849.44,AR-2023-0129,Collection
2023-07-23,1100,Accounts Receivable,363577.97,0.0,AR-2023-0187,
2023-07-23,4000,Revenue – Modern Trade,0.0,363577.97,AR-2023-0187,
2023-07-23,1100,Accounts Receivable,81439.02,0.0,AR-2023-0649,
2023-07-23,4020,Revenue – Government,0.0,81439.02,AR-2023-0649,
2023-07-23,1000,Cash – SNB Operating SAR,895620.71,0.0,AR-2023-0976,Collection
2023-07-23,1100,Accounts Receivable,0.0,895620.71,AR-2023-0976,Collection
2023-07-23,1000,Cash – SNB Operating SAR,372099.34,0.0,AR-2023-0997,Collection
2023-07-23,1100,Accounts Receivable,0.0,372099.34,AR-2023-0997,Collection
2023-07-23,1100,Accounts Receivable,63759.89,0.0,AR-2023-1002,
2023-07-23,4030,Revenue – Catering,0.0,63759.89,AR-2023-1002,
2023-07-23,1100,Accounts Receivable,268440.75,0.0,AR-2023-1018,
2023-07-23,4030,Revenue – Catering,0.0,268440.75,AR-2023-1018,
2023-07-23,1100,Accounts Receivable,361111.45,0.0,AR-2023-1028,
2023-07-23,4030,Revenue – Catering,0.0,361111.45,AR-2023-1028,
2023-07-23,2000,Accounts Payable,92727.33,0.0,INV-2023-0073,Payment
2023-07-23,1000,Cash – SNB Operating SAR,0.0,92727.33,INV-2023-0073,Payment
2023-07-23,2000,Accounts Payable,168633.01,0.0,INV-2023-0248,Payment
2023-07-23,1000,Cash – SNB Operating SAR,0.0,168633.01,INV-2023-0248,Payment
2023-07-23,5020,COGS – Household,174112.04,0.0,INV-2023-0630,OTC & consumer health replenishment
2023-07-23,2000,Accounts Payable,0.0,174112.04,INV-2023-0630,
2023-07-23,2000,Accounts Payable,277332.43,0.0,INV-2023-0947,Payment
2023-07-23,1000,Cash – SNB Operating SAR,0.0,277332.43,INV-2023-0947,Payment
2023-07-24,1000,Cash – SNB Operating SAR,156705.63,0.0,AR-2023-0152,Collection
2023-07-24,1100,Accounts Receivable,0.0,156705.63,AR-2023-0152,Collection
2023-07-24,1000,Cash – SNB Operating SAR,122363.05,0.0,AR-2023-0166,Collection
2023-07-24,1100,Accounts Receivable,0.0,122363.05,AR-2023-0166,Collection
2023-07-24,1000,Cash – SNB Operating SAR,218524.35,0.0,AR-2023-0169,Collection
2023-07-24,1100,Accounts Receivable,0.0,218524.35,AR-2023-0169,Collection
2023-07-24,1100,Accounts Receivable,571163.11,0.0,AR-2023-0196,
2023-07-24,4000,Revenue – Modern Trade,0.0,571163.11,AR-2023-0196,
2023-07-24,1100,Accounts Receivable,358078.95,0.0,AR-2023-0197,
2023-07-24,4000,Revenue – Modern Trade,0.0,358078.95,AR-2023-0197,
2023-07-24,1000,Cash – SNB Operating SAR,1068295.14,0.0,AR-2023-0604,Collection
2023-07-24,1100,Accounts Receivable,0.0,1068295.14,AR-2023-0604,Collection
2023-07-24,1000,Cash – SNB Operating SAR,425141.01,0.0,AR-2023-0646,Collection
2023-07-24,1100,Accounts Receivable,0.0,425141.01,AR-2023-0646,Collection
2023-07-24,1000,Cash – SNB Operating SAR,202569.7,0.0,AR-2023-0948,Collection
2023-07-24,1100,Accounts Receivable,0.0,202569.7,AR-2023-0948,Collection
2023-07-24,1000,Cash – SNB Operating SAR,473058.1,0.0,AR-2023-0975,Collection
2023-07-24,1100,Accounts Receivable,0.0,473058.1,AR-2023-0975,Collection
2023-07-24,5000,COGS – Food,150123.8,0.0,INV-2023-0182,Antibiotics + analgesics — bulk SKUs
2023-07-24,2000,Accounts Payable,0.0,150123.8,INV-2023-0182,
2023-07-24,2000,Accounts Payable,150675.77,0.0,INV-2023-0187,Payment
2023-07-24,1000,Cash – SNB Operating SAR,0.0,150675.77,INV-2023-0187,Payment
2023-07-24,2000,Accounts Payable,67410.66,0.0,INV-2023-0287,Payment
2023-07-24,1000,Cash – SNB Operating SAR,0.0,67410.66,INV-2023-0287,Payment
2023-07-24,5010,COGS – Beverages,141843.97,0.0,INV-2023-0354,
2023-07-24,2000,Accounts Payable,0.0,141843.97,INV-2023-0354,
2023-07-24,2000,Accounts Payable,145786.62,0.0,INV-2023-0360,Payment
2023-07-24,1000,Cash – SNB Operating SAR,0.0,145786.62,INV-2023-0360,Payment
2023-07-24,2000,Accounts Payable,114673.68,0.0,INV-2023-0473,Payment
2023-07-24,1000,Cash – SNB Operating SAR,0.0,114673.68,INV-2023-0473,Payment
2023-07-24,2000,Accounts Payable,170974.09,0.0,INV-2023-0550,Payment
2023-07-24,1000,Cash – SNB Operating SAR,0.0,170974.09,INV-2023-0550,Payment
2023-07-24,2000,Accounts Payable,146629.43,0.0,INV-2023-0656,Payment
2023-07-24,1000,Cash – SNB Operating SAR,0.0,146629.43,INV-2023-0656,Payment
2023-07-24,5020,COGS – Household,135361.03,0.0,INV-2023-0740,
2023-07-24,2000,Accounts Payable,0.0,135361.03,INV-2023-0740,
2023-07-24,5030,COGS – Cosmetics,149161.05,0.0,INV-2023-0785,OTC & consumer health replenishment
2023-07-24,2000,Accounts Payable,0.0,149161.05,INV-2023-0785,
2023-07-24,2000,Accounts Payable,67086.56,0.0,INV-2023-0881,Payment
2023-07-24,1000,Cash – SNB Operating SAR,0.0,67086.56,INV-2023-0881,Payment
2023-07-24,2000,Accounts Payable,172116.63,0.0,INV-2023-0919,Payment
2023-07-24,1000,Cash – SNB Operating SAR,0.0,172116.63,INV-2023-0919,Payment
2023-07-24,2000,Accounts Payable,1142681.91,0.0,INV-2023-1092,Payment
2023-07-24,1000,Cash – SNB Operating SAR,0.0,1142681.91,INV-2023-1092,Payment
2023-07-24,1020,Cash – ANB Payroll SAR,3472326.26,0.0,JE-20230701,Transfer SNB -> ANB payroll funding
2023-07-24,1000,Cash – SNB Operating SAR,0.0,3472326.26,JE-20230701,Transfer SNB -> ANB payroll funding
2023-07-25,1000,Cash – SNB Operating SAR,222962.01,0.0,AR-2023-0141,Collection
2023-07-25,1100,Accounts Receivable,0.0,222962.01,AR-2023-0141,Collection
2023-07-25,1000,Cash – SNB Operating SAR,1224933.29,0.0,AR-2023-0159,Collection
2023-07-25,1100,Accounts Receivable,0.0,1224933.29,AR-2023-0159,Collection
2023-07-25,1100,Accounts Receivable,261287.21,0.0,AR-2023-0182,
2023-07-25,4000,Revenue – Modern Trade,0.0,261287.21,AR-2023-0182,
2023-07-25,1100,Accounts Receivable,363470.88,0.0,AR-2023-0443,
2023-07-25,4010,Revenue – Hospitality,0.0,363470.88,AR-2023-0443,
2023-07-25,1000,Cash – SNB Operating SAR,408127.67,0.0,AR-2023-0617,Collection
2023-07-25,1100,Accounts Receivable,0.0,408127.67,AR-2023-0617,Collection
2023-07-25,1000,Cash – SNB Operating SAR,1057644.62,0.0,AR-2023-0923,Collection
2023-07-25,1100,Accounts Receivable,0.0,1057644.62,AR-2023-0923,Collection
2023-07-25,1000,Cash – SNB Operating SAR,980520.44,0.0,AR-2023-0998,Collection
2023-07-25,1100,Accounts Receivable,0.0,980520.44,AR-2023-0998,Collection
2023-07-25,2000,Accounts Payable,153317.59,0.0,INV-2023-0183,Payment
2023-07-25,1000,Cash – SNB Operating SAR,0.0,153317.59,INV-2023-0183,Payment
2023-07-25,2000,Accounts Payable,111839.78,0.0,INV-2023-0233,Payment
2023-07-25,1000,Cash – SNB Operating SAR,0.0,111839.78,INV-2023-0233,Payment
2023-07-25,5010,COGS – Beverages,121000.17,0.0,INV-2023-0430,OTC & consumer health replenishment
2023-07-25,2000,Accounts Payable,0.0,121000.17,INV-2023-0430,
2023-07-25,2000,Accounts Payable,122171.69,0.0,INV-2023-0525,Payment
2023-07-25,1000,Cash – SNB Operating SAR,0.0,122171.69,INV-2023-0525,Payment
2023-07-25,2000,Accounts Payable,120099.35,0.0,INV-2023-0600,Payment
2023-07-25,1000,Cash – SNB Operating SAR,0.0,120099.35,INV-2023-0600,Payment
2023-07-25,2000,Accounts Payable,122858.43,0.0,INV-2023-0677,Payment
2023-07-25,1000,Cash – SNB Operating SAR,0.0,122858.43,INV-2023-0677,Payment
2023-07-25,2000,Accounts Payable,110285.96,0.0,INV-2023-0797,Payment
2023-07-25,1000,Cash – SNB Operating SAR,0.0,110285.96,INV-2023-0797,Payment
2023-07-25,5030,COGS – Cosmetics,135287.21,0.0,INV-2023-0884,
2023-07-25,2000,Accounts Payable,0.0,135287.21,INV-2023-0884,
2023-07-25,6300,Logistics – 3PL,152796.78,0.0,INV-2023-1049,Line-haul & distribution services
2023-07-25,2000,Accounts Payable,0.0,152796.78,INV-2023-1049,
2023-07-25,6300,Logistics – 3PL,105483.63,0.0,INV-2023-1056,Line-haul & distribution services
2023-07-25,2000,Accounts Payable,0.0,105483.63,INV-2023-1056,
2023-07-25,6000,Salaries & Wages,3150931.27,0.0,PAY-2023-07,Payroll batch
2023-07-25,6020,GOSI Contributions,321394.99,0.0,PAY-2023-07,Payroll batch
2023-07-25,2110,Accrued Payroll,0.0,3472326.26,PAY-2023-07,Payroll batch
2023-07-26,1100,Accounts Receivable,420530.17,0.0,AR-2023-0177,
2023-07-26,4000,Revenue – Modern Trade,0.0,420530.17,AR-2023-0177,
2023-07-26,1100,Accounts Receivable,548793.86,0.0,AR-2023-0198,
2023-07-26,4000,Revenue – Modern Trade,0.0,548793.86,AR-2023-0198,
2023-07-26,1100,Accounts Receivable,966009.22,0.0,AR-2023-0201,
2023-07-26,4000,Revenue – Modern Trade,0.0,966009.22,AR-2023-0201,
2023-07-26,1100,Accounts Receivable,430167.35,0.0,AR-2023-0435,
2023-07-26,4010,Revenue – Hospitality,0.0,430167.35,AR-2023-0435,
2023-07-26,1100,Accounts Receivable,621846.91,0.0,AR-2023-0440,
2023-07-26,4010,Revenue – Hospitality,0.0,621846.91,AR-2023-0440,
2023-07-26,1000,Cash – SNB Operating SAR,177003.26,0.0,AR-2023-0603,Collection
2023-07-26,1100,Accounts Receivable,0.0,177003.26,AR-2023-0603,Collection
2023-07-26,1000,Cash – SNB Operating SAR,74671.31,0.0,AR-2023-0627,Collection
2023-07-26,1100,Accounts Receivable,0.0,74671.31,AR-2023-0627,Collection
2023-07-26,1000,Cash – SNB Operating SAR,428846.53,0.0,AR-2023-0628,Collection
2023-07-26,1100,Accounts Receivable,0.0,428846.53,AR-2023-0628,Collection
2023-07-26,1100,Accounts Receivable,285150.05,0.0,AR-2023-1022,
2023-07-26,4030,Revenue – Catering,0.0,285150.05,AR-2023-1022,
2023-07-26,2000,Accounts Payable,573580.42,0.0,INV-2023-0034,Payment
2023-07-26,1000,Cash – SNB Operating SAR,0.0,573580.42,INV-2023-0034,Payment
2023-07-26,5020,COGS – Household,162676.52,0.0,INV-2023-0568,OTC & consumer health replenishment
2023-07-26,2000,Accounts Payable,0.0,162676.52,INV-2023-0568,
2023-07-26,2000,Accounts Payable,113677.62,0.0,INV-2023-0682,Payment
2023-07-26,1000,Cash – SNB Operating SAR,0.0,113677.62,INV-2023-0682,Payment
2023-07-26,5030,COGS – Cosmetics,98520.87,0.0,INV-2023-0849,OTC & consumer health replenishment
2023-07-26,2000,Accounts Payable,0.0,98520.87,INV-2023-0849,
2023-07-26,5030,COGS – Cosmetics,168995.06,0.0,INV-2023-0876,Antibiotics + analgesics — bulk SKUs
2023-07-26,2000,Accounts Payable,0.0,168995.06,INV-2023-0876,
2023-07-26,2000,Accounts Payable,113865.31,0.0,INV-2023-0893,Payment
2023-07-26,1000,Cash – SNB Operating SAR,0.0,113865.31,INV-2023-0893,Payment
2023-07-26,2110,Accrued Payroll,3472326.26,0.0,PAY-2023-07,Payroll settlement
2023-07-26,1020,Cash – ANB Payroll SAR,0.0,3472326.26,PAY-2023-07,Payroll settlement
2023-07-27,1100,Accounts Receivable,150544.74,0.0,AR-2023-0175,
2023-07-27,4000,Revenue – Modern Trade,0.0,150544.74,AR-2023-0175,
2023-07-27,1100,Accounts Receivable,346895.97,0.0,AR-2023-0188,
2023-07-27,4000,Revenue – Modern Trade,0.0,346895.97,AR-2023-0188,
2023-07-27,1000,Cash – SNB Operating SAR,573778.06,0.0,AR-2023-0191,Collection
2023-07-27,1100,Accounts Receivable,0.0,573778.06,AR-2023-0191,Collection
2023-07-27,1100,Accounts Receivable,68516.04,0.0,AR-2023-0192,
2023-07-27,4000,Revenue – Modern Trade,0.0,68516.04,AR-2023-0192,
2023-07-27,1000,Cash – SNB Operating SAR,301717.54,0.0,AR-2023-0409,Collection
2023-07-27,1100,Accounts Receivable,0.0,301717.54,AR-2023-0409,Collection
2023-07-27,1000,Cash – SNB Operating SAR,177707.05,0.0,AR-2023-0422,Collection
2023-07-27,1100,Accounts Receivable,0.0,177707.05,AR-2023-0422,Collection
2023-07-27,1100,Accounts Receivable,373271.2,0.0,AR-2023-1009,
2023-07-27,4030,Revenue – Catering,0.0,373271.2,AR-2023-1009,
2023-07-27,1100,Accounts Receivable,1079674.65,0.0,AR-2023-1031,
2023-07-27,4030,Revenue – Catering,0.0,1079674.65,AR-2023-1031,
2023-07-27,5010,COGS – Beverages,117369.52,0.0,INV-2023-0544,Antibiotics + analgesics — bulk SKUs
2023-07-27,2000,Accounts Payable,0.0,117369.52,INV-2023-0544,
2023-07-27,2000,Accounts Payable,87671.04,0.0,INV-2023-0643,Payment
2023-07-27,1000,Cash – SNB Operating SAR,0.0,87671.04,INV-2023-0643,Payment
2023-07-27,5020,COGS – Household,143823.51,0.0,INV-2023-0649,
2023-07-27,2000,Accounts Payable,0.0,143823.51,INV-2023-0649,
2023-07-27,5020,COGS – Household,63653.24,0.0,INV-2023-0652,OTC & consumer health replenishment
2023-07-27,2000,Accounts Payable,0.0,63653.24,INV-2023-0652,
2023-07-27,5030,COGS – Cosmetics,132672.63,0.0,INV-2023-0924,OTC & consumer health replenishment
2023-07-27,2000,Accounts Payable,0.0,132672.63,INV-2023-0924,
2023-07-27,2900,Intercompany – Group Treasury Sweep,23664261.64,0.0,JE-20230790,Treasury sweep to Tamween Holdco cash pool
2023-07-27,1000,Cash – SNB Operating SAR,0.0,23664261.64,JE-20230790,Treasury sweep to Tamween Holdco cash pool
2023-07-28,1100,Accounts Receivable,344167.2,0.0,AR-2023-0202,
2023-07-28,4000,Revenue – Modern Trade,0.0,344167.2,AR-2023-0202,
2023-07-28,1000,Cash – SNB Operating SAR,328972.98,0.0,AR-2023-0616,Collection
2023-07-28,1100,Accounts Receivable,0.0,328972.98,AR-2023-0616,Collection
2023-07-28,1000,Cash – SNB Operating SAR,251789.66,0.0,AR-2023-0625,Collection
2023-07-28,1100,Accounts Receivable,0.0,251789.66,AR-2023-0625,Collection
2023-07-28,1100,Accounts Receivable,207709.49,0.0,AR-2023-0643,
2023-07-28,4020,Revenue – Government,0.0,207709.49,AR-2023-0643,
2023-07-28,1000,Cash – SNB Operating SAR,240497.28,0.0,AR-2023-0921,Collection
2023-07-28,1100,Accounts Receivable,0.0,240497.28,AR-2023-0921,Collection
2023-07-28,1000,Cash – SNB Operating SAR,792470.31,0.0,AR-2023-0939,Collection
2023-07-28,1100,Accounts Receivable,0.0,792470.31,AR-2023-0939,Collection
2023-07-28,1000,Cash – SNB Operating SAR,1057644.62,0.0,AR-2023-0941,Collection
2023-07-28,1100,Accounts Receivable,0.0,1057644.62,AR-2023-0941,Collection
2023-07-28,1000,Cash – SNB Operating SAR,937970.69,0.0,AR-2023-0981,Collection
2023-07-28,1100,Accounts Receivable,0.0,937970.69,AR-2023-0981,Collection
2023-07-28,1100,Accounts Receivable,546587.42,0.0,AR-2023-1036,
2023-07-28,4030,Revenue – Catering,0.0,546587.42,AR-2023-1036,
2023-07-28,2000,Accounts Payable,598464.37,0.0,INV-2023-0032,Payment
2023-07-28,1000,Cash – SNB Operating SAR,0.0,598464.37,INV-2023-0032,Payment
2023-07-28,5000,COGS – Food,157094.73,0.0,INV-2023-0225,Bulk SKUs — monthly replenishment
2023-07-28,2000,Accounts Payable,0.0,157094.73,INV-2023-0225,
2023-07-28,5000,COGS – Food,84831.69,0.0,INV-2023-0241,
2023-07-28,2000,Accounts Payable,0.0,84831.69,INV-2023-0241,
2023-07-28,2000,Accounts Payable,75896.33,0.0,INV-2023-0319,Payment
2023-07-28,1000,Cash – SNB Operating SAR,0.0,75896.33,INV-2023-0319,Payment
2023-07-28,2000,Accounts Payable,72872.1,0.0,INV-2023-0424,Payment
2023-07-28,1000,Cash – SNB Operating SAR,0.0,72872.1,INV-2023-0424,Payment
2023-07-28,2000,Accounts Payable,60397.33,0.0,INV-2023-0489,Payment
2023-07-28,1000,Cash – SNB Operating SAR,0.0,60397.33,INV-2023-0489,Payment
2023-07-28,5020,COGS – Household,141996.26,0.0,INV-2023-0615,
2023-07-28,2000,Accounts Payable,0.0,141996.26,INV-2023-0615,
2023-07-28,2000,Accounts Payable,176284.54,0.0,INV-2023-0706,Payment
2023-07-28,1000,Cash – SNB Operating SAR,0.0,176284.54,INV-2023-0706,Payment
2023-07-28,5030,COGS – Cosmetics,136305.0,0.0,INV-2023-0887,Bulk SKUs — monthly replenishment
2023-07-28,2000,Accounts Payable,0.0,136305.0,INV-2023-0887,
2023-07-28,2000,Accounts Payable,128373.99,0.0,INV-2023-0987,Payment
2023-07-28,1000,Cash – SNB Operating SAR,0.0,128373.99,INV-2023-0987,Payment
2023-07-28,2000,Accounts Payable,1057970.23,0.0,INV-2023-1080,Payment
2023-07-28,1000,Cash – SNB Operating SAR,0.0,1057970.23,INV-2023-1080,Payment
2023-07-28,2000,Accounts Payable,870714.84,0.0,INV-2023-1104,Payment
2023-07-28,1000,Cash – SNB Operating SAR,0.0,870714.84,INV-2023-1104,Payment
2023-07-28,6500,Depreciation Expense,400000.0,0.0,DEP-2023-07,PPE monthly depreciation accrual
2023-07-28,1510,Accumulated Depreciation – PPE,0.0,400000.0,DEP-2023-07,PPE monthly depreciation accrual
2023-07-29,1000,Cash – SNB Operating SAR,234561.75,0.0,AR-2023-0161,Collection
2023-07-29,1100,Accounts Receivable,0.0,234561.75,AR-2023-0161,Collection
2023-07-29,1100,Accounts Receivable,291738.57,0.0,AR-2023-0179,
2023-07-29,4000,Revenue – Modern Trade,0.0,291738.57,AR-2023-0179,
2023-07-29,1100,Accounts Receivable,496024.22,0.0,AR-2023-0193,
2023-07-29,4000,Revenue – Modern Trade,0.0,496024.22,AR-2023-0193,
2023-07-29,1100,Accounts Receivable,477501.81,0.0,AR-2023-0204,
2023-07-29,4000,Revenue – Modern Trade,0.0,477501.81,AR-2023-0204,
2023-07-29,1100,Accounts Receivable,406878.39,0.0,AR-2023-0439,
2023-07-29,4010,Revenue – Hospitality,0.0,406878.39,AR-2023-0439,
2023-07-29,1000,Cash – SNB Operating SAR,180369.87,0.0,AR-2023-0940,Collection
2023-07-29,1100,Accounts Receivable,0.0,180369.87,AR-2023-0940,Collection
2023-07-29,1100,Accounts Receivable,687517.32,0.0,AR-2023-1035,
2023-07-29,4030,Revenue – Catering,0.0,687517.32,AR-2023-1035,
2023-07-29,2000,Accounts Payable,172498.11,0.0,INV-2023-0079,Payment
2023-07-29,1000,Cash – SNB Operating SAR,0.0,172498.11,INV-2023-0079,Payment
2023-07-29,5000,COGS – Food,123645.99,0.0,INV-2023-0255,Bulk SKUs — monthly replenishment
2023-07-29,2000,Accounts Payable,0.0,123645.99,INV-2023-0255,
2023-07-29,5010,COGS – Beverages,96564.08,0.0,INV-2023-0390,Bulk SKUs — monthly replenishment
2023-07-29,2000,Accounts Payable,0.0,96564.08,INV-2023-0390,
2023-07-29,2000,Accounts Payable,116318.33,0.0,INV-2023-0602,Payment
2023-07-29,1000,Cash – SNB Operating SAR,0.0,116318.33,INV-2023-0602,Payment
2023-07-29,2000,Accounts Payable,171743.97,0.0,INV-2023-0859,Payment
2023-07-29,1000,Cash – SNB Operating SAR,0.0,171743.97,INV-2023-0859,Payment
2023-07-29,5030,COGS – Cosmetics,95153.84,0.0,INV-2023-0931,Antibiotics + analgesics — bulk SKUs
2023-07-29,2000,Accounts Payable,0.0,95153.84,INV-2023-0931,
2023-07-29,2000,Accounts Payable,348671.72,0.0,INV-2023-0975,Payment
2023-07-29,1000,Cash – SNB Operating SAR,0.0,348671.72,INV-2023-0975,Payment
2023-07-30,1000,Cash – SNB Operating SAR,225034.97,0.0,AR-2023-0151,Collection
2023-07-30,1100,Accounts Receivable,0.0,225034.97,AR-2023-0151,Collection
2023-07-30,1100,Accounts Receivable,440274.89,0.0,AR-2023-0437,
2023-07-30,4010,Revenue – Hospitality,0.0,440274.89,AR-2023-0437,
2023-07-30,1100,Accounts Receivable,595015.58,0.0,AR-2023-0637,
2023-07-30,4020,Revenue – Government,0.0,595015.58,AR-2023-0637,
2023-07-30,1100,Accounts Receivable,100993.11,0.0,AR-2023-0653,
2023-07-30,4020,Revenue – Government,0.0,100993.11,AR-2023-0653,
2023-07-30,1000,Cash – SNB Operating SAR,279776.98,0.0,AR-2023-0932,Collection
2023-07-30,1100,Accounts Receivable,0.0,279776.98,AR-2023-0932,Collection
2023-07-30,1000,Cash – SNB Operating SAR,741067.63,0.0,AR-2023-0937,Collection
2023-07-30,1100,Accounts Receivable,0.0,741067.63,AR-2023-0937,Collection
2023-07-30,1100,Accounts Receivable,1079674.65,0.0,AR-2023-1014,
2023-07-30,4030,Revenue – Catering,0.0,1079674.65,AR-2023-1014,
2023-07-30,1100,Accounts Receivable,844374.15,0.0,AR-2023-1040,
2023-07-30,4030,Revenue – Catering,0.0,844374.15,AR-2023-1040,
2023-07-30,2000,Accounts Payable,494690.18,0.0,INV-2023-0031,Payment
2023-07-30,1000,Cash – SNB Operating SAR,0.0,494690.18,INV-2023-0031,Payment
2023-07-30,2000,Accounts Payable,530443.57,0.0,INV-2023-0035,Payment
2023-07-30,1000,Cash – SNB Operating SAR,0.0,530443.57,INV-2023-0035,Payment
2023-07-30,5000,COGS – Food,98078.6,0.0,INV-2023-0110,Antibiotics + analgesics — bulk SKUs
2023-07-30,2000,Accounts Payable,0.0,98078.6,INV-2023-0110,
2023-07-30,5020,COGS – Household,107728.74,0.0,INV-2023-0626,Bulk SKUs — monthly replenishment
2023-07-30,2000,Accounts Payable,0.0,107728.74,INV-2023-0626,
2023-07-30,5030,COGS – Cosmetics,65576.13,0.0,INV-2023-0792,Antibiotics + analgesics — bulk SKUs
2023-07-30,2000,Accounts Payable,0.0,65576.13,INV-2023-0792,
2023-07-30,2000,Accounts Payable,60158.38,0.0,INV-2023-1115,Payment
2023-07-30,1000,Cash – SNB Operating SAR,0.0,60158.38,INV-2023-1115,Payment
2023-07-31,1000,Cash – SNB Operating SAR,154435.09,0.0,AR-2023-0417,Collection
2023-07-31,1100,Accounts Receivable,0.0,154435.09,AR-2023-0417,Collection
2023-07-31,1000,Cash – SNB Operating SAR,297717.92,0.0,AR-2023-0441,Collection
2023-07-31,1100,Accounts Receivable,0.0,297717.92,AR-2023-0441,Collection
2023-07-31,1000,Cash – SNB Operating SAR,212769.26,0.0,AR-2023-0623,Collection
2023-07-31,1100,Accounts Receivable,0.0,212769.26,AR-2023-0623,Collection
2023-07-31,1000,Cash – SNB Operating SAR,112340.76,0.0,AR-2023-0951,Collection
2023-07-31,1100,Accounts Receivable,0.0,112340.76,AR-2023-0951,Collection
2023-07-31,2000,Accounts Payable,600114.64,0.0,INV-2023-0033,Payment
2023-07-31,1000,Cash – SNB Operating SAR,0.0,600114.64,INV-2023-0033,Payment
2023-07-31,2000,Accounts Payable,111697.14,0.0,INV-2023-0870,Payment
2023-07-31,1000,Cash – SNB Operating SAR,0.0,111697.14,INV-2023-0870,Payment
2023-08-01,1000,Cash – SNB Operating SAR,240382.71,0.0,AR-2023-0150,Collection
2023-08-01,1100,Accounts Receivable,0.0,240382.71,AR-2023-0150,Collection
2023-08-01,1000,Cash – SNB Operating SAR,796985.35,0.0,AR-2023-0438,Collection
2023-08-01,1100,Accounts Receivable,0.0,796985.35,AR-2023-0438,Collection
2023-08-01,1100,Accounts Receivable,217046.87,0.0,AR-2023-0456,
2023-08-01,4010,Revenue – Hospitality,0.0,217046.87,AR-2023-0456,
2023-08-01,1000,Cash – SNB Operating SAR,991674.22,0.0,AR-2023-0626,Collection
2023-08-01,1100,Accounts Receivable,0.0,991674.22,AR-2023-0626,Collection
2023-08-01,5000,COGS – Food,89104.99,0.0,INV-2023-0090,
2023-08-01,2000,Accounts Payable,0.0,89104.99,INV-2023-0090,
2023-08-01,2000,Accounts Payable,103330.09,0.0,INV-2023-0380,Payment
2023-08-01,1000,Cash – SNB Operating SAR,0.0,103330.09,INV-2023-0380,Payment
2023-08-01,5030,COGS – Cosmetics,131295.59,0.0,INV-2023-0766,
2023-08-01,2000,Accounts Payable,0.0,131295.59,INV-2023-0766,
2023-08-01,6100,Rent Expense,1257885.57,0.0,INV-2023-1081,Warehouse lease — Hail WH
2023-08-01,2000,Accounts Payable,0.0,1257885.57,INV-2023-1081,
2023-08-01,2000,Accounts Payable,59810.63,0.0,INV-2023-1162,Payment
2023-08-01,1000,Cash – SNB Operating SAR,0.0,59810.63,INV-2023-1162,Payment
2023-08-01,6100,Rent Expense,380000.0,0.0,RENT-2023-08,
2023-08-01,1000,Cash – SNB Operating SAR,0.0,380000.0,RENT-2023-08,
2023-08-02,1000,Cash – SNB Operating SAR,385412.93,0.0,AR-2023-0142,Collection
2023-08-02,1100,Accounts Receivable,0.0,385412.93,AR-2023-0142,Collection
2023-08-02,1100,Accounts Receivable,593017.17,0.0,AR-2023-0209,
2023-08-02,4000,Revenue – Modern Trade,0.0,593017.17,AR-2023-0209,
2023-08-02,1100,Accounts Receivable,243122.23,0.0,AR-2023-0451,
2023-08-02,4010,Revenue – Hospitality,0.0,243122.23,AR-2023-0451,
2023-08-02,1100,Accounts Receivable,1002319.99,0.0,AR-2023-0673,
2023-08-02,4020,Revenue – Government,0.0,1002319.99,AR-2023-0673,
2023-08-02,1000,Cash – SNB Operating SAR,1022193.08,0.0,AR-2023-0964,Collection
2023-08-02,1100,Accounts Receivable,0.0,1022193.08,AR-2023-0964,Collection
2023-08-02,1000,Cash – SNB Operating SAR,453038.37,0.0,AR-2023-0972,Collection
2023-08-02,1100,Accounts Receivable,0.0,453038.37,AR-2023-0972,Collection
2023-08-02,1000,Cash – SNB Operating SAR,602884.35,0.0,AR-2023-0992,Collection
2023-08-02,1100,Accounts Receivable,0.0,602884.35,AR-2023-0992,Collection
2023-08-02,1000,Cash – SNB Operating SAR,398526.01,0.0,AR-2023-0999,Collection
2023-08-02,1100,Accounts Receivable,0.0,398526.01,AR-2023-0999,Collection
2023-08-02,1100,Accounts Receivable,924839.41,0.0,AR-2023-1060,
2023-08-02,4030,Revenue – Catering,0.0,924839.41,AR-2023-1060,
2023-08-02,1100,Accounts Receivable,1026899.95,0.0,AR-2023-1084,
2023-08-02,4030,Revenue – Catering,0.0,1026899.95,AR-2023-1084,
2023-08-02,2000,Accounts Payable,171888.07,0.0,INV-2023-0140,Payment
2023-08-02,1000,Cash – SNB Operating SAR,0.0,171888.07,INV-2023-0140,Payment
2023-08-02,5030,COGS – Cosmetics,149749.11,0.0,INV-2023-0861,Antibiotics + analgesics — bulk SKUs
2023-08-02,2000,Accounts Payable,0.0,149749.11,INV-2023-0861,
2023-08-02,2000,Accounts Payable,191984.38,0.0,INV-2023-0982,Payment
2023-08-02,1000,Cash – SNB Operating SAR,0.0,191984.38,INV-2023-0982,Payment
2023-08-02,6100,Rent Expense,1253204.12,0.0,INV-2023-1093,Warehouse lease — Riyadh North DC
2023-08-02,2000,Accounts Payable,0.0,1253204.12,INV-2023-1093,
2023-08-02,6100,Rent Expense,1056918.48,0.0,INV-2023-1105,Warehouse lease — Hail WH
2023-08-02,2000,Accounts Payable,0.0,1056918.48,INV-2023-1105,
2023-08-02,2000,Accounts Payable,55864.76,0.0,INV-2023-1129,Payment
2023-08-02,1000,Cash – SNB Operating SAR,0.0,55864.76,INV-2023-1129,Payment
2023-08-03,1000,Cash – SNB Operating SAR,840151.26,0.0,AR-2023-0162,Collection
2023-08-03,1100,Accounts Receivable,0.0,840151.26,AR-2023-0162,Collection
2023-08-03,1000,Cash – SNB Operating SAR,419928.74,0.0,AR-2023-0164,Collection
2023-08-03,1100,Accounts Receivable,0.0,419928.74,AR-2023-0164,Collection
2023-08-03,1100,Accounts Receivable,483336.96,0.0,AR-2023-0214,
2023-08-03,4000,Revenue – Modern Trade,0.0,483336.96,AR-2023-0214,
2023-08-03,1100,Accounts Receivable,466386.22,0.0,AR-2023-0222,
2023-08-03,4000,Revenue – Modern Trade,0.0,466386.22,AR-2023-0222,
2023-08-03,1000,Cash – SNB Operating SAR,115038.36,0.0,AR-2023-0926,Collection
2023-08-03,1100,Accounts Receivable,0.0,115038.36,AR-2023-0926,Collection
2023-08-03,1100,Accounts Receivable,150690.63,0.0,AR-2023-1044,
2023-08-03,4030,Revenue – Catering,0.0,150690.63,AR-2023-1044,
2023-08-03,1100,Accounts Receivable,697146.74,0.0,AR-2023-1072,
2023-08-03,4030,Revenue – Catering,0.0,697146.74,AR-2023-1072,
2023-08-03,6110,Utilities,458890.51,0.0,INV-2023-0038,Electricity & water — Qassim WH
2023-08-03,2000,Accounts Payable,0.0,458890.51,INV-2023-0038,
2023-08-03,5010,COGS – Beverages,169673.43,0.0,INV-2023-0346,OTC & consumer health replenishment
2023-08-03,2000,Accounts Payable,0.0,169673.43,INV-2023-0346,
2023-08-03,2000,Accounts Payable,73815.2,0.0,INV-2023-0585,Payment
2023-08-03,1000,Cash – SNB Operating SAR,0.0,73815.2,INV-2023-0585,Payment
2023-08-03,5020,COGS – Household,140752.15,0.0,INV-2023-0647,OTC & consumer health replenishment
2023-08-03,2000,Accounts Payable,0.0,140752.15,INV-2023-0647,
2023-08-03,2000,Accounts Payable,126339.21,0.0,INV-2023-0814,Payment
2023-08-03,1000,Cash – SNB Operating SAR,0.0,126339.21,INV-2023-0814,Payment
2023-08-03,6300,Logistics – 3PL,198855.19,0.0,INV-2023-0973,Line-haul & distribution services
2023-08-03,2000,Accounts Payable,0.0,198855.19,INV-2023-0973,
2023-08-04,1000,Cash – SNB Operating SAR,712381.1,0.0,AR-2023-0173,Collection
2023-08-04,1100,Accounts Receivable,0.0,712381.1,AR-2023-0173,Collection
2023-08-04,1100,Accounts Receivable,430439.83,0.0,AR-2023-0226,
2023-08-04,4000,Revenue – Modern Trade,0.0,430439.83,AR-2023-0226,
2023-08-04,1000,Cash – SNB Operating SAR,296463.12,0.0,AR-2023-0619,Collection
2023-08-04,1100,Accounts Receivable,0.0,296463.12,AR-2023-0619,Collection
2023-08-04,1100,Accounts Receivable,366156.48,0.0,AR-2023-0658,
2023-08-04,4020,Revenue – Government,0.0,366156.48,AR-2023-0658,
2023-08-04,1000,Cash – SNB Operating SAR,210672.56,0.0,AR-2023-0925,Collection
2023-08-04,1100,Accounts Receivable,0.0,210672.56,AR-2023-0925,Collection
2023-08-04,1000,Cash – SNB Operating SAR,1053196.37,0.0,AR-2023-0970,Collection
2023-08-04,1100,Accounts Receivable,0.0,1053196.37,AR-2023-0970,Collection
2023-08-04,1000,Cash – SNB Operating SAR,322030.67,0.0,AR-2023-0988,Collection
2023-08-04,1100,Accounts Receivable,0.0,322030.67,AR-2023-0988,Collection
2023-08-04,5000,COGS – Food,108044.77,0.0,INV-2023-0082,Antibiotics + analgesics — bulk SKUs
2023-08-04,2000,Accounts Payable,0.0,108044.77,INV-2023-0082,
2023-08-04,2000,Accounts Payable,87346.04,0.0,INV-2023-0094,Payment
2023-08-04,1000,Cash – SNB Operating SAR,0.0,87346.04,INV-2023-0094,Payment
2023-08-04,5000,COGS – Food,86812.8,0.0,INV-2023-0231,Bulk SKUs — monthly replenishment
2023-08-04,2000,Accounts Payable,0.0,86812.8,INV-2023-0231,
2023-08-04,2000,Accounts Payable,119421.36,0.0,INV-2023-0916,Payment
2023-08-04,1000,Cash – SNB Operating SAR,0.0,119421.36,INV-2023-0916,Payment
2023-08-04,2000,Accounts Payable,37982.14,0.0,INV-2023-1180,Payment
2023-08-04,1000,Cash – SNB Operating SAR,0.0,37982.14,INV-2023-1180,Payment
2023-08-05,1000,Cash – SNB Operating SAR,292316.78,0.0,AR-2023-0143,Collection
2023-08-05,1100,Accounts Receivable,0.0,292316.78,AR-2023-0143,Collection
2023-08-05,1000,Cash – SNB Operating SAR,601956.94,0.0,AR-2023-0165,Collection
2023-08-05,1100,Accounts Receivable,0.0,601956.94,AR-2023-0165,Collection
2023-08-05,1000,Cash – SNB Operating SAR,252618.63,0.0,AR-2023-0184,Collection
2023-08-05,1100,Accounts Receivable,0.0,252618.63,AR-2023-0184,Collection
2023-08-05,1100,Accounts Receivable,171920.23,0.0,AR-2023-0221,
2023-08-05,4000,Revenue – Modern Trade,0.0,171920.23,AR-2023-0221,
2023-08-05,1100,Accounts Receivable,790527.44,0.0,AR-2023-0229,
2023-08-05,4000,Revenue – Modern Trade,0.0,790527.44,AR-2023-0229,
2023-08-05,1100,Accounts Receivable,190244.59,0.0,AR-2023-0449,
2023-08-05,4010,Revenue – Hospitality,0.0,190244.59,AR-2023-0449,
2023-08-05,1100,Accounts Receivable,973898.24,0.0,AR-2023-0453,
2023-08-05,4010,Revenue – Hospitality,0.0,973898.24,AR-2023-0453,
2023-08-05,1100,Accounts Receivable,847867.6,0.0,AR-2023-0670,
2023-08-05,4020,Revenue – Government,0.0,847867.6,AR-2023-0670,
2023-08-05,1000,Cash – SNB Operating SAR,392640.1,0.0,AR-2023-0996,Collection
2023-08-05,1100,Accounts Receivable,0.0,392640.1,AR-2023-0996,Collection
2023-08-05,1000,Cash – SNB Operating SAR,348672.28,0.0,AR-2023-1030,Collection
2023-08-05,1100,Accounts Receivable,0.0,348672.28,AR-2023-1030,Collection
2023-08-05,2000,Accounts Payable,131018.4,0.0,INV-2023-0207,Payment
2023-08-05,1000,Cash – SNB Operating SAR,0.0,131018.4,INV-2023-0207,Payment
2023-08-05,2000,Accounts Payable,127030.29,0.0,INV-2023-0361,Payment
2023-08-05,1000,Cash – SNB Operating SAR,0.0,127030.29,INV-2023-0361,Payment
2023-08-05,5010,COGS – Beverages,91684.71,0.0,INV-2023-0413,
2023-08-05,2000,Accounts Payable,0.0,91684.71,INV-2023-0413,
2023-08-05,2000,Accounts Payable,149398.91,0.0,INV-2023-0707,Payment
2023-08-05,1000,Cash – SNB Operating SAR,0.0,149398.91,INV-2023-0707,Payment
2023-08-05,5030,COGS – Cosmetics,68751.38,0.0,INV-2023-0848,Antibiotics + analgesics — bulk SKUs
2023-08-05,2000,Accounts Payable,0.0,68751.38,INV-2023-0848,
2023-08-05,2000,Accounts Payable,176037.26,0.0,INV-2023-1038,Payment
2023-08-05,1000,Cash – SNB Operating SAR,0.0,176037.26,INV-2023-1038,Payment
2023-08-05,2000,Accounts Payable,170909.2,0.0,INV-2023-1198,Payment
2023-08-05,1000,Cash – SNB Operating SAR,0.0,170909.2,INV-2023-1198,Payment
2023-08-06,1000,Cash – SNB Operating SAR,327279.75,0.0,AR-2023-0156,Collection
2023-08-06,1100,Accounts Receivable,0.0,327279.75,AR-2023-0156,Collection
2023-08-06,1000,Cash – SNB Operating SAR,663063.21,0.0,AR-2023-0163,Collection
2023-08-06,1100,Accounts Receivable,0.0,663063.21,AR-2023-0163,Collection
2023-08-06,1000,Cash – SNB Operating SAR,288834.51,0.0,AR-2023-0962,Collection
2023-08-06,1100,Accounts Receivable,0.0,288834.51,AR-2023-0962,Collection
2023-08-06,1000,Cash – SNB Operating SAR,411717.35,0.0,AR-2023-0965,Collection
2023-08-06,1100,Accounts Receivable,0.0,411717.35,AR-2023-0965,Collection
2023-08-06,1000,Cash – SNB Operating SAR,681082.24,0.0,AR-2023-0968,Collection
2023-08-06,1100,Accounts Receivable,0.0,681082.24,AR-2023-0968,Collection
2023-08-06,1000,Cash – SNB Operating SAR,332110.51,0.0,AR-2023-1029,Collection
2023-08-06,1100,Accounts Receivable,0.0,332110.51,AR-2023-1029,Collection
2023-08-06,1100,Accounts Receivable,330593.47,0.0,AR-2023-1050,
2023-08-06,4030,Revenue – Catering,0.0,330593.47,AR-2023-1050,
2023-08-06,1100,Accounts Receivable,282743.6,0.0,AR-2023-1069,
2023-08-06,4030,Revenue – Catering,0.0,282743.6,AR-2023-1069,
2023-08-06,1100,Accounts Receivable,1026899.95,0.0,AR-2023-1081,
2023-08-06,4030,Revenue – Catering,0.0,1026899.95,AR-2023-1081,
2023-08-06,5020,COGS – Household,166540.92,0.0,INV-2023-0680,OTC & consumer health replenishment
2023-08-06,2000,Accounts Payable,0.0,166540.92,INV-2023-0680,
2023-08-06,5030,COGS – Cosmetics,124432.13,0.0,INV-2023-0803,
2023-08-06,2000,Accounts Payable,0.0,124432.13,INV-2023-0803,
2023-08-06,2000,Accounts Payable,179664.03,0.0,INV-2023-0908,Payment
2023-08-06,1000,Cash – SNB Operating SAR,0.0,179664.03,INV-2023-0908,Payment
2023-08-06,2000,Accounts Payable,83736.38,0.0,INV-2023-1167,Payment
2023-08-06,1000,Cash – SNB Operating SAR,0.0,83736.38,INV-2023-1167,Payment
2023-08-06,2000,Accounts Payable,47876.33,0.0,INV-2023-1171,Payment
2023-08-06,1000,Cash – SNB Operating SAR,0.0,47876.33,INV-2023-1171,Payment
2023-08-07,1000,Cash – SNB Operating SAR,273209.9,0.0,AR-2023-0160,Collection
2023-08-07,1100,Accounts Receivable,0.0,273209.9,AR-2023-0160,Collection
2023-08-07,1100,Accounts Receivable,696269.46,0.0,AR-2023-0669,
2023-08-07,4020,Revenue – Government,0.0,696269.46,AR-2023-0669,
2023-08-07,6110,Utilities,450514.86,0.0,INV-2023-0037,Electricity & water — Riyadh South DC
2023-08-07,2000,Accounts Payable,0.0,450514.86,INV-2023-0037,
2023-08-07,5000,COGS – Food,144261.61,0.0,INV-2023-0262,
2023-08-07,2000,Accounts Payable,0.0,144261.61,INV-2023-0262,
2023-08-07,5000,COGS – Food,124687.02,0.0,INV-2023-0281,Bulk SKUs — monthly replenishment
2023-08-07,2000,Accounts Payable,0.0,124687.02,INV-2023-0281,
2023-08-07,5010,COGS – Beverages,90473.17,0.0,INV-2023-0394,Bulk SKUs — monthly replenishment
2023-08-07,2000,Accounts Payable,0.0,90473.17,INV-2023-0394,
2023-08-07,2000,Accounts Payable,75945.73,0.0,INV-2023-0520,Payment
2023-08-07,1000,Cash – SNB Operating SAR,0.0,75945.73,INV-2023-0520,Payment
2023-08-07,2000,Accounts Payable,165729.27,0.0,INV-2023-0793,Payment
2023-08-07,1000,Cash – SNB Operating SAR,0.0,165729.27,INV-2023-0793,Payment
2023-08-07,2000,Accounts Payable,123946.52,0.0,INV-2023-0885,Payment
2023-08-07,1000,Cash – SNB Operating SAR,0.0,123946.52,INV-2023-0885,Payment
2023-08-07,6300,Logistics – 3PL,215651.82,0.0,INV-2023-0953,Line-haul & distribution services
2023-08-07,2000,Accounts Payable,0.0,215651.82,INV-2023-0953,
2023-08-07,6300,Logistics – 3PL,350479.57,0.0,INV-2023-0957,Line-haul & distribution services
2023-08-07,2000,Accounts Payable,0.0,350479.57,INV-2023-0957,
2023-08-07,2000,Accounts Payable,263330.51,0.0,INV-2023-0964,Payment
2023-08-07,1000,Cash – SNB Operating SAR,0.0,263330.51,INV-2023-0964,Payment
2023-08-07,2000,Accounts Payable,335799.8,0.0,INV-2023-0995,Payment
2023-08-07,1000,Cash – SNB Operating SAR,0.0,335799.8,INV-2023-0995,Payment
2023-08-07,6220,Professional Fees,65588.48,0.0,INV-2023-1172,
2023-08-07,2000,Accounts Payable,0.0,65588.48,INV-2023-1172,
2023-08-08,1000,Cash – SNB Operating SAR,252060.78,0.0,AR-2023-0149,Collection
2023-08-08,1100,Accounts Receivable,0.0,252060.78,AR-2023-0149,Collection
2023-08-08,1000,Cash – SNB Operating SAR,421884.26,0.0,AR-2023-0415,Collection
2023-08-08,1100,Accounts Receivable,0.0,421884.26,AR-2023-0415,Collection
2023-08-08,1100,Accounts Receivable,994580.04,0.0,AR-2023-0447,
2023-08-08,4010,Revenue – Hospitality,0.0,994580.04,AR-2023-0447,
2023-08-08,1100,Accounts Receivable,727928.92,0.0,AR-2023-0452,
2023-08-08,4010,Revenue – Hospitality,0.0,727928.92,AR-2023-0452,
2023-08-08,1000,Cash – SNB Operating SAR,991674.22,0.0,AR-2023-0621,Collection
2023-08-08,1100,Accounts Receivable,0.0,991674.22,AR-2023-0621,Collection
2023-08-08,1100,Accounts Receivable,173617.01,0.0,AR-2023-0667,
2023-08-08,4020,Revenue – Government,0.0,173617.01,AR-2023-0667,
2023-08-08,1100,Accounts Receivable,246107.67,0.0,AR-2023-0668,
2023-08-08,4020,Revenue – Government,0.0,246107.67,AR-2023-0668,
2023-08-08,1000,Cash – SNB Operating SAR,713719.55,0.0,AR-2023-0984,Collection
2023-08-08,1100,Accounts Receivable,0.0,713719.55,AR-2023-0984,Collection
2023-08-08,6110,Utilities,468137.89,0.0,INV-2023-0039,Electricity & water — Hail WH
2023-08-08,2000,Accounts Payable,0.0,468137.89,INV-2023-0039,
2023-08-08,5000,COGS – Food,177298.37,0.0,INV-2023-0139,
2023-08-08,2000,Accounts Payable,0.0,177298.37,INV-2023-0139,
2023-08-08,2000,Accounts Payable,116667.1,0.0,INV-2023-0230,Payment
2023-08-08,1000,Cash – SNB Operating SAR,0.0,116667.1,INV-2023-0230,Payment
2023-08-08,5000,COGS – Food,115390.38,0.0,INV-2023-0256,
2023-08-08,2000,Accounts Payable,0.0,115390.38,INV-2023-0256,
2023-08-08,5000,COGS – Food,81877.52,0.0,INV-2023-0261,
2023-08-08,2000,Accounts Payable,0.0,81877.52,INV-2023-0261,
2023-08-08,5010,COGS – Beverages,131917.79,0.0,INV-2023-0338,OTC & consumer health replenishment
2023-08-08,2000,Accounts Payable,0.0,131917.79,INV-2023-0338,
2023-08-08,5020,COGS – Household,81973.98,0.0,INV-2023-0633,Antibiotics + analgesics — bulk SKUs
2023-08-08,2000,Accounts Payable,0.0,81973.98,INV-2023-0633,
2023-08-08,6300,Logistics – 3PL,184146.15,0.0,INV-2023-1059,Line-haul & distribution services
2023-08-08,2000,Accounts Payable,0.0,184146.15,INV-2023-1059,
2023-08-09,1100,Accounts Receivable,435742.29,0.0,AR-2023-0219,
2023-08-09,4000,Revenue – Modern Trade,0.0,435742.29,AR-2023-0219,
2023-08-09,1000,Cash – SNB Operating SAR,747135.94,0.0,AR-2023-0615,Collection
2023-08-09,1100,Accounts Receivable,0.0,747135.94,AR-2023-0615,Collection
2023-08-09,1100,Accounts Receivable,713213.51,0.0,AR-2023-0662,
2023-08-09,4020,Revenue – Government,0.0,713213.51,AR-2023-0662,
2023-08-09,1000,Cash – SNB Operating SAR,292524.34,0.0,AR-2023-1024,Collection
2023-08-09,1100,Accounts Receivable,0.0,292524.34,AR-2023-1024,Collection
2023-08-09,1100,Accounts Receivable,369493.56,0.0,AR-2023-1054,
2023-08-09,4030,Revenue – Catering,0.0,369493.56,AR-2023-1054,
2023-08-09,1100,Accounts Receivable,605778.26,0.0,AR-2023-1061,
2023-08-09,4030,Revenue – Catering,0.0,605778.26,AR-2023-1061,
2023-08-09,1100,Accounts Receivable,921539.47,0.0,AR-2023-1075,
2023-08-09,4030,Revenue – Catering,0.0,921539.47,AR-2023-1075,
2023-08-09,1100,Accounts Receivable,1026899.95,0.0,AR-2023-1085,
2023-08-09,4030,Revenue – Catering,0.0,1026899.95,AR-2023-1085,
2023-08-09,6110,Utilities,546047.94,0.0,INV-2023-0036,Electricity & water — Riyadh North DC
2023-08-09,2000,Accounts Payable,0.0,546047.94,INV-2023-0036,
2023-08-09,6110,Utilities,489246.73,0.0,INV-2023-0040,Electricity & water — HQ Riyadh Olaya
2023-08-09,2000,Accounts Payable,0.0,489246.73,INV-2023-0040,
2023-08-09,5000,COGS – Food,71540.86,0.0,INV-2023-0197,
2023-08-09,2000,Accounts Payable,0.0,71540.86,INV-2023-0197,
2023-08-09,2000,Accounts Payable,123144.11,0.0,INV-2023-0469,Payment
2023-08-09,1000,Cash – SNB Operating SAR,0.0,123144.11,INV-2023-0469,Payment
2023-08-09,5010,COGS – Beverages,159997.63,0.0,INV-2023-0509,Antibiotics + analgesics — bulk SKUs
2023-08-09,2000,Accounts Payable,0.0,159997.63,INV-2023-0509,
2023-08-09,5020,COGS – Household,128457.68,0.0,INV-2023-0571,OTC & consumer health replenishment
2023-08-09,2000,Accounts Payable,0.0,128457.68,INV-2023-0571,
2023-08-09,6300,Logistics – 3PL,151997.36,0.0,INV-2023-1053,Line-haul & distribution services
2023-08-09,2000,Accounts Payable,0.0,151997.36,INV-2023-1053,
2023-08-10,1000,Cash – SNB Operating SAR,750539.74,0.0,AR-2023-0168,Collection
2023-08-10,1100,Accounts Receivable,0.0,750539.74,AR-2023-0168,Collection
2023-08-10,1000,Cash – SNB Operating SAR,214377.68,0.0,AR-2023-0993,Collection
2023-08-10,1100,Accounts Receivable,0.0,214377.68,AR-2023-0993,Collection
2023-08-10,1100,Accounts Receivable,632773.55,0.0,AR-2023-1049,
2023-08-10,4030,Revenue – Catering,0.0,632773.55,AR-2023-1049,
2023-08-10,1100,Accounts Receivable,133530.07,0.0,AR-2023-1068,
2023-08-10,4030,Revenue – Catering,0.0,133530.07,AR-2023-1068,
2023-08-10,1100,Accounts Receivable,671179.69,0.0,AR-2023-1070,
2023-08-10,4030,Revenue – Catering,0.0,671179.69,AR-2023-1070,
2023-08-10,2000,Accounts Payable,147345.66,0.0,INV-2023-0108,Payment
2023-08-10,1000,Cash – SNB Operating SAR,0.0,147345.66,INV-2023-0108,Payment
2023-08-10,5000,COGS – Food,79401.71,0.0,INV-2023-0136,Antibiotics + analgesics — bulk SKUs
2023-08-10,2000,Accounts Payable,0.0,79401.71,INV-2023-0136,
2023-08-10,5000,COGS – Food,142092.73,0.0,INV-2023-0193,Bulk SKUs — monthly replenishment
2023-08-10,2000,Accounts Payable,0.0,142092.73,INV-2023-0193,
2023-08-10,5000,COGS – Food,129194.26,0.0,INV-2023-0306,OTC & consumer health replenishment
2023-08-10,2000,Accounts Payable,0.0,129194.26,INV-2023-0306,
2023-08-10,2000,Accounts Payable,161553.95,0.0,INV-2023-0313,Payment
2023-08-10,1000,Cash – SNB Operating SAR,0.0,161553.95,INV-2023-0313,Payment
2023-08-10,5010,COGS – Beverages,71909.56,0.0,INV-2023-0491,Bulk SKUs — monthly replenishment
2023-08-10,2000,Accounts Payable,0.0,71909.56,INV-2023-0491,
2023-08-10,2000,Accounts Payable,171081.52,0.0,INV-2023-0728,Payment
2023-08-10,1000,Cash – SNB Operating SAR,0.0,171081.52,INV-2023-0728,Payment
2023-08-10,5020,COGS – Household,83523.29,0.0,INV-2023-0736,
2023-08-10,2000,Accounts Payable,0.0,83523.29,INV-2023-0736,
2023-08-10,2000,Accounts Payable,114079.55,0.0,INV-2023-0770,Payment
2023-08-10,1000,Cash – SNB Operating SAR,0.0,114079.55,INV-2023-0770,Payment
2023-08-11,1100,Accounts Receivable,259920.93,0.0,AR-2023-0216,
2023-08-11,4000,Revenue – Modern Trade,0.0,259920.93,AR-2023-0216,
2023-08-11,1000,Cash – SNB Operating SAR,189658.25,0.0,AR-2023-0406,Collection
2023-08-11,1100,Accounts Receivable,0.0,189658.25,AR-2023-0406,Collection
2023-08-11,1000,Cash – SNB Operating SAR,102434.98,0.0,AR-2023-0421,Collection
2023-08-11,1100,Accounts Receivable,0.0,102434.98,AR-2023-0421,Collection
2023-08-11,1100,Accounts Receivable,1033708.65,0.0,AR-2023-0445,
2023-08-11,4010,Revenue – Hospitality,0.0,1033708.65,AR-2023-0445,
2023-08-11,1100,Accounts Receivable,283097.92,0.0,AR-2023-1055,
2023-08-11,4030,Revenue – Catering,0.0,283097.92,AR-2023-1055,
2023-08-11,1100,Accounts Receivable,136389.86,0.0,AR-2023-1076,
2023-08-11,4030,Revenue – Catering,0.0,136389.86,AR-2023-1076,
2023-08-11,2000,Accounts Payable,123980.18,0.0,INV-2023-0178,Payment
2023-08-11,1000,Cash – SNB Operating SAR,0.0,123980.18,INV-2023-0178,Payment
2023-08-11,5000,COGS – Food,77641.81,0.0,INV-2023-0226,
2023-08-11,2000,Accounts Payable,0.0,77641.81,INV-2023-0226,
2023-08-11,5010,COGS – Beverages,161712.29,0.0,INV-2023-0362,OTC & consumer health replenishment
2023-08-11,2000,Accounts Payable,0.0,161712.29,INV-2023-0362,
2023-08-11,2000,Accounts Payable,123488.56,0.0,INV-2023-0962,Payment
2023-08-11,1000,Cash – SNB Operating SAR,0.0,123488.56,INV-2023-0962,Payment
2023-08-12,1000,Cash – SNB Operating SAR,938887.73,0.0,AR-2023-0148,Collection
2023-08-12,1100,Accounts Receivable,0.0,938887.73,AR-2023-0148,Collection
2023-08-12,1000,Cash – SNB Operating SAR,273989.23,0.0,AR-2023-0158,Collection
2023-08-12,1100,Accounts Receivable,0.0,273989.23,AR-2023-0158,Collection
2023-08-12,1000,Cash – SNB Operating SAR,224467.91,0.0,AR-2023-0172,Collection
2023-08-12,1100,Accounts Receivable,0.0,224467.91,AR-2023-0172,Collection
2023-08-12,1000,Cash – SNB Operating SAR,376496.96,0.0,AR-2023-0181,Collection
2023-08-12,1100,Accounts Receivable,0.0,376496.96,AR-2023-0181,Collection
2023-08-12,1100,Accounts Receivable,118729.21,0.0,AR-2023-0224,
2023-08-12,4000,Revenue – Modern Trade,0.0,118729.21,AR-2023-0224,
2023-08-12,1100,Accounts Receivable,861350.42,0.0,AR-2023-0225,
2023-08-12,4000,Revenue – Modern Trade,0.0,861350.42,AR-2023-0225,
2023-08-12,1100,Accounts Receivable,750959.77,0.0,AR-2023-0233,
2023-08-12,4000,Revenue – Modern Trade,0.0,750959.77,AR-2023-0233,
2023-08-12,1000,Cash – SNB Operating SAR,297333.36,0.0,AR-2023-0426,Collection
2023-08-12,1100,Accounts Receivable,0.0,297333.36,AR-2023-0426,Collection
2023-08-12,1100,Accounts Receivable,968818.01,0.0,AR-2023-0454,
2023-08-12,4010,Revenue – Hospitality,0.0,968818.01,AR-2023-0454,
2023-08-12,1000,Cash – SNB Operating SAR,1113561.9,0.0,AR-2023-0633,Collection
2023-08-12,1100,Accounts Receivable,0.0,1113561.9,AR-2023-0633,Collection
2023-08-12,1100,Accounts Receivable,1002319.99,0.0,AR-2023-0663,
2023-08-12,4020,Revenue – Government,0.0,1002319.99,AR-2023-0663,
2023-08-12,1000,Cash – SNB Operating SAR,332803.21,0.0,AR-2023-0977,Collection
2023-08-12,1100,Accounts Receivable,0.0,332803.21,AR-2023-0977,Collection
2023-08-12,1100,Accounts Receivable,211722.49,0.0,AR-2023-1071,
2023-08-12,4030,Revenue – Catering,0.0,211722.49,AR-2023-1071,
2023-08-12,2000,Accounts Payable,76156.6,0.0,INV-2023-0219,Payment
2023-08-12,1000,Cash – SNB Operating SAR,0.0,76156.6,INV-2023-0219,Payment
2023-08-12,5000,COGS – Food,131949.87,0.0,INV-2023-0270,Antibiotics + analgesics — bulk SKUs
2023-08-12,2000,Accounts Payable,0.0,131949.87,INV-2023-0270,
2023-08-12,5000,COGS – Food,131708.31,0.0,INV-2023-0301,Bulk SKUs — monthly replenishment
2023-08-12,2000,Accounts Payable,0.0,131708.31,INV-2023-0301,
2023-08-12,5010,COGS – Beverages,139078.43,0.0,INV-2023-0333,OTC & consumer health replenishment
2023-08-12,2000,Accounts Payable,0.0,139078.43,INV-2023-0333,
2023-08-12,2000,Accounts Payable,161997.63,0.0,INV-2023-0700,Payment
2023-08-12,1000,Cash – SNB Operating SAR,0.0,161997.63,INV-2023-0700,Payment
2023-08-12,2000,Accounts Payable,116055.8,0.0,INV-2023-0886,Payment
2023-08-12,1000,Cash – SNB Operating SAR,0.0,116055.8,INV-2023-0886,Payment
2023-08-12,6200,Marketing & Advertising,27711.83,0.0,INV-2023-1112,
2023-08-12,2000,Accounts Payable,0.0,27711.83,INV-2023-1112,
2023-08-13,1000,Cash – SNB Operating SAR,200376.61,0.0,AR-2023-0194,Collection
2023-08-13,1100,Accounts Receivable,0.0,200376.61,AR-2023-0194,Collection
2023-08-13,1100,Accounts Receivable,233499.06,0.0,AR-2023-0448,
2023-08-13,4010,Revenue – Hospitality,0.0,233499.06,AR-2023-0448,
2023-08-13,1100,Accounts Receivable,176146.89,0.0,AR-2023-0450,
2023-08-13,4010,Revenue – Hospitality,0.0,176146.89,AR-2023-0450,
2023-08-13,1000,Cash – SNB Operating SAR,187487.71,0.0,AR-2023-0636,Collection
2023-08-13,1100,Accounts Receivable,0.0,187487.71,AR-2023-0636,Collection
2023-08-13,1000,Cash – SNB Operating SAR,1020530.13,0.0,AR-2023-0971,Collection
2023-08-13,1100,Accounts Receivable,0.0,1020530.13,AR-2023-0971,Collection
2023-08-13,1000,Cash – SNB Operating SAR,134000.94,0.0,AR-2023-0986,Collection
2023-08-13,1100,Accounts Receivable,0.0,134000.94,AR-2023-0986,Collection
2023-08-13,1100,Accounts Receivable,680752.36,0.0,AR-2023-1074,
2023-08-13,4030,Revenue – Catering,0.0,680752.36,AR-2023-1074,
2023-08-13,5000,COGS – Food,122906.57,0.0,INV-2023-0224,Antibiotics + analgesics — bulk SKUs
2023-08-13,2000,Accounts Payable,0.0,122906.57,INV-2023-0224,
2023-08-13,2000,Accounts Payable,153072.31,0.0,INV-2023-0365,Payment
2023-08-13,1000,Cash – SNB Operating SAR,0.0,153072.31,INV-2023-0365,Payment
2023-08-13,5020,COGS – Household,117821.0,0.0,INV-2023-0625,OTC & consumer health replenishment
2023-08-13,2000,Accounts Payable,0.0,117821.0,INV-2023-0625,
2023-08-13,2000,Accounts Payable,74482.58,0.0,INV-2023-0913,Payment
2023-08-13,1000,Cash – SNB Operating SAR,0.0,74482.58,INV-2023-0913,Payment
2023-08-13,5020,COGS – Household,203072.1,0.0,INV-2023-1199,"Blister & carton packaging PKG-1101 — 26,373 units @ SAR 7.70 (CT-2023-466)"
2023-08-13,2000,Accounts Payable,0.0,203072.1,INV-2023-1199,
2023-08-14,1000,Cash – SNB Operating SAR,992479.44,0.0,AR-2023-0154,Collection
2023-08-14,1100,Accounts Receivable,0.0,992479.44,AR-2023-0154,Collection
2023-08-14,1100,Accounts Receivable,140829.74,0.0,AR-2023-0217,
2023-08-14,4000,Revenue – Modern Trade,0.0,140829.74,AR-2023-0217,
2023-08-14,1000,Cash – SNB Operating SAR,749603.0,0.0,AR-2023-0433,Collection
2023-08-14,1100,Accounts Receivable,0.0,749603.0,AR-2023-0433,Collection
2023-08-14,1000,Cash – SNB Operating SAR,428972.06,0.0,AR-2023-0614,Collection
2023-08-14,1100,Accounts Receivable,0.0,428972.06,AR-2023-0614,Collection
2023-08-14,1000,Cash – SNB Operating SAR,524619.08,0.0,AR-2023-0632,Collection
2023-08-14,1100,Accounts Receivable,0.0,524619.08,AR-2023-0632,Collection
2023-08-14,1100,Accounts Receivable,67907.16,0.0,AR-2023-0664,
2023-08-14,4020,Revenue – Government,0.0,67907.16,AR-2023-0664,
2023-08-14,1100,Accounts Receivable,129494.88,0.0,AR-2023-0671,
2023-08-14,4020,Revenue – Government,0.0,129494.88,AR-2023-0671,
2023-08-14,1000,Cash – SNB Operating SAR,221331.65,0.0,AR-2023-0963,Collection
2023-08-14,1100,Accounts Receivable,0.0,221331.65,AR-2023-0963,Collection
2023-08-14,1100,Accounts Receivable,771648.52,0.0,AR-2023-1056,
2023-08-14,4030,Revenue – Catering,0.0,771648.52,AR-2023-1056,
2023-08-14,5000,COGS – Food,149669.54,0.0,INV-2023-0210,OTC & consumer health replenishment
2023-08-14,2000,Accounts Payable,0.0,149669.54,INV-2023-0210,
2023-08-14,5010,COGS – Beverages,133541.61,0.0,INV-2023-0310,
2023-08-14,2000,Accounts Payable,0.0,133541.61,INV-2023-0310,
2023-08-14,2000,Accounts Payable,146258.04,0.0,INV-2023-0336,Payment
2023-08-14,1000,Cash – SNB Operating SAR,0.0,146258.04,INV-2023-0336,Payment
2023-08-14,5010,COGS – Beverages,105089.74,0.0,INV-2023-0382,OTC & consumer health replenishment
2023-08-14,2000,Accounts Payable,0.0,105089.74,INV-2023-0382,
2023-08-14,2000,Accounts Payable,159032.16,0.0,INV-2023-0383,Payment
2023-08-14,1000,Cash – SNB Operating SAR,0.0,159032.16,INV-2023-0383,Payment
2023-08-14,5020,COGS – Household,105019.76,0.0,INV-2023-0549,Bulk SKUs — monthly replenishment
2023-08-14,2000,Accounts Payable,0.0,105019.76,INV-2023-0549,
2023-08-14,2000,Accounts Payable,177064.51,0.0,INV-2023-0644,Payment
2023-08-14,1000,Cash – SNB Operating SAR,0.0,177064.51,INV-2023-0644,Payment
2023-08-14,5020,COGS – Household,60843.97,0.0,INV-2023-0755,
2023-08-14,2000,Accounts Payable,0.0,60843.97,INV-2023-0755,
2023-08-14,5030,COGS – Cosmetics,72564.78,0.0,INV-2023-0786,Bulk SKUs — monthly replenishment
2023-08-14,2000,Accounts Payable,0.0,72564.78,INV-2023-0786,
2023-08-15,1000,Cash – SNB Operating SAR,1024732.31,0.0,AR-2023-0185,Collection
2023-08-15,1100,Accounts Receivable,0.0,1024732.31,AR-2023-0185,Collection
2023-08-15,1100,Accounts Receivable,59269.74,0.0,AR-2023-1053,
2023-08-15,4030,Revenue – Catering,0.0,59269.74,AR-2023-1053,
2023-08-15,1100,Accounts Receivable,403459.06,0.0,AR-2023-1059,
2023-08-15,4030,Revenue – Catering,0.0,403459.06,AR-2023-1059,
2023-08-15,5010,COGS – Beverages,114185.69,0.0,INV-2023-0343,Antibiotics + analgesics — bulk SKUs
2023-08-15,2000,Accounts Payable,0.0,114185.69,INV-2023-0343,
2023-08-15,5010,COGS – Beverages,105053.54,0.0,INV-2023-0404,Bulk SKUs — monthly replenishment
2023-08-15,2000,Accounts Payable,0.0,105053.54,INV-2023-0404,
2023-08-15,2000,Accounts Payable,157811.13,0.0,INV-2023-0552,Payment
2023-08-15,1000,Cash – SNB Operating SAR,0.0,157811.13,INV-2023-0552,Payment
2023-08-15,5020,COGS – Household,136935.02,0.0,INV-2023-0674,
2023-08-15,2000,Accounts Payable,0.0,136935.02,INV-2023-0674,
2023-08-15,5020,COGS – Household,156182.13,0.0,INV-2023-0690,Bulk SKUs — monthly replenishment
2023-08-15,2000,Accounts Payable,0.0,156182.13,INV-2023-0690,
2023-08-16,1000,Cash – SNB Operating SAR,250567.74,0.0,AR-2023-0170,Collection
2023-08-16,1100,Accounts Receivable,0.0,250567.74,AR-2023-0170,Collection
2023-08-16,1100,Accounts Receivable,57263.21,0.0,AR-2023-0213,
2023-08-16,4000,Revenue – Modern Trade,0.0,57263.21,AR-2023-0213,
2023-08-16,1100,Accounts Receivable,759876.25,0.0,AR-2023-0234,
2023-08-16,4000,Revenue – Modern Trade,0.0,759876.25,AR-2023-0234,
2023-08-16,1000,Cash – SNB Operating SAR,734011.33,0.0,AR-2023-0408,Collection
2023-08-16,1100,Accounts Receivable,0.0,734011.33,AR-2023-0408,Collection
2023-08-16,1100,Accounts Receivable,548435.82,0.0,AR-2023-0672,
2023-08-16,4020,Revenue – Government,0.0,548435.82,AR-2023-0672,
2023-08-16,1000,Cash – SNB Operating SAR,227731.82,0.0,AR-2023-1020,Collection
2023-08-16,1100,Accounts Receivable,0.0,227731.82,AR-2023-1020,Collection
2023-08-16,1000,Cash – SNB Operating SAR,302304.08,0.0,AR-2023-1023,Collection
2023-08-16,1100,Accounts Receivable,0.0,302304.08,AR-2023-1023,Collection
2023-08-16,1000,Cash – SNB Operating SAR,687517.32,0.0,AR-2023-1035,Collection
2023-08-16,1100,Accounts Receivable,0.0,687517.32,AR-2023-1035,Collection
2023-08-16,1100,Accounts Receivable,164294.51,0.0,AR-2023-1064,
2023-08-16,4030,Revenue – Catering,0.0,164294.51,AR-2023-1064,
2023-08-16,2000,Accounts Payable,79792.94,0.0,INV-2023-0128,Payment
2023-08-16,1000,Cash – SNB Operating SAR,0.0,79792.94,INV-2023-0128,Payment
2023-08-16,5000,COGS – Food,106889.65,0.0,INV-2023-0205,OTC & consumer health replenishment
2023-08-16,2000,Accounts Payable,0.0,106889.65,INV-2023-0205,
2023-08-16,5000,COGS – Food,162340.66,0.0,INV-2023-0299,
2023-08-16,2000,Accounts Payable,0.0,162340.66,INV-2023-0299,
2023-08-16,2000,Accounts Payable,164786.0,0.0,INV-2023-0372,Payment
2023-08-16,1000,Cash – SNB Operating SAR,0.0,164786.0,INV-2023-0372,Payment
2023-08-16,5010,COGS – Beverages,138719.52,0.0,INV-2023-0420,
2023-08-16,2000,Accounts Payable,0.0,138719.52,INV-2023-0420,
2023-08-16,5010,COGS – Beverages,175554.74,0.0,INV-2023-0465,OTC & consumer health replenishment
2023-08-16,2000,Accounts Payable,0.0,175554.74,INV-2023-0465,
2023-08-17,1100,Accounts Receivable,1007533.2,0.0,AR-2023-0208,
2023-08-17,4000,Revenue – Modern Trade,0.0,1007533.2,AR-2023-0208,
2023-08-17,1000,Cash – SNB Operating SAR,123575.48,0.0,AR-2023-0624,Collection
2023-08-17,1100,Accounts Receivable,0.0,123575.48,AR-2023-0624,Collection
2023-08-17,1000,Cash – SNB Operating SAR,381693.16,0.0,AR-2023-0974,Collection
2023-08-17,1100,Accounts Receivable,0.0,381693.16,AR-2023-0974,Collection
2023-08-17,1000,Cash – SNB Operating SAR,268822.01,0.0,AR-2023-0983,Collection
2023-08-17,1100,Accounts Receivable,0.0,268822.01,AR-2023-0983,Collection
2023-08-17,1100,Accounts Receivable,270701.95,0.0,AR-2023-1083,
2023-08-17,4030,Revenue – Catering,0.0,270701.95,AR-2023-1083,
2023-08-17,2000,Accounts Payable,153274.57,0.0,INV-2023-0115,Payment
2023-08-17,1000,Cash – SNB Operating SAR,0.0,153274.57,INV-2023-0115,Payment
2023-08-17,5000,COGS – Food,171389.13,0.0,INV-2023-0156,OTC & consumer health replenishment
2023-08-17,2000,Accounts Payable,0.0,171389.13,INV-2023-0156,
2023-08-17,5010,COGS – Beverages,71558.27,0.0,INV-2023-0327,OTC & consumer health replenishment
2023-08-17,2000,Accounts Payable,0.0,71558.27,INV-2023-0327,
2023-08-17,5010,COGS – Beverages,68403.58,0.0,INV-2023-0468,OTC & consumer health replenishment
2023-08-17,2000,Accounts Payable,0.0,68403.58,INV-2023-0468,
2023-08-17,5010,COGS – Beverages,143602.52,0.0,INV-2023-0480,
2023-08-17,2000,Accounts Payable,0.0,143602.52,INV-2023-0480,
2023-08-17,2000,Accounts Payable,128670.07,0.0,INV-2023-0516,Payment
2023-08-17,1000,Cash – SNB Operating SAR,0.0,128670.07,INV-2023-0516,Payment
2023-08-17,2000,Accounts Payable,128462.34,0.0,INV-2023-0686,Payment
2023-08-17,1000,Cash – SNB Operating SAR,0.0,128462.34,INV-2023-0686,Payment
2023-08-17,5030,COGS – Cosmetics,80287.66,0.0,INV-2023-0914,Bulk SKUs — monthly replenishment
2023-08-17,2000,Accounts Payable,0.0,80287.66,INV-2023-0914,
2023-08-17,2000,Accounts Payable,79514.0,0.0,INV-2023-0927,Payment
2023-08-17,1000,Cash – SNB Operating SAR,0.0,79514.0,INV-2023-0927,Payment
2023-08-17,6300,Logistics – 3PL,149554.8,0.0,INV-2023-0967,Line-haul & distribution services
2023-08-17,2000,Accounts Payable,0.0,149554.8,INV-2023-0967,
2023-08-17,6300,Logistics – 3PL,292583.97,0.0,INV-2023-1007,Line-haul & distribution services
2023-08-17,2000,Accounts Payable,0.0,292583.97,INV-2023-1007,
2023-08-17,2000,Accounts Payable,137393.9,0.0,INV-2023-1040,Payment
2023-08-17,1000,Cash – SNB Operating SAR,0.0,137393.9,INV-2023-1040,Payment
2023-08-18,1000,Cash – SNB Operating SAR,346895.97,0.0,AR-2023-0188,Collection
2023-08-18,1100,Accounts Receivable,0.0,346895.97,AR-2023-0188,Collection
2023-08-18,1000,Cash – SNB Operating SAR,582195.9,0.0,AR-2023-0644,Collection
2023-08-18,1100,Accounts Receivable,0.0,582195.9,AR-2023-0644,Collection
2023-08-18,1100,Accounts Receivable,1002319.99,0.0,AR-2023-0656,
2023-08-18,4020,Revenue – Government,0.0,1002319.99,AR-2023-0656,
2023-08-18,1000,Cash – SNB Operating SAR,232469.19,0.0,AR-2023-0995,Collection
2023-08-18,1100,Accounts Receivable,0.0,232469.19,AR-2023-0995,Collection
2023-08-18,2000,Accounts Payable,64862.24,0.0,INV-2023-0283,Payment
2023-08-18,1000,Cash – SNB Operating SAR,0.0,64862.24,INV-2023-0283,Payment
2023-08-18,5010,COGS – Beverages,156504.82,0.0,INV-2023-0308,Bulk SKUs — monthly replenishment
2023-08-18,2000,Accounts Payable,0.0,156504.82,INV-2023-0308,
2023-08-18,2000,Accounts Payable,69878.36,0.0,INV-2023-0627,Payment
2023-08-18,1000,Cash – SNB Operating SAR,0.0,69878.36,INV-2023-0627,Payment
2023-08-18,5020,COGS – Household,113988.76,0.0,INV-2023-0634,
2023-08-18,2000,Accounts Payable,0.0,113988.76,INV-2023-0634,
2023-08-18,6220,Professional Fees,83701.07,0.0,INV-2023-1139,
2023-08-18,2000,Accounts Payable,0.0,83701.07,INV-2023-1139,
2023-08-18,2000,Accounts Payable,48312.26,0.0,INV-2023-1165,Payment
2023-08-18,1000,Cash – SNB Operating SAR,0.0,48312.26,INV-2023-1165,Payment
2023-08-18,5000,COGS – Food,60072.89,0.0,INV-2023-1210,Paracetamol + ibuprofen API
2023-08-18,2000,Accounts Payable,0.0,60072.89,INV-2023-1210,
2023-08-19,1100,Accounts Receivable,278846.32,0.0,AR-2023-0223,
2023-08-19,4000,Revenue – Modern Trade,0.0,278846.32,AR-2023-0223,
2023-08-19,1000,Cash – SNB Operating SAR,453765.69,0.0,AR-2023-0428,Collection
2023-08-19,1100,Accounts Receivable,0.0,453765.69,AR-2023-0428,Collection
2023-08-19,1100,Accounts Receivable,542849.39,0.0,AR-2023-0660,
2023-08-19,4020,Revenue – Government,0.0,542849.39,AR-2023-0660,
2023-08-19,1100,Accounts Receivable,251644.19,0.0,AR-2023-0666,
2023-08-19,4020,Revenue – Government,0.0,251644.19,AR-2023-0666,
2023-08-19,1000,Cash – SNB Operating SAR,231591.69,0.0,AR-2023-0979,Collection
2023-08-19,1100,Accounts Receivable,0.0,231591.69,AR-2023-0979,Collection
2023-08-19,1100,Accounts Receivable,552131.9,0.0,AR-2023-1062,
2023-08-19,4030,Revenue – Catering,0.0,552131.9,AR-2023-1062,
2023-08-19,5000,COGS – Food,79592.66,0.0,INV-2023-0216,Antibiotics + analgesics — bulk SKUs
2023-08-19,2000,Accounts Payable,0.0,79592.66,INV-2023-0216,
2023-08-19,5000,COGS – Food,139713.62,0.0,INV-2023-0223,Antibiotics + analgesics — bulk SKUs
2023-08-19,2000,Accounts Payable,0.0,139713.62,INV-2023-0223,
2023-08-19,5000,COGS – Food,159001.85,0.0,INV-2023-0298,OTC & consumer health replenishment
2023-08-19,2000,Accounts Payable,0.0,159001.85,INV-2023-0298,
2023-08-19,5010,COGS – Beverages,62874.92,0.0,INV-2023-0482,OTC & consumer health replenishment
2023-08-19,2000,Accounts Payable,0.0,62874.92,INV-2023-0482,
2023-08-19,5010,COGS – Beverages,168880.52,0.0,INV-2023-0498,
2023-08-19,2000,Accounts Payable,0.0,168880.52,INV-2023-0498,
2023-08-19,2000,Accounts Payable,91715.57,0.0,INV-2023-0599,Payment
2023-08-19,1000,Cash – SNB Operating SAR,0.0,91715.57,INV-2023-0599,Payment
2023-08-19,5020,COGS – Household,124389.13,0.0,INV-2023-0760,Bulk SKUs — monthly replenishment
2023-08-19,2000,Accounts Payable,0.0,124389.13,INV-2023-0760,
2023-08-19,2000,Accounts Payable,152796.78,0.0,INV-2023-1049,Payment
2023-08-19,1000,Cash – SNB Operating SAR,0.0,152796.78,INV-2023-1049,Payment
2023-08-19,2000,Accounts Payable,93297.75,0.0,INV-2023-1071,Payment
2023-08-19,1000,Cash – SNB Operating SAR,0.0,93297.75,INV-2023-1071,Payment
2023-08-19,6220,Professional Fees,78158.14,0.0,INV-2023-1150,
2023-08-19,2000,Accounts Payable,0.0,78158.14,INV-2023-1150,
2023-08-20,1000,Cash – SNB Operating SAR,1024732.31,0.0,AR-2023-0199,Collection
2023-08-20,1100,Accounts Receivable,0.0,1024732.31,AR-2023-0199,Collection
2023-08-20,1000,Cash – SNB Operating SAR,1004261.83,0.0,AR-2023-0200,Collection
2023-08-20,1100,Accounts Receivable,0.0,1004261.83,AR-2023-0200,Collection
2023-08-20,1100,Accounts Receivable,181778.04,0.0,AR-2023-0228,
2023-08-20,4000,Revenue – Modern Trade,0.0,181778.04,AR-2023-0228,
2023-08-20,1000,Cash – SNB Operating SAR,316118.32,0.0,AR-2023-0425,Collection
2023-08-20,1100,Accounts Receivable,0.0,316118.32,AR-2023-0425,Collection
2023-08-20,1000,Cash – SNB Operating SAR,372902.02,0.0,AR-2023-0436,Collection
2023-08-20,1100,Accounts Receivable,0.0,372902.02,AR-2023-0436,Collection
2023-08-20,1000,Cash – SNB Operating SAR,443003.96,0.0,AR-2023-0994,Collection
2023-08-20,1100,Accounts Receivable,0.0,443003.96,AR-2023-0994,Collection
2023-08-20,1000,Cash – SNB Operating SAR,581961.83,0.0,AR-2023-1026,Collection
2023-08-20,1100,Accounts Receivable,0.0,581961.83,AR-2023-1026,Collection
2023-08-20,1100,Accounts Receivable,687434.19,0.0,AR-2023-1079,
2023-08-20,4030,Revenue – Catering,0.0,687434.19,AR-2023-1079,
2023-08-20,5010,COGS – Beverages,176401.7,0.0,INV-2023-0446,
2023-08-20,2000,Accounts Payable,0.0,176401.7,INV-2023-0446,
2023-08-20,5020,COGS – Household,67749.92,0.0,INV-2023-0762,Bulk SKUs — monthly replenishment
2023-08-20,2000,Accounts Payable,0.0,67749.92,INV-2023-0762,
2023-08-20,5030,COGS – Cosmetics,126417.51,0.0,INV-2023-0894,
2023-08-20,2000,Accounts Payable,0.0,126417.51,INV-2023-0894,
2023-08-20,6220,Professional Fees,47548.1,0.0,INV-2023-1159,
2023-08-20,2000,Accounts Payable,0.0,47548.1,INV-2023-1159,
2023-08-21,1100,Accounts Receivable,394097.84,0.0,AR-2023-0220,
2023-08-21,4000,Revenue – Modern Trade,0.0,394097.84,AR-2023-0220,
2023-08-21,1100,Accounts Receivable,181296.78,0.0,AR-2023-0455,
2023-08-21,4010,Revenue – Hospitality,0.0,181296.78,AR-2023-0455,
2023-08-21,1000,Cash – SNB Operating SAR,391658.22,0.0,AR-2023-0630,Collection
2023-08-21,1100,Accounts Receivable,0.0,391658.22,AR-2023-0630,Collection
2023-08-21,1000,Cash – SNB Operating SAR,1148156.13,0.0,AR-2023-0980,Collection
2023-08-21,1100,Accounts Receivable,0.0,1148156.13,AR-2023-0980,Collection
2023-08-21,1100,Accounts Receivable,251576.27,0.0,AR-2023-1047,
2023-08-21,4030,Revenue – Catering,0.0,251576.27,AR-2023-1047,
2023-08-21,1100,Accounts Receivable,170535.68,0.0,AR-2023-1048,
2023-08-21,4030,Revenue – Catering,0.0,170535.68,AR-2023-1048,
2023-08-21,1100,Accounts Receivable,172682.76,0.0,AR-2023-1058,
2023-08-21,4030,Revenue – Catering,0.0,172682.76,AR-2023-1058,
2023-08-21,5000,COGS – Food,70860.62,0.0,INV-2023-0153,
2023-08-21,2000,Accounts Payable,0.0,70860.62,INV-2023-0153,
2023-08-21,2000,Accounts Payable,99524.95,0.0,INV-2023-0309,Payment
2023-08-21,1000,Cash – SNB Operating SAR,0.0,99524.95,INV-2023-0309,Payment
2023-08-21,2000,Accounts Payable,121000.17,0.0,INV-2023-0430,Payment
2023-08-21,1000,Cash – SNB Operating SAR,0.0,121000.17,INV-2023-0430,Payment
2023-08-21,5020,COGS – Household,152905.54,0.0,INV-2023-0562,Antibiotics + analgesics — bulk SKUs
2023-08-21,2000,Accounts Payable,0.0,152905.54,INV-2023-0562,
2023-08-21,2000,Accounts Payable,118545.54,0.0,INV-2023-0773,Payment
2023-08-21,1000,Cash – SNB Operating SAR,0.0,118545.54,INV-2023-0773,Payment
2023-08-21,2000,Accounts Payable,122256.98,0.0,INV-2023-0842,Payment
2023-08-21,1000,Cash – SNB Operating SAR,0.0,122256.98,INV-2023-0842,Payment
2023-08-21,6220,Professional Fees,40467.59,0.0,INV-2023-1168,
2023-08-21,2000,Accounts Payable,0.0,40467.59,INV-2023-1168,
2023-08-22,1000,Cash – SNB Operating SAR,261287.21,0.0,AR-2023-0182,Collection
2023-08-22,1100,Accounts Receivable,0.0,261287.21,AR-2023-0182,Collection
2023-08-22,1100,Accounts Receivable,173617.05,0.0,AR-2023-1052,
2023-08-22,4030,Revenue – Catering,0.0,173617.05,AR-2023-1052,
2023-08-22,1100,Accounts Receivable,112677.23,0.0,AR-2023-1077,
2023-08-22,4030,Revenue – Catering,0.0,112677.23,AR-2023-1077,
2023-08-22,1100,Accounts Receivable,187414.34,0.0,AR-2023-1080,
2023-08-22,4030,Revenue – Catering,0.0,187414.34,AR-2023-1080,
2023-08-22,2000,Accounts Payable,150123.8,0.0,INV-2023-0182,Payment
2023-08-22,1000,Cash – SNB Operating SAR,0.0,150123.8,INV-2023-0182,Payment
2023-08-22,2000,Accounts Payable,96564.08,0.0,INV-2023-0390,Payment
2023-08-22,1000,Cash – SNB Operating SAR,0.0,96564.08,INV-2023-0390,Payment
2023-08-22,5010,COGS – Beverages,120431.72,0.0,INV-2023-0448,
2023-08-22,2000,Accounts Payable,0.0,120431.72,INV-2023-0448,
2023-08-22,2000,Accounts Payable,135287.21,0.0,INV-2023-0884,Payment
2023-08-22,1000,Cash – SNB Operating SAR,0.0,135287.21,INV-2023-0884,Payment
2023-08-22,2000,Accounts Payable,146328.36,0.0,INV-2023-0998,Payment
2023-08-22,1000,Cash – SNB Operating SAR,0.0,146328.36,INV-2023-0998,Payment
2023-08-23,1000,Cash – SNB Operating SAR,309375.22,0.0,AR-2023-0145,Collection
2023-08-23,1100,Accounts Receivable,0.0,309375.22,AR-2023-0145,Collection
2023-08-23,1000,Cash – SNB Operating SAR,500034.43,0.0,AR-2023-0178,Collection
2023-08-23,1100,Accounts Receivable,0.0,500034.43,AR-2023-0178,Collection
2023-08-23,1000,Cash – SNB Operating SAR,587507.07,0.0,AR-2023-0190,Collection
2023-08-23,1100,Accounts Receivable,0.0,587507.07,AR-2023-0190,Collection
2023-08-23,1100,Accounts Receivable,105541.12,0.0,AR-2023-0231,
2023-08-23,4000,Revenue – Modern Trade,0.0,105541.12,AR-2023-0231,
2023-08-23,1100,Accounts Receivable,456066.91,0.0,AR-2023-0446,
2023-08-23,4010,Revenue – Hospitality,0.0,456066.91,AR-2023-0446,
2023-08-23,1000,Cash – SNB Operating SAR,409833.15,0.0,AR-2023-0641,Collection
2023-08-23,1100,Accounts Receivable,0.0,409833.15,AR-2023-0641,Collection
2023-08-23,1100,Accounts Receivable,453093.76,0.0,AR-2023-0659,
2023-08-23,4020,Revenue – Government,0.0,453093.76,AR-2023-0659,
2023-08-23,1000,Cash – SNB Operating SAR,1024449.38,0.0,AR-2023-0990,Collection
2023-08-23,1100,Accounts Receivable,0.0,1024449.38,AR-2023-0990,Collection
2023-08-23,1000,Cash – SNB Operating SAR,728383.54,0.0,AR-2023-1001,Collection
2023-08-23,1100,Accounts Receivable,0.0,728383.54,AR-2023-1001,Collection
2023-08-23,1100,Accounts Receivable,131438.76,0.0,AR-2023-1046,
2023-08-23,4030,Revenue – Catering,0.0,131438.76,AR-2023-1046,
2023-08-23,1100,Accounts Receivable,1026899.95,0.0,AR-2023-1073,
2023-08-23,4030,Revenue – Catering,0.0,1026899.95,AR-2023-1073,
2023-08-23,5000,COGS – Food,141848.39,0.0,INV-2023-0175,Antibiotics + analgesics — bulk SKUs
2023-08-23,2000,Accounts Payable,0.0,141848.39,INV-2023-0175,
2023-08-23,5000,COGS – Food,169647.5,0.0,INV-2023-0177,
2023-08-23,2000,Accounts Payable,0.0,169647.5,INV-2023-0177,
2023-08-23,2000,Accounts Payable,123645.99,0.0,INV-2023-0255,Payment
2023-08-23,1000,Cash – SNB Operating SAR,0.0,123645.99,INV-2023-0255,Payment
2023-08-23,5020,COGS – Household,130209.39,0.0,INV-2023-0575,Antibiotics + analgesics — bulk SKUs
2023-08-23,2000,Accounts Payable,0.0,130209.39,INV-2023-0575,
2023-08-23,2000,Accounts Payable,174112.04,0.0,INV-2023-0630,Payment
2023-08-23,1000,Cash – SNB Operating SAR,0.0,174112.04,INV-2023-0630,Payment
2023-08-23,2000,Accounts Payable,143823.51,0.0,INV-2023-0649,Payment
2023-08-23,1000,Cash – SNB Operating SAR,0.0,143823.51,INV-2023-0649,Payment
2023-08-23,5020,COGS – Household,101088.23,0.0,INV-2023-0673,Antibiotics + analgesics — bulk SKUs
2023-08-23,2000,Accounts Payable,0.0,101088.23,INV-2023-0673,
2023-08-23,5020,COGS – Household,117991.95,0.0,INV-2023-0710,OTC & consumer health replenishment
2023-08-23,2000,Accounts Payable,0.0,117991.95,INV-2023-0710,
2023-08-23,2000,Accounts Payable,121816.27,0.0,INV-2023-0855,Payment
2023-08-23,1000,Cash – SNB Operating SAR,0.0,121816.27,INV-2023-0855,Payment
2023-08-24,1000,Cash – SNB Operating SAR,691902.53,0.0,AR-2023-0180,Collection
2023-08-24,1100,Accounts Receivable,0.0,691902.53,AR-2023-0180,Collection
2023-08-24,1100,Accounts Receivable,770504.79,0.0,AR-2023-0218,
2023-08-24,4000,Revenue – Modern Trade,0.0,770504.79,AR-2023-0218,
2023-08-24,1000,Cash – SNB Operating SAR,416252.39,0.0,AR-2023-0631,Collection
2023-08-24,1100,Accounts Receivable,0.0,416252.39,AR-2023-0631,Collection
2023-08-24,1100,Accounts Receivable,165587.83,0.0,AR-2023-1066,
2023-08-24,4030,Revenue – Catering,0.0,165587.83,AR-2023-1066,
2023-08-24,1100,Accounts Receivable,612079.58,0.0,AR-2023-1078,
2023-08-24,4030,Revenue – Catering,0.0,612079.58,AR-2023-1078,
2023-08-24,2000,Accounts Payable,450514.86,0.0,INV-2023-0037,Payment
2023-08-24,1000,Cash – SNB Operating SAR,0.0,450514.86,INV-2023-0037,Payment
2023-08-24,2000,Accounts Payable,489246.73,0.0,INV-2023-0040,Payment
2023-08-24,1000,Cash – SNB Operating SAR,0.0,489246.73,INV-2023-0040,Payment
2023-08-24,5000,COGS – Food,88507.56,0.0,INV-2023-0286,Bulk SKUs — monthly replenishment
2023-08-24,2000,Accounts Payable,0.0,88507.56,INV-2023-0286,
2023-08-24,5010,COGS – Beverages,73651.16,0.0,INV-2023-0328,OTC & consumer health replenishment
2023-08-24,2000,Accounts Payable,0.0,73651.16,INV-2023-0328,
2023-08-24,2000,Accounts Payable,65576.13,0.0,INV-2023-0792,Payment
2023-08-24,1000,Cash – SNB Operating SAR,0.0,65576.13,INV-2023-0792,Payment
2023-08-24,1020,Cash – ANB Payroll SAR,3457114.09,0.0,JE-20230801,Transfer SNB -> ANB payroll funding
2023-08-24,1000,Cash – SNB Operating SAR,0.0,3457114.09,JE-20230801,Transfer SNB -> ANB payroll funding
2023-08-25,1100,Accounts Receivable,385245.73,0.0,AR-2023-0206,
2023-08-25,4000,Revenue – Modern Trade,0.0,385245.73,AR-2023-0206,
2023-08-25,1100,Accounts Receivable,76688.89,0.0,AR-2023-0210,
2023-08-25,4000,Revenue – Modern Trade,0.0,76688.89,AR-2023-0210,
2023-08-25,1000,Cash – SNB Operating SAR,243122.23,0.0,AR-2023-0451,Collection
2023-08-25,1100,Accounts Receivable,0.0,243122.23,AR-2023-0451,Collection
2023-08-25,1000,Cash – SNB Operating SAR,430972.64,0.0,AR-2023-0651,Collection
2023-08-25,1100,Accounts Receivable,0.0,430972.64,AR-2023-0651,Collection
2023-08-25,1100,Accounts Receivable,185241.76,0.0,AR-2023-0655,
2023-08-25,4020,Revenue – Government,0.0,185241.76,AR-2023-0655,
2023-08-25,1000,Cash – SNB Operating SAR,484630.56,0.0,AR-2023-1011,Collection
2023-08-25,1100,Accounts Receivable,0.0,484630.56,AR-2023-1011,Collection
2023-08-25,2000,Accounts Payable,458890.51,0.0,INV-2023-0038,Payment
2023-08-25,1000,Cash – SNB Operating SAR,0.0,458890.51,INV-2023-0038,Payment
2023-08-25,2000,Accounts Payable,152094.97,0.0,INV-2023-0152,Payment
2023-08-25,1000,Cash – SNB Operating SAR,0.0,152094.97,INV-2023-0152,Payment
2023-08-25,2000,Accounts Payable,157094.73,0.0,INV-2023-0225,Payment
2023-08-25,1000,Cash – SNB Operating SAR,0.0,157094.73,INV-2023-0225,Payment
2023-08-25,5020,COGS – Household,136594.14,0.0,INV-2023-0597,
2023-08-25,2000,Accounts Payable,0.0,136594.14,INV-2023-0597,
2023-08-25,5020,COGS – Household,136857.16,0.0,INV-2023-0619,OTC & consumer health replenishment
2023-08-25,2000,Accounts Payable,0.0,136857.16,INV-2023-0619,
2023-08-25,2000,Accounts Payable,160029.11,0.0,INV-2023-0651,Payment
2023-08-25,1000,Cash – SNB Operating SAR,0.0,160029.11,INV-2023-0651,Payment
2023-08-25,2000,Accounts Payable,149749.11,0.0,INV-2023-0861,Payment
2023-08-25,1000,Cash – SNB Operating SAR,0.0,149749.11,INV-2023-0861,Payment
2023-08-25,2000,Accounts Payable,105483.63,0.0,INV-2023-1056,Payment
2023-08-25,1000,Cash – SNB Operating SAR,0.0,105483.63,INV-2023-1056,Payment
2023-08-25,6000,Salaries & Wages,3137127.12,0.0,PAY-2023-08,Payroll batch
2023-08-25,6020,GOSI Contributions,319986.97,0.0,PAY-2023-08,Payroll batch
2023-08-25,2110,Accrued Payroll,0.0,3457114.09,PAY-2023-08,Payroll batch
2023-08-26,1100,Accounts Receivable,1007533.2,0.0,AR-2023-0207,
2023-08-26,4000,Revenue – Modern Trade,0.0,1007533.2,AR-2023-0207,
2023-08-26,1100,Accounts Receivable,514622.82,0.0,AR-2023-0211,
2023-08-26,4000,Revenue – Modern Trade,0.0,514622.82,AR-2023-0211,
2023-08-26,1100,Accounts Receivable,604167.64,0.0,AR-2023-0230,
2023-08-26,4000,Revenue – Modern Trade,0.0,604167.64,AR-2023-0230,
2023-08-26,1100,Accounts Receivable,135990.4,0.0,AR-2023-0444,
2023-08-26,4010,Revenue – Hospitality,0.0,135990.4,AR-2023-0444,
2023-08-26,1000,Cash – SNB Operating SAR,583845.75,0.0,AR-2023-0647,Collection
2023-08-26,1100,Accounts Receivable,0.0,583845.75,AR-2023-0647,Collection
2023-08-26,1000,Cash – SNB Operating SAR,186011.58,0.0,AR-2023-0973,Collection
2023-08-26,1100,Accounts Receivable,0.0,186011.58,AR-2023-0973,Collection
2023-08-26,1000,Cash – SNB Operating SAR,485317.68,0.0,AR-2023-1004,Collection
2023-08-26,1100,Accounts Receivable,0.0,485317.68,AR-2023-1004,Collection
2023-08-26,2000,Accounts Payable,546047.94,0.0,INV-2023-0036,Payment
2023-08-26,1000,Cash – SNB Operating SAR,0.0,546047.94,INV-2023-0036,Payment
2023-08-26,2000,Accounts Payable,95463.01,0.0,INV-2023-0123,Payment
2023-08-26,1000,Cash – SNB Operating SAR,0.0,95463.01,INV-2023-0123,Payment
2023-08-26,2000,Accounts Payable,86812.8,0.0,INV-2023-0231,Payment
2023-08-26,1000,Cash – SNB Operating SAR,0.0,86812.8,INV-2023-0231,Payment
2023-08-26,2000,Accounts Payable,162093.85,0.0,INV-2023-0329,Payment
2023-08-26,1000,Cash – SNB Operating SAR,0.0,162093.85,INV-2023-0329,Payment
2023-08-26,2000,Accounts Payable,136614.86,0.0,INV-2023-0510,Payment
2023-08-26,1000,Cash – SNB Operating SAR,0.0,136614.86,INV-2023-0510,Payment
2023-08-26,5030,COGS – Cosmetics,173490.31,0.0,INV-2023-0860,Antibiotics + analgesics — bulk SKUs
2023-08-26,2000,Accounts Payable,0.0,173490.31,INV-2023-0860,
2023-08-26,2110,Accrued Payroll,3457114.09,0.0,PAY-2023-08,Payroll settlement
2023-08-26,1020,Cash – ANB Payroll SAR,0.0,3457114.09,PAY-2023-08,Payroll settlement
2023-08-27,1000,Cash – SNB Operating SAR,161952.75,0.0,AR-2023-0144,Collection
2023-08-27,1100,Accounts Receivable,0.0,161952.75,AR-2023-0144,Collection
2023-08-27,1100,Accounts Receivable,399696.0,0.0,AR-2023-0215,
2023-08-27,4000,Revenue – Modern Trade,0.0,399696.0,AR-2023-0215,
2023-08-27,1000,Cash – SNB Operating SAR,81439.02,0.0,AR-2023-0649,Collection
2023-08-27,1100,Accounts Receivable,0.0,81439.02,AR-2023-0649,Collection
2023-08-27,1000,Cash – SNB Operating SAR,350308.04,0.0,AR-2023-1012,Collection
2023-08-27,1100,Accounts Receivable,0.0,350308.04,AR-2023-1012,Collection
2023-08-27,1100,Accounts Receivable,935496.69,0.0,AR-2023-1045,
2023-08-27,4030,Revenue – Catering,0.0,935496.69,AR-2023-1045,
2023-08-27,1100,Accounts Receivable,350962.63,0.0,AR-2023-1051,
2023-08-27,4030,Revenue – Catering,0.0,350962.63,AR-2023-1051,
2023-08-27,2000,Accounts Payable,468137.89,0.0,INV-2023-0039,Payment
2023-08-27,1000,Cash – SNB Operating SAR,0.0,468137.89,INV-2023-0039,Payment
2023-08-27,5000,COGS – Food,154896.77,0.0,INV-2023-0092,Bulk SKUs — monthly replenishment
2023-08-27,2000,Accounts Payable,0.0,154896.77,INV-2023-0092,
2023-08-27,2000,Accounts Payable,127526.0,0.0,INV-2023-0258,Payment
2023-08-27,1000,Cash – SNB Operating SAR,0.0,127526.0,INV-2023-0258,Payment
2023-08-27,5010,COGS – Beverages,78263.46,0.0,INV-2023-0501,Antibiotics + analgesics — bulk SKUs
2023-08-27,2000,Accounts Payable,0.0,78263.46,INV-2023-0501,
2023-08-27,2000,Accounts Payable,135361.03,0.0,INV-2023-0740,Payment
2023-08-27,1000,Cash – SNB Operating SAR,0.0,135361.03,INV-2023-0740,Payment
2023-08-27,5020,COGS – Household,103822.85,0.0,INV-2023-0748,
2023-08-27,2000,Accounts Payable,0.0,103822.85,INV-2023-0748,
2023-08-27,2000,Accounts Payable,198855.19,0.0,INV-2023-0973,Payment
2023-08-27,1000,Cash – SNB Operating SAR,0.0,198855.19,INV-2023-0973,Payment
2023-08-27,6300,Logistics – 3PL,218129.48,0.0,INV-2023-1014,Line-haul & distribution services
2023-08-27,2000,Accounts Payable,0.0,218129.48,INV-2023-1014,
2023-08-27,2900,Intercompany – Group Treasury Sweep,22776716.77,0.0,JE-20230890,Treasury sweep to Tamween Holdco cash pool
2023-08-27,1000,Cash – SNB Operating SAR,0.0,22776716.77,JE-20230890,Treasury sweep to Tamween Holdco cash pool
2023-08-28,1000,Cash – SNB Operating SAR,457177.89,0.0,AR-2023-0171,Collection
2023-08-28,1100,Accounts Receivable,0.0,457177.89,AR-2023-0171,Collection
2023-08-28,1100,Accounts Receivable,626090.1,0.0,AR-2023-0232,
2023-08-28,4000,Revenue – Modern Trade,0.0,626090.1,AR-2023-0232,
2023-08-28,1000,Cash – SNB Operating SAR,350795.49,0.0,AR-2023-0429,Collection
2023-08-28,1100,Accounts Receivable,0.0,350795.49,AR-2023-0429,Collection
2023-08-28,1000,Cash – SNB Operating SAR,907880.66,0.0,AR-2023-0432,Collection
2023-08-28,1100,Accounts Receivable,0.0,907880.66,AR-2023-0432,Collection
2023-08-28,1000,Cash – SNB Operating SAR,430167.35,0.0,AR-2023-0435,Collection
2023-08-28,1100,Accounts Receivable,0.0,430167.35,AR-2023-0435,Collection
2023-08-28,1100,Accounts Receivable,575111.86,0.0,AR-2023-0657,
2023-08-28,4020,Revenue – Government,0.0,575111.86,AR-2023-0657,
2023-08-28,1100,Accounts Receivable,412685.7,0.0,AR-2023-0661,
2023-08-28,4020,Revenue – Government,0.0,412685.7,AR-2023-0661,
2023-08-28,1100,Accounts Receivable,403281.17,0.0,AR-2023-0665,
2023-08-28,4020,Revenue – Government,0.0,403281.17,AR-2023-0665,
2023-08-28,1000,Cash – SNB Operating SAR,159971.58,0.0,AR-2023-0985,Collection
2023-08-28,1100,Accounts Receivable,0.0,159971.58,AR-2023-0985,Collection
2023-08-28,1000,Cash – SNB Operating SAR,124932.05,0.0,AR-2023-1033,Collection
2023-08-28,1100,Accounts Receivable,0.0,124932.05,AR-2023-1033,Collection
2023-08-28,1100,Accounts Receivable,160081.68,0.0,AR-2023-1065,
2023-08-28,4030,Revenue – Catering,0.0,160081.68,AR-2023-1065,
2023-08-28,1100,Accounts Receivable,848149.09,0.0,AR-2023-1067,
2023-08-28,4030,Revenue – Catering,0.0,848149.09,AR-2023-1067,
2023-08-28,2000,Accounts Payable,108044.77,0.0,INV-2023-0082,Payment
2023-08-28,1000,Cash – SNB Operating SAR,0.0,108044.77,INV-2023-0082,Payment
2023-08-28,5010,COGS – Beverages,96615.02,0.0,INV-2023-0417,
2023-08-28,2000,Accounts Payable,0.0,96615.02,INV-2023-0417,
2023-08-28,5010,COGS – Beverages,153854.47,0.0,INV-2023-0541,
2023-08-28,2000,Accounts Payable,0.0,153854.47,INV-2023-0541,
2023-08-28,2000,Accounts Payable,168995.06,0.0,INV-2023-0876,Payment
2023-08-28,1000,Cash – SNB Operating SAR,0.0,168995.06,INV-2023-0876,Payment
2023-08-28,2000,Accounts Payable,115008.36,0.0,INV-2023-0968,Payment
2023-08-28,1000,Cash – SNB Operating SAR,0.0,115008.36,INV-2023-0968,Payment
2023-08-28,6300,Logistics – 3PL,119621.87,0.0,INV-2023-0972,Line-haul & distribution services
2023-08-28,2000,Accounts Payable,0.0,119621.87,INV-2023-0972,
2023-08-28,6300,Logistics – 3PL,374848.46,0.0,INV-2023-0980,Line-haul & distribution services
2023-08-28,2000,Accounts Payable,0.0,374848.46,INV-2023-0980,
2023-08-28,6500,Depreciation Expense,400000.0,0.0,DEP-2023-08,PPE monthly depreciation accrual
2023-08-28,1510,Accumulated Depreciation – PPE,0.0,400000.0,DEP-2023-08,PPE monthly depreciation accrual
2023-08-29,1000,Cash – SNB Operating SAR,359461.0,0.0,AR-2023-0176,Collection
2023-08-29,1100,Accounts Receivable,0.0,359461.0,AR-2023-0176,Collection
2023-08-29,1100,Accounts Receivable,620239.07,0.0,AR-2023-0212,
2023-08-29,4000,Revenue – Modern Trade,0.0,620239.07,AR-2023-0212,
2023-08-29,1000,Cash – SNB Operating SAR,853644.45,0.0,AR-2023-0652,Collection
2023-08-29,1100,Accounts Receivable,0.0,853644.45,AR-2023-0652,Collection
2023-08-29,1000,Cash – SNB Operating SAR,100993.11,0.0,AR-2023-0653,Collection
2023-08-29,1100,Accounts Receivable,0.0,100993.11,AR-2023-0653,Collection
2023-08-29,1000,Cash – SNB Operating SAR,226911.9,0.0,AR-2023-1008,Collection
2023-08-29,1100,Accounts Receivable,0.0,226911.9,AR-2023-1008,Collection
2023-08-29,1000,Cash – SNB Operating SAR,203667.56,0.0,AR-2023-1027,Collection
2023-08-29,1100,Accounts Receivable,0.0,203667.56,AR-2023-1027,Collection
2023-08-29,1000,Cash – SNB Operating SAR,801461.52,0.0,AR-2023-1042,Collection
2023-08-29,1100,Accounts Receivable,0.0,801461.52,AR-2023-1042,Collection
2023-08-29,1100,Accounts Receivable,687819.12,0.0,AR-2023-1057,
2023-08-29,4030,Revenue – Catering,0.0,687819.12,AR-2023-1057,
2023-08-29,1100,Accounts Receivable,514111.36,0.0,AR-2023-1082,
2023-08-29,4030,Revenue – Catering,0.0,514111.36,AR-2023-1082,
2023-08-29,2000,Accounts Payable,71540.86,0.0,INV-2023-0197,Payment
2023-08-29,1000,Cash – SNB Operating SAR,0.0,71540.86,INV-2023-0197,Payment
2023-08-29,2000,Accounts Payable,128457.68,0.0,INV-2023-0571,Payment
2023-08-29,1000,Cash – SNB Operating SAR,0.0,128457.68,INV-2023-0571,Payment
2023-08-29,5020,COGS – Household,133802.66,0.0,INV-2023-0709,
2023-08-29,2000,Accounts Payable,0.0,133802.66,INV-2023-0709,
2023-08-29,2000,Accounts Payable,131295.59,0.0,INV-2023-0766,Payment
2023-08-29,1000,Cash – SNB Operating SAR,0.0,131295.59,INV-2023-0766,Payment
2023-08-29,2000,Accounts Payable,1257885.57,0.0,INV-2023-1081,Payment
2023-08-29,1000,Cash – SNB Operating SAR,0.0,1257885.57,INV-2023-1081,Payment
2023-08-29,2000,Accounts Payable,65588.48,0.0,INV-2023-1172,Payment
2023-08-29,1000,Cash – SNB Operating SAR,0.0,65588.48,INV-2023-1172,Payment
2023-08-30,1100,Accounts Receivable,345513.89,0.0,AR-2023-0227,
2023-08-30,4000,Revenue – Modern Trade,0.0,345513.89,AR-2023-0227,
2023-08-30,1000,Cash – SNB Operating SAR,539491.69,0.0,AR-2023-0434,Collection
2023-08-30,1100,Accounts Receivable,0.0,539491.69,AR-2023-0434,Collection
2023-08-30,1100,Accounts Receivable,353371.96,0.0,AR-2023-0654,
2023-08-30,4020,Revenue – Government,0.0,353371.96,AR-2023-0654,
2023-08-30,1000,Cash – SNB Operating SAR,287721.02,0.0,AR-2023-1013,Collection
2023-08-30,1100,Accounts Receivable,0.0,287721.02,AR-2023-1013,Collection
2023-08-30,1000,Cash – SNB Operating SAR,651553.24,0.0,AR-2023-1021,Collection
2023-08-30,1100,Accounts Receivable,0.0,651553.24,AR-2023-1021,Collection
2023-08-30,1100,Accounts Receivable,170028.06,0.0,AR-2023-1063,
2023-08-30,4030,Revenue – Catering,0.0,170028.06,AR-2023-1063,
2023-08-30,5000,COGS – Food,91179.34,0.0,INV-2023-0122,OTC & consumer health replenishment
2023-08-30,2000,Accounts Payable,0.0,91179.34,INV-2023-0122,
2023-08-30,2000,Accounts Payable,144261.61,0.0,INV-2023-0262,Payment
2023-08-30,1000,Cash – SNB Operating SAR,0.0,144261.61,INV-2023-0262,Payment
2023-08-30,5010,COGS – Beverages,68904.13,0.0,INV-2023-0323,
2023-08-30,2000,Accounts Payable,0.0,68904.13,INV-2023-0323,
2023-08-30,2000,Accounts Payable,149161.05,0.0,INV-2023-0785,Payment
2023-08-30,1000,Cash – SNB Operating SAR,0.0,149161.05,INV-2023-0785,Payment
2023-08-30,2000,Accounts Payable,136305.0,0.0,INV-2023-0887,Payment
2023-08-30,1000,Cash – SNB Operating SAR,0.0,136305.0,INV-2023-0887,Payment
2023-08-30,2000,Accounts Payable,132672.63,0.0,INV-2023-0924,Payment
2023-08-30,1000,Cash – SNB Operating SAR,0.0,132672.63,INV-2023-0924,Payment
2023-08-30,6300,Logistics – 3PL,239965.82,0.0,INV-2023-1058,Line-haul & distribution services
2023-08-30,2000,Accounts Payable,0.0,239965.82,INV-2023-1058,
2023-08-31,1000,Cash – SNB Operating SAR,242539.65,0.0,AR-2023-0195,Collection
2023-08-31,1100,Accounts Receivable,0.0,242539.65,AR-2023-0195,Collection
2023-08-31,1000,Cash – SNB Operating SAR,1079674.65,0.0,AR-2023-1025,Collection
2023-08-31,1100,Accounts Receivable,0.0,1079674.65,AR-2023-1025,Collection
2023-08-31,2000,Accounts Payable,89104.99,0.0,INV-2023-0090,Payment
2023-08-31,1000,Cash – SNB Operating SAR,0.0,89104.99,INV-2023-0090,Payment
2023-08-31,2000,Accounts Payable,98078.6,0.0,INV-2023-0110,Payment
2023-08-31,1000,Cash – SNB Operating SAR,0.0,98078.6,INV-2023-0110,Payment
2023-08-31,2000,Accounts Payable,141843.97,0.0,INV-2023-0354,Payment
2023-08-31,1000,Cash – SNB Operating SAR,0.0,141843.97,INV-2023-0354,Payment
2023-08-31,2000,Accounts Payable,141996.26,0.0,INV-2023-0615,Payment
2023-08-31,1000,Cash – SNB Operating SAR,0.0,141996.26,INV-2023-0615,Payment
2023-09-01,1000,Cash – SNB Operating SAR,966009.22,0.0,AR-2023-0201,Collection
2023-09-01,1100,Accounts Receivable,0.0,966009.22,AR-2023-0201,Collection
2023-09-01,1000,Cash – SNB Operating SAR,477501.81,0.0,AR-2023-0204,Collection
2023-09-01,1100,Accounts Receivable,0.0,477501.81,AR-2023-0204,Collection
2023-09-01,1100,Accounts Receivable,620648.67,0.0,AR-2023-0462,
2023-09-01,4010,Revenue – Hospitality,0.0,620648.67,AR-2023-0462,
2023-09-01,1100,Accounts Receivable,585594.4,0.0,AR-2023-0675,
2023-09-01,4020,Revenue – Government,0.0,585594.4,AR-2023-0675,
2023-09-01,1000,Cash – SNB Operating SAR,702983.84,0.0,AR-2023-1017,Collection
2023-09-01,1100,Accounts Receivable,0.0,702983.84,AR-2023-1017,Collection
2023-09-01,1000,Cash – SNB Operating SAR,924839.41,0.0,AR-2023-1060,Collection
2023-09-01,1100,Accounts Receivable,0.0,924839.41,AR-2023-1060,Collection
2023-09-01,1000,Cash – SNB Operating SAR,1026899.95,0.0,AR-2023-1081,Collection
2023-09-01,1100,Accounts Receivable,0.0,1026899.95,AR-2023-1081,Collection
2023-09-01,1100,Accounts Receivable,911667.29,0.0,AR-2023-1127,
2023-09-01,4030,Revenue – Catering,0.0,911667.29,AR-2023-1127,
2023-09-01,2000,Accounts Payable,161712.29,0.0,INV-2023-0362,Payment
2023-09-01,1000,Cash – SNB Operating SAR,0.0,161712.29,INV-2023-0362,Payment
2023-09-01,2000,Accounts Payable,63653.24,0.0,INV-2023-0652,Payment
2023-09-01,1000,Cash – SNB Operating SAR,0.0,63653.24,INV-2023-0652,Payment
2023-09-01,2000,Accounts Payable,98520.87,0.0,INV-2023-0849,Payment
2023-09-01,1000,Cash – SNB Operating SAR,0.0,98520.87,INV-2023-0849,Payment
2023-09-01,2000,Accounts Payable,95153.84,0.0,INV-2023-0931,Payment
2023-09-01,1000,Cash – SNB Operating SAR,0.0,95153.84,INV-2023-0931,Payment
2023-09-01,2000,Accounts Payable,350479.57,0.0,INV-2023-0957,Payment
2023-09-01,1000,Cash – SNB Operating SAR,0.0,350479.57,INV-2023-0957,Payment
2023-09-01,2000,Accounts Payable,184146.15,0.0,INV-2023-1059,Payment
2023-09-01,1000,Cash – SNB Operating SAR,0.0,184146.15,INV-2023-1059,Payment
2023-09-01,2000,Accounts Payable,1056918.48,0.0,INV-2023-1105,Payment
2023-09-01,1000,Cash – SNB Operating SAR,0.0,1056918.48,INV-2023-1105,Payment
2023-09-01,6220,Professional Fees,55203.14,0.0,INV-2023-1143,
2023-09-01,2000,Accounts Payable,0.0,55203.14,INV-2023-1143,
2023-09-01,6100,Rent Expense,380000.0,0.0,RENT-2023-09,
2023-09-01,1000,Cash – SNB Operating SAR,0.0,380000.0,RENT-2023-09,
2023-09-02,1000,Cash – SNB Operating SAR,282968.53,0.0,AR-2023-0183,Collection
2023-09-02,1100,Accounts Receivable,0.0,282968.53,AR-2023-0183,Collection
2023-09-02,1100,Accounts Receivable,625774.03,0.0,AR-2023-0237,
2023-09-02,4000,Revenue – Modern Trade,0.0,625774.03,AR-2023-0237,
2023-09-02,1100,Accounts Receivable,168963.66,0.0,AR-2023-0250,
2023-09-02,4000,Revenue – Modern Trade,0.0,168963.66,AR-2023-0250,
2023-09-02,1100,Accounts Receivable,650697.7,0.0,AR-2023-0467,
2023-09-02,4010,Revenue – Hospitality,0.0,650697.7,AR-2023-0467,
2023-09-02,1000,Cash – SNB Operating SAR,130209.58,0.0,AR-2023-0638,Collection
2023-09-02,1100,Accounts Receivable,0.0,130209.58,AR-2023-0638,Collection
2023-09-02,1100,Accounts Receivable,406604.38,0.0,AR-2023-0680,
2023-09-02,4020,Revenue – Government,0.0,406604.38,AR-2023-0680,
2023-09-02,1000,Cash – SNB Operating SAR,195762.02,0.0,AR-2023-1015,Collection
2023-09-02,1100,Accounts Receivable,0.0,195762.02,AR-2023-1015,Collection
2023-09-02,1000,Cash – SNB Operating SAR,459353.47,0.0,AR-2023-1019,Collection
2023-09-02,1100,Accounts Receivable,0.0,459353.47,AR-2023-1019,Collection
2023-09-02,2000,Accounts Payable,84831.69,0.0,INV-2023-0241,Payment
2023-09-02,1000,Cash – SNB Operating SAR,0.0,84831.69,INV-2023-0241,Payment
2023-09-02,6300,Logistics – 3PL,191673.6,0.0,INV-2023-1041,Line-haul & distribution services
2023-09-02,2000,Accounts Payable,0.0,191673.6,INV-2023-1041,
2023-09-02,6100,Rent Expense,1200716.01,0.0,INV-2023-1106,Warehouse lease — Hail WH
2023-09-02,2000,Accounts Payable,0.0,1200716.01,INV-2023-1106,
2023-09-03,1000,Cash – SNB Operating SAR,1033708.65,0.0,AR-2023-0445,Collection
2023-09-03,1100,Accounts Receivable,0.0,1033708.65,AR-2023-0445,Collection
2023-09-03,1100,Accounts Receivable,315313.55,0.0,AR-2023-0470,
2023-09-03,4010,Revenue – Hospitality,0.0,315313.55,AR-2023-0470,
2023-09-03,1100,Accounts Receivable,309825.53,0.0,AR-2023-0676,
2023-09-03,4020,Revenue – Government,0.0,309825.53,AR-2023-0676,
2023-09-03,1100,Accounts Receivable,1012970.49,0.0,AR-2023-0677,
2023-09-03,4020,Revenue – Government,0.0,1012970.49,AR-2023-0677,
2023-09-03,1100,Accounts Receivable,383097.32,0.0,AR-2023-1089,
2023-09-03,4030,Revenue – Catering,0.0,383097.32,AR-2023-1089,
2023-09-03,1100,Accounts Receivable,668435.07,0.0,AR-2023-1096,
2023-09-03,4030,Revenue – Catering,0.0,668435.07,AR-2023-1096,
2023-09-03,1100,Accounts Receivable,1151340.34,0.0,AR-2023-1111,
2023-09-03,4030,Revenue – Catering,0.0,1151340.34,AR-2023-1111,
2023-09-03,6110,Utilities,404181.61,0.0,INV-2023-0041,Electricity & water — Riyadh North DC
2023-09-03,2000,Accounts Payable,0.0,404181.61,INV-2023-0041,
2023-09-03,2000,Accounts Payable,133541.61,0.0,INV-2023-0310,Payment
2023-09-03,1000,Cash – SNB Operating SAR,0.0,133541.61,INV-2023-0310,Payment
2023-09-03,5010,COGS – Beverages,105635.62,0.0,INV-2023-0331,
2023-09-03,2000,Accounts Payable,0.0,105635.62,INV-2023-0331,
2023-09-03,2000,Accounts Payable,107728.74,0.0,INV-2023-0626,Payment
2023-09-03,1000,Cash – SNB Operating SAR,0.0,107728.74,INV-2023-0626,Payment
2023-09-03,2000,Accounts Payable,72564.78,0.0,INV-2023-0786,Payment
2023-09-03,1000,Cash – SNB Operating SAR,0.0,72564.78,INV-2023-0786,Payment
2023-09-03,6300,Logistics – 3PL,176321.21,0.0,INV-2023-1002,Line-haul & distribution services
2023-09-03,2000,Accounts Payable,0.0,176321.21,INV-2023-1002,
2023-09-03,6300,Logistics – 3PL,136228.59,0.0,INV-2023-1029,Line-haul & distribution services
2023-09-03,2000,Accounts Payable,0.0,136228.59,INV-2023-1029,
2023-09-03,6300,Logistics – 3PL,123550.63,0.0,INV-2023-1063,Line-haul & distribution services
2023-09-03,2000,Accounts Payable,0.0,123550.63,INV-2023-1063,
2023-09-03,6100,Rent Expense,958953.09,0.0,INV-2023-1082,Warehouse lease — Riyadh North DC
2023-09-03,2000,Accounts Payable,0.0,958953.09,INV-2023-1082,
2023-09-03,2000,Accounts Payable,1253204.12,0.0,INV-2023-1093,Payment
2023-09-03,1000,Cash – SNB Operating SAR,0.0,1253204.12,INV-2023-1093,Payment
2023-09-03,6200,Marketing & Advertising,58433.36,0.0,INV-2023-1111,
2023-09-03,2000,Accounts Payable,0.0,58433.36,INV-2023-1111,
2023-09-03,2000,Accounts Payable,27711.83,0.0,INV-2023-1112,Payment
2023-09-03,1000,Cash – SNB Operating SAR,0.0,27711.83,INV-2023-1112,Payment
2023-09-03,5100,Freight Inwards,53272.28,0.0,INV-2023-1189,
2023-09-03,2000,Accounts Payable,0.0,53272.28,INV-2023-1189,
2023-09-04,1100,Accounts Receivable,1051544.14,0.0,AR-2023-0248,
2023-09-04,4000,Revenue – Modern Trade,0.0,1051544.14,AR-2023-0248,
2023-09-04,1000,Cash – SNB Operating SAR,440274.89,0.0,AR-2023-0437,Collection
2023-09-04,1100,Accounts Receivable,0.0,440274.89,AR-2023-0437,Collection
2023-09-04,1100,Accounts Receivable,145542.63,0.0,AR-2023-0458,
2023-09-04,4010,Revenue – Hospitality,0.0,145542.63,AR-2023-0458,
2023-09-04,1000,Cash – SNB Operating SAR,780995.57,0.0,AR-2023-0650,Collection
2023-09-04,1100,Accounts Receivable,0.0,780995.57,AR-2023-0650,Collection
2023-09-04,1000,Cash – SNB Operating SAR,283805.28,0.0,AR-2023-1000,Collection
2023-09-04,1100,Accounts Receivable,0.0,283805.28,AR-2023-1000,Collection
2023-09-04,1000,Cash – SNB Operating SAR,844374.15,0.0,AR-2023-1040,Collection
2023-09-04,1100,Accounts Receivable,0.0,844374.15,AR-2023-1040,Collection
2023-09-04,1100,Accounts Receivable,474052.27,0.0,AR-2023-1094,
2023-09-04,4030,Revenue – Catering,0.0,474052.27,AR-2023-1094,
2023-09-04,6110,Utilities,461402.58,0.0,INV-2023-0044,Electricity & water — Hail WH
2023-09-04,2000,Accounts Payable,0.0,461402.58,INV-2023-0044,
2023-09-04,2000,Accounts Payable,81877.52,0.0,INV-2023-0261,Payment
2023-09-04,1000,Cash – SNB Operating SAR,0.0,81877.52,INV-2023-0261,Payment
2023-09-04,2000,Accounts Payable,117369.52,0.0,INV-2023-0544,Payment
2023-09-04,1000,Cash – SNB Operating SAR,0.0,117369.52,INV-2023-0544,Payment
2023-09-04,2000,Accounts Payable,162676.52,0.0,INV-2023-0568,Payment
2023-09-04,1000,Cash – SNB Operating SAR,0.0,162676.52,INV-2023-0568,Payment
2023-09-04,5020,COGS – Household,106098.42,0.0,INV-2023-0743,Antibiotics + analgesics — bulk SKUs
2023-09-04,2000,Accounts Payable,0.0,106098.42,INV-2023-0743,
2023-09-05,1100,Accounts Receivable,31030.6,0.0,AR-2023-0235,
2023-09-05,4000,Revenue – Modern Trade,0.0,31030.6,AR-2023-0235,
2023-09-05,1100,Accounts Receivable,430954.45,0.0,AR-2023-0251,
2023-09-05,4000,Revenue – Modern Trade,0.0,430954.45,AR-2023-0251,
2023-09-05,1000,Cash – SNB Operating SAR,416556.88,0.0,AR-2023-0424,Collection
2023-09-05,1100,Accounts Receivable,0.0,416556.88,AR-2023-0424,Collection
2023-09-05,1100,Accounts Receivable,374614.17,0.0,AR-2023-0469,
2023-09-05,4010,Revenue – Hospitality,0.0,374614.17,AR-2023-0469,
2023-09-05,1000,Cash – SNB Operating SAR,207709.49,0.0,AR-2023-0643,Collection
2023-09-05,1100,Accounts Receivable,0.0,207709.49,AR-2023-0643,Collection
2023-09-05,1000,Cash – SNB Operating SAR,276202.32,0.0,AR-2023-1010,Collection
2023-09-05,1100,Accounts Receivable,0.0,276202.32,AR-2023-1010,Collection
2023-09-05,1100,Accounts Receivable,1151340.34,0.0,AR-2023-1090,
2023-09-05,4030,Revenue – Catering,0.0,1151340.34,AR-2023-1090,
2023-09-05,2000,Accounts Payable,177298.37,0.0,INV-2023-0139,Payment
2023-09-05,1000,Cash – SNB Operating SAR,0.0,177298.37,INV-2023-0139,Payment
2023-09-05,2000,Accounts Payable,142092.73,0.0,INV-2023-0193,Payment
2023-09-05,1000,Cash – SNB Operating SAR,0.0,142092.73,INV-2023-0193,Payment
2023-09-05,2000,Accounts Payable,115390.38,0.0,INV-2023-0256,Payment
2023-09-05,1000,Cash – SNB Operating SAR,0.0,115390.38,INV-2023-0256,Payment
2023-09-05,2000,Accounts Payable,81973.98,0.0,INV-2023-0633,Payment
2023-09-05,1000,Cash – SNB Operating SAR,0.0,81973.98,INV-2023-0633,Payment
2023-09-05,5030,COGS – Cosmetics,99043.07,0.0,INV-2023-0837,OTC & consumer health replenishment
2023-09-05,2000,Accounts Payable,0.0,99043.07,INV-2023-0837,
2023-09-05,6100,Rent Expense,1170799.19,0.0,INV-2023-1094,Warehouse lease — Qassim WH
2023-09-05,2000,Accounts Payable,0.0,1170799.19,INV-2023-1094,
2023-09-06,1000,Cash – SNB Operating SAR,597855.76,0.0,AR-2023-0189,Collection
2023-09-06,1100,Accounts Receivable,0.0,597855.76,AR-2023-0189,Collection
2023-09-06,1000,Cash – SNB Operating SAR,140829.74,0.0,AR-2023-0217,Collection
2023-09-06,1100,Accounts Receivable,0.0,140829.74,AR-2023-0217,Collection
2023-09-06,1000,Cash – SNB Operating SAR,282743.6,0.0,AR-2023-1069,Collection
2023-09-06,1100,Accounts Receivable,0.0,282743.6,AR-2023-1069,Collection
2023-09-06,1100,Accounts Receivable,89129.17,0.0,AR-2023-1098,
2023-09-06,4030,Revenue – Catering,0.0,89129.17,AR-2023-1098,
2023-09-06,1100,Accounts Receivable,220666.2,0.0,AR-2023-1103,
2023-09-06,4030,Revenue – Catering,0.0,220666.2,AR-2023-1103,
2023-09-06,1100,Accounts Receivable,447331.41,0.0,AR-2023-1106,
2023-09-06,4030,Revenue – Catering,0.0,447331.41,AR-2023-1106,
2023-09-06,6110,Utilities,442389.05,0.0,INV-2023-0045,Electricity & water — HQ Riyadh Olaya
2023-09-06,2000,Accounts Payable,0.0,442389.05,INV-2023-0045,
2023-09-06,5000,COGS – Food,175177.81,0.0,INV-2023-0131,Bulk SKUs — monthly replenishment
2023-09-06,2000,Accounts Payable,0.0,175177.81,INV-2023-0131,
2023-09-06,2000,Accounts Payable,162340.66,0.0,INV-2023-0299,Payment
2023-09-06,1000,Cash – SNB Operating SAR,0.0,162340.66,INV-2023-0299,Payment
2023-09-06,2000,Accounts Payable,175554.74,0.0,INV-2023-0465,Payment
2023-09-06,1000,Cash – SNB Operating SAR,0.0,175554.74,INV-2023-0465,Payment
2023-09-06,5010,COGS – Beverages,157274.45,0.0,INV-2023-0513,
2023-09-06,2000,Accounts Payable,0.0,157274.45,INV-2023-0513,
2023-09-06,2000,Accounts Payable,105019.76,0.0,INV-2023-0549,Payment
2023-09-06,1000,Cash – SNB Operating SAR,0.0,105019.76,INV-2023-0549,Payment
2023-09-06,2000,Accounts Payable,124432.13,0.0,INV-2023-0803,Payment
2023-09-06,1000,Cash – SNB Operating SAR,0.0,124432.13,INV-2023-0803,Payment
2023-09-07,1000,Cash – SNB Operating SAR,150544.74,0.0,AR-2023-0175,Collection
2023-09-07,1100,Accounts Receivable,0.0,150544.74,AR-2023-0175,Collection
2023-09-07,1000,Cash – SNB Operating SAR,548793.86,0.0,AR-2023-0198,Collection
2023-09-07,1100,Accounts Receivable,0.0,548793.86,AR-2023-0198,Collection
2023-09-07,1100,Accounts Receivable,409026.36,0.0,AR-2023-0239,
2023-09-07,4000,Revenue – Modern Trade,0.0,409026.36,AR-2023-0239,
2023-09-07,1000,Cash – SNB Operating SAR,973006.39,0.0,AR-2023-0642,Collection
2023-09-07,1100,Accounts Receivable,0.0,973006.39,AR-2023-0642,Collection
2023-09-07,1000,Cash – SNB Operating SAR,1079674.65,0.0,AR-2023-1031,Collection
2023-09-07,1100,Accounts Receivable,0.0,1079674.65,AR-2023-1031,Collection
2023-09-07,6110,Utilities,375510.66,0.0,INV-2023-0042,Electricity & water — Riyadh South DC
2023-09-07,2000,Accounts Payable,0.0,375510.66,INV-2023-0042,
2023-09-07,5000,COGS – Food,79406.1,0.0,INV-2023-0077,
2023-09-07,2000,Accounts Payable,0.0,79406.1,INV-2023-0077,
2023-09-07,5010,COGS – Beverages,67053.75,0.0,INV-2023-0381,Antibiotics + analgesics — bulk SKUs
2023-09-07,2000,Accounts Payable,0.0,67053.75,INV-2023-0381,
2023-09-07,2000,Accounts Payable,159997.63,0.0,INV-2023-0509,Payment
2023-09-07,1000,Cash – SNB Operating SAR,0.0,159997.63,INV-2023-0509,Payment
2023-09-07,6200,Marketing & Advertising,36849.94,0.0,INV-2023-1120,
2023-09-07,2000,Accounts Payable,0.0,36849.94,INV-2023-1120,
2023-09-08,1100,Accounts Receivable,144782.68,0.0,AR-2023-0236,
2023-09-08,4000,Revenue – Modern Trade,0.0,144782.68,AR-2023-0236,
2023-09-08,1100,Accounts Receivable,334459.99,0.0,AR-2023-0241,
2023-09-08,4000,Revenue – Modern Trade,0.0,334459.99,AR-2023-0241,
2023-09-08,1100,Accounts Receivable,677725.49,0.0,AR-2023-0468,
2023-09-08,4010,Revenue – Hospitality,0.0,677725.49,AR-2023-0468,
2023-09-08,1000,Cash – SNB Operating SAR,1026899.95,0.0,AR-2023-1084,Collection
2023-09-08,1100,Accounts Receivable,0.0,1026899.95,AR-2023-1084,Collection
2023-09-08,1100,Accounts Receivable,969169.47,0.0,AR-2023-1086,
2023-09-08,4030,Revenue – Catering,0.0,969169.47,AR-2023-1086,
2023-09-08,1100,Accounts Receivable,111436.27,0.0,AR-2023-1114,
2023-09-08,4030,Revenue – Catering,0.0,111436.27,AR-2023-1114,
2023-09-08,1100,Accounts Receivable,1151340.34,0.0,AR-2023-1119,
2023-09-08,4030,Revenue – Catering,0.0,1151340.34,AR-2023-1119,
2023-09-08,2000,Accounts Payable,79401.71,0.0,INV-2023-0136,Payment
2023-09-08,1000,Cash – SNB Operating SAR,0.0,79401.71,INV-2023-0136,Payment
2023-09-08,2000,Accounts Payable,106889.65,0.0,INV-2023-0205,Payment
2023-09-08,1000,Cash – SNB Operating SAR,0.0,106889.65,INV-2023-0205,Payment
2023-09-08,5020,COGS – Household,140734.89,0.0,INV-2023-0590,Bulk SKUs — monthly replenishment
2023-09-08,2000,Accounts Payable,0.0,140734.89,INV-2023-0590,
2023-09-08,2000,Accounts Payable,78158.14,0.0,INV-2023-1150,Payment
2023-09-08,1000,Cash – SNB Operating SAR,0.0,78158.14,INV-2023-1150,Payment
2023-09-09,1100,Accounts Receivable,376741.73,0.0,AR-2023-0244,
2023-09-09,4000,Revenue – Modern Trade,0.0,376741.73,AR-2023-0244,
2023-09-09,1100,Accounts Receivable,754296.61,0.0,AR-2023-0247,
2023-09-09,4000,Revenue – Modern Trade,0.0,754296.61,AR-2023-0247,
2023-09-09,1100,Accounts Receivable,725520.48,0.0,AR-2023-0265,
2023-09-09,4000,Revenue – Modern Trade,0.0,725520.48,AR-2023-0265,
2023-09-09,1100,Accounts Receivable,1049513.55,0.0,AR-2023-0457,
2023-09-09,4010,Revenue – Hospitality,0.0,1049513.55,AR-2023-0457,
2023-09-09,1000,Cash – SNB Operating SAR,145589.87,0.0,AR-2023-1041,Collection
2023-09-09,1100,Accounts Receivable,0.0,145589.87,AR-2023-1041,Collection
2023-09-09,1000,Cash – SNB Operating SAR,552131.9,0.0,AR-2023-1062,Collection
2023-09-09,1100,Accounts Receivable,0.0,552131.9,AR-2023-1062,Collection
2023-09-09,1100,Accounts Receivable,379649.31,0.0,AR-2023-1104,
2023-09-09,4030,Revenue – Catering,0.0,379649.31,AR-2023-1104,
2023-09-09,6110,Utilities,457615.82,0.0,INV-2023-0043,Electricity & water — Qassim WH
2023-09-09,2000,Accounts Payable,0.0,457615.82,INV-2023-0043,
2023-09-09,2000,Accounts Payable,171389.13,0.0,INV-2023-0156,Payment
2023-09-09,1000,Cash – SNB Operating SAR,0.0,171389.13,INV-2023-0156,Payment
2023-09-09,5000,COGS – Food,128776.32,0.0,INV-2023-0238,OTC & consumer health replenishment
2023-09-09,2000,Accounts Payable,0.0,128776.32,INV-2023-0238,
2023-09-09,2000,Accounts Payable,124687.02,0.0,INV-2023-0281,Payment
2023-09-09,1000,Cash – SNB Operating SAR,0.0,124687.02,INV-2023-0281,Payment
2023-09-09,2000,Accounts Payable,159001.85,0.0,INV-2023-0298,Payment
2023-09-09,1000,Cash – SNB Operating SAR,0.0,159001.85,INV-2023-0298,Payment
2023-09-09,2000,Accounts Payable,83523.29,0.0,INV-2023-0736,Payment
2023-09-09,1000,Cash – SNB Operating SAR,0.0,83523.29,INV-2023-0736,Payment
2023-09-10,1000,Cash – SNB Operating SAR,344167.2,0.0,AR-2023-0202,Collection
2023-09-10,1100,Accounts Receivable,0.0,344167.2,AR-2023-0202,Collection
2023-09-10,1100,Accounts Receivable,544127.86,0.0,AR-2023-0243,
2023-09-10,4000,Revenue – Modern Trade,0.0,544127.86,AR-2023-0243,
2023-09-10,1100,Accounts Receivable,271203.65,0.0,AR-2023-0246,
2023-09-10,4000,Revenue – Modern Trade,0.0,271203.65,AR-2023-0246,
2023-09-10,1100,Accounts Receivable,570903.7,0.0,AR-2023-0678,
2023-09-10,4020,Revenue – Government,0.0,570903.7,AR-2023-0678,
2023-09-10,1100,Accounts Receivable,268038.09,0.0,AR-2023-0693,
2023-09-10,4020,Revenue – Government,0.0,268038.09,AR-2023-0693,
2023-09-10,1000,Cash – SNB Operating SAR,290294.85,0.0,AR-2023-1006,Collection
2023-09-10,1100,Accounts Receivable,0.0,290294.85,AR-2023-1006,Collection
2023-09-10,2000,Accounts Payable,149669.54,0.0,INV-2023-0210,Payment
2023-09-10,1000,Cash – SNB Operating SAR,0.0,149669.54,INV-2023-0210,Payment
2023-09-10,2000,Accounts Payable,139078.43,0.0,INV-2023-0333,Payment
2023-09-10,1000,Cash – SNB Operating SAR,0.0,139078.43,INV-2023-0333,Payment
2023-09-10,2000,Accounts Payable,91684.71,0.0,INV-2023-0413,Payment
2023-09-10,1000,Cash – SNB Operating SAR,0.0,91684.71,INV-2023-0413,Payment
2023-09-10,2000,Accounts Payable,71909.56,0.0,INV-2023-0491,Payment
2023-09-10,1000,Cash – SNB Operating SAR,0.0,71909.56,INV-2023-0491,Payment
2023-09-10,2000,Accounts Payable,168880.52,0.0,INV-2023-0498,Payment
2023-09-10,1000,Cash – SNB Operating SAR,0.0,168880.52,INV-2023-0498,Payment
2023-09-10,6300,Logistics – 3PL,234418.97,0.0,INV-2023-0943,Line-haul & distribution services
2023-09-10,2000,Accounts Payable,0.0,234418.97,INV-2023-0943,
2023-09-11,1000,Cash – SNB Operating SAR,583684.15,0.0,AR-2023-0186,Collection
2023-09-11,1100,Accounts Receivable,0.0,583684.15,AR-2023-0186,Collection
2023-09-11,1100,Accounts Receivable,66668.37,0.0,AR-2023-0260,
2023-09-11,4000,Revenue – Modern Trade,0.0,66668.37,AR-2023-0260,
2023-09-11,1100,Accounts Receivable,299132.64,0.0,AR-2023-0263,
2023-09-11,4000,Revenue – Modern Trade,0.0,299132.64,AR-2023-0263,
2023-09-11,1000,Cash – SNB Operating SAR,662015.2,0.0,AR-2023-0639,Collection
2023-09-11,1100,Accounts Receivable,0.0,662015.2,AR-2023-0639,Collection
2023-09-11,1000,Cash – SNB Operating SAR,196478.98,0.0,AR-2023-0648,Collection
2023-09-11,1100,Accounts Receivable,0.0,196478.98,AR-2023-0648,Collection
2023-09-11,1000,Cash – SNB Operating SAR,713213.51,0.0,AR-2023-0662,Collection
2023-09-11,1100,Accounts Receivable,0.0,713213.51,AR-2023-0662,Collection
2023-09-11,5000,COGS – Food,139564.05,0.0,INV-2023-0188,
2023-09-11,2000,Accounts Payable,0.0,139564.05,INV-2023-0188,
2023-09-11,2000,Accounts Payable,131708.31,0.0,INV-2023-0301,Payment
2023-09-11,1000,Cash – SNB Operating SAR,0.0,131708.31,INV-2023-0301,Payment
2023-09-11,2000,Accounts Payable,169673.43,0.0,INV-2023-0346,Payment
2023-09-11,1000,Cash – SNB Operating SAR,0.0,169673.43,INV-2023-0346,Payment
2023-09-11,2000,Accounts Payable,68403.58,0.0,INV-2023-0468,Payment
2023-09-11,1000,Cash – SNB Operating SAR,0.0,68403.58,INV-2023-0468,Payment
2023-09-11,5020,COGS – Household,133764.03,0.0,INV-2023-0556,Bulk SKUs — monthly replenishment
2023-09-11,2000,Accounts Payable,0.0,133764.03,INV-2023-0556,
2023-09-11,2000,Accounts Payable,152905.54,0.0,INV-2023-0562,Payment
2023-09-11,1000,Cash – SNB Operating SAR,0.0,152905.54,INV-2023-0562,Payment
2023-09-11,2000,Accounts Payable,140752.15,0.0,INV-2023-0647,Payment
2023-09-11,1000,Cash – SNB Operating SAR,0.0,140752.15,INV-2023-0647,Payment
2023-09-11,2000,Accounts Payable,166540.92,0.0,INV-2023-0680,Payment
2023-09-11,1000,Cash – SNB Operating SAR,0.0,166540.92,INV-2023-0680,Payment
2023-09-11,2000,Accounts Payable,68751.38,0.0,INV-2023-0848,Payment
2023-09-11,1000,Cash – SNB Operating SAR,0.0,68751.38,INV-2023-0848,Payment
2023-09-11,5020,COGS – Household,201894.0,0.0,INV-2023-1200,"Blister & carton packaging PKG-1101 — 26,220 units @ SAR 7.70 (CT-2023-466)"
2023-09-11,2000,Accounts Payable,0.0,201894.0,INV-2023-1200,
2023-09-12,1000,Cash – SNB Operating SAR,466386.22,0.0,AR-2023-0222,Collection
2023-09-12,1100,Accounts Receivable,0.0,466386.22,AR-2023-0222,Collection
2023-09-12,1100,Accounts Receivable,270957.0,0.0,AR-2023-0249,
2023-09-12,4000,Revenue – Modern Trade,0.0,270957.0,AR-2023-0249,
2023-09-12,1100,Accounts Receivable,899571.7,0.0,AR-2023-0690,
2023-09-12,4020,Revenue – Government,0.0,899571.7,AR-2023-0690,
2023-09-12,2000,Accounts Payable,129194.26,0.0,INV-2023-0306,Payment
2023-09-12,1000,Cash – SNB Operating SAR,0.0,129194.26,INV-2023-0306,Payment
2023-09-12,2000,Accounts Payable,105053.54,0.0,INV-2023-0404,Payment
2023-09-12,1000,Cash – SNB Operating SAR,0.0,105053.54,INV-2023-0404,Payment
2023-09-12,5020,COGS – Household,66932.94,0.0,INV-2023-0676,Antibiotics + analgesics — bulk SKUs
2023-09-12,2000,Accounts Payable,0.0,66932.94,INV-2023-0676,
2023-09-12,5030,COGS – Cosmetics,147120.72,0.0,INV-2023-0813,
2023-09-12,2000,Accounts Payable,0.0,147120.72,INV-2023-0813,
2023-09-12,6300,Logistics – 3PL,227573.65,0.0,INV-2023-1023,Line-haul & distribution services
2023-09-12,2000,Accounts Payable,0.0,227573.65,INV-2023-1023,
2023-09-13,1000,Cash – SNB Operating SAR,593017.17,0.0,AR-2023-0209,Collection
2023-09-13,1100,Accounts Receivable,0.0,593017.17,AR-2023-0209,Collection
2023-09-13,1000,Cash – SNB Operating SAR,76688.89,0.0,AR-2023-0210,Collection
2023-09-13,1100,Accounts Receivable,0.0,76688.89,AR-2023-0210,Collection
2023-09-13,1000,Cash – SNB Operating SAR,118729.21,0.0,AR-2023-0224,Collection
2023-09-13,1100,Accounts Receivable,0.0,118729.21,AR-2023-0224,Collection
2023-09-13,1100,Accounts Receivable,887492.0,0.0,AR-2023-0245,
2023-09-13,4000,Revenue – Modern Trade,0.0,887492.0,AR-2023-0245,
2023-09-13,1000,Cash – SNB Operating SAR,558258.17,0.0,AR-2023-0645,Collection
2023-09-13,1100,Accounts Receivable,0.0,558258.17,AR-2023-0645,Collection
2023-09-13,1000,Cash – SNB Operating SAR,366156.48,0.0,AR-2023-0658,Collection
2023-09-13,1100,Accounts Receivable,0.0,366156.48,AR-2023-0658,Collection
2023-09-13,1000,Cash – SNB Operating SAR,921539.47,0.0,AR-2023-1075,Collection
2023-09-13,1100,Accounts Receivable,0.0,921539.47,AR-2023-1075,Collection
2023-09-13,1100,Accounts Receivable,201376.05,0.0,AR-2023-1107,
2023-09-13,4030,Revenue – Catering,0.0,201376.05,AR-2023-1107,
2023-09-13,5000,COGS – Food,161953.04,0.0,INV-2023-0095,Bulk SKUs — monthly replenishment
2023-09-13,2000,Accounts Payable,0.0,161953.04,INV-2023-0095,
2023-09-13,5000,COGS – Food,73179.08,0.0,INV-2023-0119,
2023-09-13,2000,Accounts Payable,0.0,73179.08,INV-2023-0119,
2023-09-13,5010,COGS – Beverages,169447.31,0.0,INV-2023-0497,Bulk SKUs — monthly replenishment
2023-09-13,2000,Accounts Payable,0.0,169447.31,INV-2023-0497,
2023-09-13,5030,COGS – Cosmetics,167002.38,0.0,INV-2023-0925,Antibiotics + analgesics — bulk SKUs
2023-09-13,2000,Accounts Payable,0.0,167002.38,INV-2023-0925,
2023-09-13,2000,Accounts Payable,149554.8,0.0,INV-2023-0967,Payment
2023-09-13,1000,Cash – SNB Operating SAR,0.0,149554.8,INV-2023-0967,Payment
2023-09-13,6220,Professional Fees,47132.75,0.0,INV-2023-1155,
2023-09-13,2000,Accounts Payable,0.0,47132.75,INV-2023-1155,
2023-09-14,1000,Cash – SNB Operating SAR,57263.21,0.0,AR-2023-0213,Collection
2023-09-14,1100,Accounts Receivable,0.0,57263.21,AR-2023-0213,Collection
2023-09-14,1100,Accounts Receivable,160717.9,0.0,AR-2023-0460,
2023-09-14,4010,Revenue – Hospitality,0.0,160717.9,AR-2023-0460,
2023-09-14,1100,Accounts Receivable,186232.28,0.0,AR-2023-0688,
2023-09-14,4020,Revenue – Government,0.0,186232.28,AR-2023-0688,
2023-09-14,1100,Accounts Receivable,1151340.34,0.0,AR-2023-1099,
2023-09-14,4030,Revenue – Catering,0.0,1151340.34,AR-2023-1099,
2023-09-14,5000,COGS – Food,107835.71,0.0,INV-2023-0257,
2023-09-14,2000,Accounts Payable,0.0,107835.71,INV-2023-0257,
2023-09-14,2000,Accounts Payable,101088.23,0.0,INV-2023-0673,Payment
2023-09-14,1000,Cash – SNB Operating SAR,0.0,101088.23,INV-2023-0673,Payment
2023-09-14,2000,Accounts Payable,67749.92,0.0,INV-2023-0762,Payment
2023-09-14,1000,Cash – SNB Operating SAR,0.0,67749.92,INV-2023-0762,Payment
2023-09-14,6300,Logistics – 3PL,172653.71,0.0,INV-2023-0942,Line-haul & distribution services
2023-09-14,2000,Accounts Payable,0.0,172653.71,INV-2023-0942,
2023-09-14,2000,Accounts Payable,203072.1,0.0,INV-2023-1199,Payment
2023-09-14,1000,Cash – SNB Operating SAR,0.0,203072.1,INV-2023-1199,Payment
2023-09-15,1000,Cash – SNB Operating SAR,420530.17,0.0,AR-2023-0177,Collection
2023-09-15,1100,Accounts Receivable,0.0,420530.17,AR-2023-0177,Collection
2023-09-15,1000,Cash – SNB Operating SAR,913298.79,0.0,AR-2023-0203,Collection
2023-09-15,1100,Accounts Receivable,0.0,913298.79,AR-2023-0203,Collection
2023-09-15,1000,Cash – SNB Operating SAR,727928.92,0.0,AR-2023-0452,Collection
2023-09-15,1100,Accounts Receivable,0.0,727928.92,AR-2023-0452,Collection
2023-09-15,1000,Cash – SNB Operating SAR,454265.55,0.0,AR-2023-0635,Collection
2023-09-15,1100,Accounts Receivable,0.0,454265.55,AR-2023-0635,Collection
2023-09-15,1000,Cash – SNB Operating SAR,605778.26,0.0,AR-2023-1061,Collection
2023-09-15,1100,Accounts Receivable,0.0,605778.26,AR-2023-1061,Collection
2023-09-15,1100,Accounts Receivable,250207.4,0.0,AR-2023-1101,
2023-09-15,4030,Revenue – Catering,0.0,250207.4,AR-2023-1101,
2023-09-15,5000,COGS – Food,60773.23,0.0,INV-2023-0168,
2023-09-15,2000,Accounts Payable,0.0,60773.23,INV-2023-0168,
2023-09-15,2000,Accounts Payable,77641.81,0.0,INV-2023-0226,Payment
2023-09-15,1000,Cash – SNB Operating SAR,0.0,77641.81,INV-2023-0226,Payment
2023-09-15,2000,Accounts Payable,131917.79,0.0,INV-2023-0338,Payment
2023-09-15,1000,Cash – SNB Operating SAR,0.0,131917.79,INV-2023-0338,Payment
2023-09-15,2000,Accounts Payable,90473.17,0.0,INV-2023-0394,Payment
2023-09-15,1000,Cash – SNB Operating SAR,0.0,90473.17,INV-2023-0394,Payment
2023-09-15,2000,Accounts Payable,62874.92,0.0,INV-2023-0482,Payment
2023-09-15,1000,Cash – SNB Operating SAR,0.0,62874.92,INV-2023-0482,Payment
2023-09-15,2000,Accounts Payable,156182.13,0.0,INV-2023-0690,Payment
2023-09-15,1000,Cash – SNB Operating SAR,0.0,156182.13,INV-2023-0690,Payment
2023-09-15,6300,Logistics – 3PL,131112.52,0.0,INV-2023-1032,Line-haul & distribution services
2023-09-15,2000,Accounts Payable,0.0,131112.52,INV-2023-1032,
2023-09-15,2000,Accounts Payable,151997.36,0.0,INV-2023-1053,Payment
2023-09-15,1000,Cash – SNB Operating SAR,0.0,151997.36,INV-2023-1053,Payment
2023-09-16,1100,Accounts Receivable,284098.67,0.0,AR-2023-0240,
2023-09-16,4000,Revenue – Modern Trade,0.0,284098.67,AR-2023-0240,
2023-09-16,1100,Accounts Receivable,429978.21,0.0,AR-2023-0242,
2023-09-16,4000,Revenue – Modern Trade,0.0,429978.21,AR-2023-0242,
2023-09-16,1100,Accounts Receivable,153539.74,0.0,AR-2023-0256,
2023-09-16,4000,Revenue – Modern Trade,0.0,153539.74,AR-2023-0256,
2023-09-16,1000,Cash – SNB Operating SAR,994580.04,0.0,AR-2023-0447,Collection
2023-09-16,1100,Accounts Receivable,0.0,994580.04,AR-2023-0447,Collection
2023-09-16,1100,Accounts Receivable,215267.65,0.0,AR-2023-0463,
2023-09-16,4010,Revenue – Hospitality,0.0,215267.65,AR-2023-0463,
2023-09-16,1100,Accounts Receivable,189172.08,0.0,AR-2023-0464,
2023-09-16,4010,Revenue – Hospitality,0.0,189172.08,AR-2023-0464,
2023-09-16,1000,Cash – SNB Operating SAR,1002319.99,0.0,AR-2023-0673,Collection
2023-09-16,1100,Accounts Receivable,0.0,1002319.99,AR-2023-0673,Collection
2023-09-16,1100,Accounts Receivable,572271.57,0.0,AR-2023-0692,
2023-09-16,4020,Revenue – Government,0.0,572271.57,AR-2023-0692,
2023-09-16,1100,Accounts Receivable,259593.32,0.0,AR-2023-1116,
2023-09-16,4030,Revenue – Catering,0.0,259593.32,AR-2023-1116,
2023-09-16,1100,Accounts Receivable,130304.84,0.0,AR-2023-1118,
2023-09-16,4030,Revenue – Catering,0.0,130304.84,AR-2023-1118,
2023-09-16,1100,Accounts Receivable,192484.84,0.0,AR-2023-1124,
2023-09-16,4030,Revenue – Catering,0.0,192484.84,AR-2023-1124,
2023-09-16,2000,Accounts Payable,105089.74,0.0,INV-2023-0382,Payment
2023-09-16,1000,Cash – SNB Operating SAR,0.0,105089.74,INV-2023-0382,Payment
2023-09-16,5010,COGS – Beverages,90837.47,0.0,INV-2023-0535,OTC & consumer health replenishment
2023-09-16,2000,Accounts Payable,0.0,90837.47,INV-2023-0535,
2023-09-16,5020,COGS – Household,104545.4,0.0,INV-2023-0620,Bulk SKUs — monthly replenishment
2023-09-16,2000,Accounts Payable,0.0,104545.4,INV-2023-0620,
2023-09-16,5030,COGS – Cosmetics,108778.69,0.0,INV-2023-0781,Antibiotics + analgesics — bulk SKUs
2023-09-16,2000,Accounts Payable,0.0,108778.69,INV-2023-0781,
2023-09-16,5030,COGS – Cosmetics,126620.08,0.0,INV-2023-0866,OTC & consumer health replenishment
2023-09-16,2000,Accounts Payable,0.0,126620.08,INV-2023-0866,
2023-09-16,2000,Accounts Payable,215651.82,0.0,INV-2023-0953,Payment
2023-09-16,1000,Cash – SNB Operating SAR,0.0,215651.82,INV-2023-0953,Payment
2023-09-16,6220,Professional Fees,83618.84,0.0,INV-2023-1174,
2023-09-16,2000,Accounts Payable,0.0,83618.84,INV-2023-1174,
2023-09-17,1000,Cash – SNB Operating SAR,571163.11,0.0,AR-2023-0196,Collection
2023-09-17,1100,Accounts Receivable,0.0,571163.11,AR-2023-0196,Collection
2023-09-17,1100,Accounts Receivable,488747.28,0.0,AR-2023-0262,
2023-09-17,4000,Revenue – Modern Trade,0.0,488747.28,AR-2023-0262,
2023-09-17,1100,Accounts Receivable,641116.68,0.0,AR-2023-0685,
2023-09-17,4020,Revenue – Government,0.0,641116.68,AR-2023-0685,
2023-09-17,1100,Accounts Receivable,254347.02,0.0,AR-2023-0689,
2023-09-17,4020,Revenue – Government,0.0,254347.02,AR-2023-0689,
2023-09-17,1100,Accounts Receivable,93213.65,0.0,AR-2023-1088,
2023-09-17,4030,Revenue – Catering,0.0,93213.65,AR-2023-1088,
2023-09-17,1100,Accounts Receivable,212867.88,0.0,AR-2023-1093,
2023-09-17,4030,Revenue – Catering,0.0,212867.88,AR-2023-1093,
2023-09-17,2000,Accounts Payable,88507.56,0.0,INV-2023-0286,Payment
2023-09-17,1000,Cash – SNB Operating SAR,0.0,88507.56,INV-2023-0286,Payment
2023-09-17,2000,Accounts Payable,176401.7,0.0,INV-2023-0446,Payment
2023-09-17,1000,Cash – SNB Operating SAR,0.0,176401.7,INV-2023-0446,Payment
2023-09-17,2000,Accounts Payable,374848.46,0.0,INV-2023-0980,Payment
2023-09-17,1000,Cash – SNB Operating SAR,0.0,374848.46,INV-2023-0980,Payment
2023-09-17,6220,Professional Fees,73282.2,0.0,INV-2023-1147,
2023-09-17,2000,Accounts Payable,0.0,73282.2,INV-2023-1147,
2023-09-18,1000,Cash – SNB Operating SAR,759876.25,0.0,AR-2023-0234,Collection
2023-09-18,1100,Accounts Receivable,0.0,759876.25,AR-2023-0234,Collection
2023-09-18,1000,Cash – SNB Operating SAR,359762.59,0.0,AR-2023-1039,Collection
2023-09-18,1100,Accounts Receivable,0.0,359762.59,AR-2023-1039,Collection
2023-09-18,1100,Accounts Receivable,402619.84,0.0,AR-2023-1105,
2023-09-18,4030,Revenue – Catering,0.0,402619.84,AR-2023-1105,
2023-09-18,1100,Accounts Receivable,420002.64,0.0,AR-2023-1115,
2023-09-18,4030,Revenue – Catering,0.0,420002.64,AR-2023-1115,
2023-09-18,5000,COGS – Food,174382.67,0.0,INV-2023-0240,OTC & consumer health replenishment
2023-09-18,2000,Accounts Payable,0.0,174382.67,INV-2023-0240,
2023-09-18,5000,COGS – Food,137075.43,0.0,INV-2023-0303,Antibiotics + analgesics — bulk SKUs
2023-09-18,2000,Accounts Payable,0.0,137075.43,INV-2023-0303,
2023-09-18,5010,COGS – Beverages,173193.39,0.0,INV-2023-0458,
2023-09-18,2000,Accounts Payable,0.0,173193.39,INV-2023-0458,
2023-09-18,5020,COGS – Household,163272.97,0.0,INV-2023-0591,OTC & consumer health replenishment
2023-09-18,2000,Accounts Payable,0.0,163272.97,INV-2023-0591,
2023-09-18,2000,Accounts Payable,103822.85,0.0,INV-2023-0748,Payment
2023-09-18,1000,Cash – SNB Operating SAR,0.0,103822.85,INV-2023-0748,Payment
2023-09-18,5020,COGS – Household,135085.82,0.0,INV-2023-0759,Bulk SKUs — monthly replenishment
2023-09-18,2000,Accounts Payable,0.0,135085.82,INV-2023-0759,
2023-09-18,6300,Logistics – 3PL,310287.38,0.0,INV-2023-0977,Line-haul & distribution services
2023-09-18,2000,Accounts Payable,0.0,310287.38,INV-2023-0977,
2023-09-19,1000,Cash – SNB Operating SAR,171920.23,0.0,AR-2023-0221,Collection
2023-09-19,1100,Accounts Receivable,0.0,171920.23,AR-2023-0221,Collection
2023-09-19,1100,Accounts Receivable,588639.49,0.0,AR-2023-0255,
2023-09-19,4000,Revenue – Modern Trade,0.0,588639.49,AR-2023-0255,
2023-09-19,1000,Cash – SNB Operating SAR,546587.42,0.0,AR-2023-1036,Collection
2023-09-19,1100,Accounts Receivable,0.0,546587.42,AR-2023-1036,Collection
2023-09-19,1100,Accounts Receivable,222175.16,0.0,AR-2023-1092,
2023-09-19,4030,Revenue – Catering,0.0,222175.16,AR-2023-1092,
2023-09-19,1100,Accounts Receivable,610706.05,0.0,AR-2023-1100,
2023-09-19,4030,Revenue – Catering,0.0,610706.05,AR-2023-1100,
2023-09-19,2000,Accounts Payable,79592.66,0.0,INV-2023-0216,Payment
2023-09-19,1000,Cash – SNB Operating SAR,0.0,79592.66,INV-2023-0216,Payment
2023-09-19,2000,Accounts Payable,131949.87,0.0,INV-2023-0270,Payment
2023-09-19,1000,Cash – SNB Operating SAR,0.0,131949.87,INV-2023-0270,Payment
2023-09-19,2000,Accounts Payable,96615.02,0.0,INV-2023-0417,Payment
2023-09-19,1000,Cash – SNB Operating SAR,0.0,96615.02,INV-2023-0417,Payment
2023-09-19,5010,COGS – Beverages,117964.89,0.0,INV-2023-0442,Bulk SKUs — monthly replenishment
2023-09-19,2000,Accounts Payable,0.0,117964.89,INV-2023-0442,
2023-09-19,2000,Accounts Payable,143602.52,0.0,INV-2023-0480,Payment
2023-09-19,1000,Cash – SNB Operating SAR,0.0,143602.52,INV-2023-0480,Payment
2023-09-19,2000,Accounts Payable,78263.46,0.0,INV-2023-0501,Payment
2023-09-19,1000,Cash – SNB Operating SAR,0.0,78263.46,INV-2023-0501,Payment
2023-09-19,5010,COGS – Beverages,132953.59,0.0,INV-2023-0534,Bulk SKUs — monthly replenishment
2023-09-19,2000,Accounts Payable,0.0,132953.59,INV-2023-0534,
2023-09-19,2000,Accounts Payable,117821.0,0.0,INV-2023-0625,Payment
2023-09-19,1000,Cash – SNB Operating SAR,0.0,117821.0,INV-2023-0625,Payment
2023-09-19,2000,Accounts Payable,292583.97,0.0,INV-2023-1007,Payment
2023-09-19,1000,Cash – SNB Operating SAR,0.0,292583.97,INV-2023-1007,Payment
2023-09-20,1000,Cash – SNB Operating SAR,358078.95,0.0,AR-2023-0197,Collection
2023-09-20,1100,Accounts Receivable,0.0,358078.95,AR-2023-0197,Collection
2023-09-20,1000,Cash – SNB Operating SAR,143913.66,0.0,AR-2023-0205,Collection
2023-09-20,1100,Accounts Receivable,0.0,143913.66,AR-2023-0205,Collection
2023-09-20,1000,Cash – SNB Operating SAR,626090.1,0.0,AR-2023-0232,Collection
2023-09-20,1100,Accounts Receivable,0.0,626090.1,AR-2023-0232,Collection
2023-09-20,1100,Accounts Receivable,571350.12,0.0,AR-2023-0252,
2023-09-20,4000,Revenue – Modern Trade,0.0,571350.12,AR-2023-0252,
2023-09-20,1100,Accounts Receivable,293680.67,0.0,AR-2023-0261,
2023-09-20,4000,Revenue – Modern Trade,0.0,293680.67,AR-2023-0261,
2023-09-20,1000,Cash – SNB Operating SAR,697146.74,0.0,AR-2023-1072,Collection
2023-09-20,1100,Accounts Receivable,0.0,697146.74,AR-2023-1072,Collection
2023-09-20,1100,Accounts Receivable,381271.19,0.0,AR-2023-1108,
2023-09-20,4030,Revenue – Catering,0.0,381271.19,AR-2023-1108,
2023-09-20,2000,Accounts Payable,139713.62,0.0,INV-2023-0223,Payment
2023-09-20,1000,Cash – SNB Operating SAR,0.0,139713.62,INV-2023-0223,Payment
2023-09-20,2000,Accounts Payable,114185.69,0.0,INV-2023-0343,Payment
2023-09-20,1000,Cash – SNB Operating SAR,0.0,114185.69,INV-2023-0343,Payment
2023-09-20,5020,COGS – Household,173571.75,0.0,INV-2023-0561,
2023-09-20,2000,Accounts Payable,0.0,173571.75,INV-2023-0561,
2023-09-20,5020,COGS – Household,175735.23,0.0,INV-2023-0617,Bulk SKUs — monthly replenishment
2023-09-20,2000,Accounts Payable,0.0,175735.23,INV-2023-0617,
2023-09-20,2000,Accounts Payable,173490.31,0.0,INV-2023-0860,Payment
2023-09-20,1000,Cash – SNB Operating SAR,0.0,173490.31,INV-2023-0860,Payment
2023-09-20,6300,Logistics – 3PL,98347.29,0.0,INV-2023-1027,Line-haul & distribution services
2023-09-20,2000,Accounts Payable,0.0,98347.29,INV-2023-1027,
2023-09-21,1000,Cash – SNB Operating SAR,68516.04,0.0,AR-2023-0192,Collection
2023-09-21,1100,Accounts Receivable,0.0,68516.04,AR-2023-0192,Collection
2023-09-21,1000,Cash – SNB Operating SAR,430439.83,0.0,AR-2023-0226,Collection
2023-09-21,1100,Accounts Receivable,0.0,430439.83,AR-2023-0226,Collection
2023-09-21,1100,Accounts Receivable,301544.37,0.0,AR-2023-0461,
2023-09-21,4010,Revenue – Hospitality,0.0,301544.37,AR-2023-0461,
2023-09-21,1100,Accounts Receivable,742624.94,0.0,AR-2023-0465,
2023-09-21,4010,Revenue – Hospitality,0.0,742624.94,AR-2023-0465,
2023-09-21,1100,Accounts Receivable,244319.12,0.0,AR-2023-0679,
2023-09-21,4020,Revenue – Government,0.0,244319.12,AR-2023-0679,
2023-09-21,1000,Cash – SNB Operating SAR,63759.89,0.0,AR-2023-1002,Collection
2023-09-21,1100,Accounts Receivable,0.0,63759.89,AR-2023-1002,Collection
2023-09-21,1000,Cash – SNB Operating SAR,354070.49,0.0,AR-2023-1032,Collection
2023-09-21,1100,Accounts Receivable,0.0,354070.49,AR-2023-1032,Collection
2023-09-21,1000,Cash – SNB Operating SAR,164294.51,0.0,AR-2023-1064,Collection
2023-09-21,1100,Accounts Receivable,0.0,164294.51,AR-2023-1064,Collection
2023-09-21,1000,Cash – SNB Operating SAR,848149.09,0.0,AR-2023-1067,Collection
2023-09-21,1100,Accounts Receivable,0.0,848149.09,AR-2023-1067,Collection
2023-09-21,1100,Accounts Receivable,387573.87,0.0,AR-2023-1121,
2023-09-21,4030,Revenue – Catering,0.0,387573.87,AR-2023-1121,
2023-09-21,5020,COGS – Household,67614.58,0.0,INV-2023-0714,OTC & consumer health replenishment
2023-09-21,2000,Accounts Payable,0.0,67614.58,INV-2023-0714,
2023-09-21,2000,Accounts Payable,60843.97,0.0,INV-2023-0755,Payment
2023-09-21,1000,Cash – SNB Operating SAR,0.0,60843.97,INV-2023-0755,Payment
2023-09-21,5030,COGS – Cosmetics,103222.67,0.0,INV-2023-0905,Bulk SKUs — monthly replenishment
2023-09-21,2000,Accounts Payable,0.0,103222.67,INV-2023-0905,
2023-09-21,6200,Marketing & Advertising,41118.64,0.0,INV-2023-1123,
2023-09-21,2000,Accounts Payable,0.0,41118.64,INV-2023-1123,
2023-09-22,1100,Accounts Receivable,475905.05,0.0,AR-2023-0259,
2023-09-22,4000,Revenue – Modern Trade,0.0,475905.05,AR-2023-0259,
2023-09-22,1000,Cash – SNB Operating SAR,113714.6,0.0,AR-2023-0634,Collection
2023-09-22,1100,Accounts Receivable,0.0,113714.6,AR-2023-0634,Collection
2023-09-22,1000,Cash – SNB Operating SAR,847867.6,0.0,AR-2023-0670,Collection
2023-09-22,1100,Accounts Receivable,0.0,847867.6,AR-2023-0670,Collection
2023-09-22,1000,Cash – SNB Operating SAR,1056538.78,0.0,AR-2023-1016,Collection
2023-09-22,1100,Accounts Receivable,0.0,1056538.78,AR-2023-1016,Collection
2023-09-22,1000,Cash – SNB Operating SAR,257917.46,0.0,AR-2023-1034,Collection
2023-09-22,1100,Accounts Receivable,0.0,257917.46,AR-2023-1034,Collection
2023-09-22,1000,Cash – SNB Operating SAR,632773.55,0.0,AR-2023-1049,Collection
2023-09-22,1100,Accounts Receivable,0.0,632773.55,AR-2023-1049,Collection
2023-09-22,2000,Accounts Payable,141848.39,0.0,INV-2023-0175,Payment
2023-09-22,1000,Cash – SNB Operating SAR,0.0,141848.39,INV-2023-0175,Payment
2023-09-22,5000,COGS – Food,69155.83,0.0,INV-2023-0192,OTC & consumer health replenishment
2023-09-22,2000,Accounts Payable,0.0,69155.83,INV-2023-0192,
2023-09-22,2000,Accounts Payable,122906.57,0.0,INV-2023-0224,Payment
2023-09-22,1000,Cash – SNB Operating SAR,0.0,122906.57,INV-2023-0224,Payment
2023-09-22,5010,COGS – Beverages,147187.75,0.0,INV-2023-0345,OTC & consumer health replenishment
2023-09-22,2000,Accounts Payable,0.0,147187.75,INV-2023-0345,
2023-09-22,5010,COGS – Beverages,173207.42,0.0,INV-2023-0531,
2023-09-22,2000,Accounts Payable,0.0,173207.42,INV-2023-0531,
2023-09-22,2000,Accounts Payable,80287.66,0.0,INV-2023-0914,Payment
2023-09-22,1000,Cash – SNB Operating SAR,0.0,80287.66,INV-2023-0914,Payment
2023-09-22,2000,Accounts Payable,40467.59,0.0,INV-2023-1168,Payment
2023-09-22,1000,Cash – SNB Operating SAR,0.0,40467.59,INV-2023-1168,Payment
2023-09-23,1000,Cash – SNB Operating SAR,67907.16,0.0,AR-2023-0664,Collection
2023-09-23,1100,Accounts Receivable,0.0,67907.16,AR-2023-0664,Collection
2023-09-23,1100,Accounts Receivable,249627.45,0.0,AR-2023-0683,
2023-09-23,4020,Revenue – Government,0.0,249627.45,AR-2023-0683,
2023-09-23,1100,Accounts Receivable,377402.74,0.0,AR-2023-0691,
2023-09-23,4020,Revenue – Government,0.0,377402.74,AR-2023-0691,
2023-09-23,1000,Cash – SNB Operating SAR,348325.41,0.0,AR-2023-1037,Collection
2023-09-23,1100,Accounts Receivable,0.0,348325.41,AR-2023-1037,Collection
2023-09-23,1000,Cash – SNB Operating SAR,899329.94,0.0,AR-2023-1043,Collection
2023-09-23,1100,Accounts Receivable,0.0,899329.94,AR-2023-1043,Collection
2023-09-23,1100,Accounts Receivable,823982.16,0.0,AR-2023-1110,
2023-09-23,4030,Revenue – Catering,0.0,823982.16,AR-2023-1110,
2023-09-23,2000,Accounts Payable,71558.27,0.0,INV-2023-0327,Payment
2023-09-23,1000,Cash – SNB Operating SAR,0.0,71558.27,INV-2023-0327,Payment
2023-09-23,5010,COGS – Beverages,78443.21,0.0,INV-2023-0517,OTC & consumer health replenishment
2023-09-23,2000,Accounts Payable,0.0,78443.21,INV-2023-0517,
2023-09-23,2000,Accounts Payable,119621.87,0.0,INV-2023-0972,Payment
2023-09-23,1000,Cash – SNB Operating SAR,0.0,119621.87,INV-2023-0972,Payment
2023-09-23,6300,Logistics – 3PL,354567.52,0.0,INV-2023-1020,Line-haul & distribution services
2023-09-23,2000,Accounts Payable,0.0,354567.52,INV-2023-1020,
2023-09-23,2000,Accounts Payable,60072.89,0.0,INV-2023-1210,Payment
2023-09-23,1000,Cash – SNB Operating SAR,0.0,60072.89,INV-2023-1210,Payment
2023-09-24,1000,Cash – SNB Operating SAR,363577.97,0.0,AR-2023-0187,Collection
2023-09-24,1100,Accounts Receivable,0.0,363577.97,AR-2023-0187,Collection
2023-09-24,1000,Cash – SNB Operating SAR,496024.22,0.0,AR-2023-0193,Collection
2023-09-24,1100,Accounts Receivable,0.0,496024.22,AR-2023-0193,Collection
2023-09-24,1100,Accounts Receivable,428508.52,0.0,AR-2023-0257,
2023-09-24,4000,Revenue – Modern Trade,0.0,428508.52,AR-2023-0257,
2023-09-24,1100,Accounts Receivable,1051544.14,0.0,AR-2023-0258,
2023-09-24,4000,Revenue – Modern Trade,0.0,1051544.14,AR-2023-0258,
2023-09-24,1000,Cash – SNB Operating SAR,968818.01,0.0,AR-2023-0454,Collection
2023-09-24,1100,Accounts Receivable,0.0,968818.01,AR-2023-0454,Collection
2023-09-24,1100,Accounts Receivable,785587.99,0.0,AR-2023-0684,
2023-09-24,4020,Revenue – Government,0.0,785587.99,AR-2023-0684,
2023-09-24,1000,Cash – SNB Operating SAR,373271.2,0.0,AR-2023-1009,Collection
2023-09-24,1100,Accounts Receivable,0.0,373271.2,AR-2023-1009,Collection
2023-09-24,1000,Cash – SNB Operating SAR,268440.75,0.0,AR-2023-1018,Collection
2023-09-24,1100,Accounts Receivable,0.0,268440.75,AR-2023-1018,Collection
2023-09-24,1000,Cash – SNB Operating SAR,209131.18,0.0,AR-2023-1038,Collection
2023-09-24,1100,Accounts Receivable,0.0,209131.18,AR-2023-1038,Collection
2023-09-24,1100,Accounts Receivable,376164.15,0.0,AR-2023-1097,
2023-09-24,4030,Revenue – Catering,0.0,376164.15,AR-2023-1097,
2023-09-24,1100,Accounts Receivable,336002.3,0.0,AR-2023-1117,
2023-09-24,4030,Revenue – Catering,0.0,336002.3,AR-2023-1117,
2023-09-24,1100,Accounts Receivable,227623.93,0.0,AR-2023-1123,
2023-09-24,4030,Revenue – Catering,0.0,227623.93,AR-2023-1123,
2023-09-24,1100,Accounts Receivable,389428.02,0.0,AR-2023-1125,
2023-09-24,4030,Revenue – Catering,0.0,389428.02,AR-2023-1125,
2023-09-24,2000,Accounts Payable,404181.61,0.0,INV-2023-0041,Payment
2023-09-24,1000,Cash – SNB Operating SAR,0.0,404181.61,INV-2023-0041,Payment
2023-09-24,5000,COGS – Food,168510.34,0.0,INV-2023-0062,OTC & consumer health replenishment
2023-09-24,2000,Accounts Payable,0.0,168510.34,INV-2023-0062,
2023-09-24,5000,COGS – Food,82775.84,0.0,INV-2023-0304,
2023-09-24,2000,Accounts Payable,0.0,82775.84,INV-2023-0304,
2023-09-24,2000,Accounts Payable,138719.52,0.0,INV-2023-0420,Payment
2023-09-24,1000,Cash – SNB Operating SAR,0.0,138719.52,INV-2023-0420,Payment
2023-09-24,2000,Accounts Payable,136857.16,0.0,INV-2023-0619,Payment
2023-09-24,1000,Cash – SNB Operating SAR,0.0,136857.16,INV-2023-0619,Payment
2023-09-24,2000,Accounts Payable,136935.02,0.0,INV-2023-0674,Payment
2023-09-24,1000,Cash – SNB Operating SAR,0.0,136935.02,INV-2023-0674,Payment
2023-09-24,2000,Accounts Payable,124389.13,0.0,INV-2023-0760,Payment
2023-09-24,1000,Cash – SNB Operating SAR,0.0,124389.13,INV-2023-0760,Payment
2023-09-24,5030,COGS – Cosmetics,101371.67,0.0,INV-2023-0806,Bulk SKUs — monthly replenishment
2023-09-24,2000,Accounts Payable,0.0,101371.67,INV-2023-0806,
2023-09-24,2000,Accounts Payable,126417.51,0.0,INV-2023-0894,Payment
2023-09-24,1000,Cash – SNB Operating SAR,0.0,126417.51,INV-2023-0894,Payment
2023-09-24,6300,Logistics – 3PL,346008.89,0.0,INV-2023-0966,Line-haul & distribution services
2023-09-24,2000,Accounts Payable,0.0,346008.89,INV-2023-0966,
2023-09-24,2000,Accounts Payable,55203.14,0.0,INV-2023-1143,Payment
2023-09-24,1000,Cash – SNB Operating SAR,0.0,55203.14,INV-2023-1143,Payment
2023-09-24,1020,Cash – ANB Payroll SAR,3477974.11,0.0,JE-20230901,Transfer SNB -> ANB payroll funding
2023-09-24,1000,Cash – SNB Operating SAR,0.0,3477974.11,JE-20230901,Transfer SNB -> ANB payroll funding
2023-09-25,1100,Accounts Receivable,288152.15,0.0,AR-2023-0264,
2023-09-25,4000,Revenue – Modern Trade,0.0,288152.15,AR-2023-0264,
2023-09-25,1000,Cash – SNB Operating SAR,620648.67,0.0,AR-2023-0462,Collection
2023-09-25,1100,Accounts Receivable,0.0,620648.67,AR-2023-0462,Collection
2023-09-25,1000,Cash – SNB Operating SAR,251644.19,0.0,AR-2023-0666,Collection
2023-09-25,1100,Accounts Receivable,0.0,251644.19,AR-2023-0666,Collection
2023-09-25,2000,Accounts Payable,130209.39,0.0,INV-2023-0575,Payment
2023-09-25,1000,Cash – SNB Operating SAR,0.0,130209.39,INV-2023-0575,Payment
2023-09-25,2000,Accounts Payable,136594.14,0.0,INV-2023-0597,Payment
2023-09-25,1000,Cash – SNB Operating SAR,0.0,136594.14,INV-2023-0597,Payment
2023-09-25,2000,Accounts Payable,218129.48,0.0,INV-2023-1014,Payment
2023-09-25,1000,Cash – SNB Operating SAR,0.0,218129.48,INV-2023-1014,Payment
2023-09-25,6300,Logistics – 3PL,290505.57,0.0,INV-2023-1073,Line-haul & distribution services
2023-09-25,2000,Accounts Payable,0.0,290505.57,INV-2023-1073,
2023-09-25,6000,Salaries & Wages,3156056.36,0.0,PAY-2023-09,Payroll batch
2023-09-25,6020,GOSI Contributions,321917.75,0.0,PAY-2023-09,Payroll batch
2023-09-25,2110,Accrued Payroll,0.0,3477974.11,PAY-2023-09,Payroll batch
2023-09-26,1000,Cash – SNB Operating SAR,291738.57,0.0,AR-2023-0179,Collection
2023-09-26,1100,Accounts Receivable,0.0,291738.57,AR-2023-0179,Collection
2023-09-26,1000,Cash – SNB Operating SAR,861350.42,0.0,AR-2023-0225,Collection
2023-09-26,1100,Accounts Receivable,0.0,861350.42,AR-2023-0225,Collection
2023-09-26,1000,Cash – SNB Operating SAR,217046.87,0.0,AR-2023-0456,Collection
2023-09-26,1100,Accounts Receivable,0.0,217046.87,AR-2023-0456,Collection
2023-09-26,1000,Cash – SNB Operating SAR,532989.44,0.0,AR-2023-0640,Collection
2023-09-26,1100,Accounts Receivable,0.0,532989.44,AR-2023-0640,Collection
2023-09-26,1100,Accounts Receivable,309955.7,0.0,AR-2023-0687,
2023-09-26,4020,Revenue – Government,0.0,309955.7,AR-2023-0687,
2023-09-26,1000,Cash – SNB Operating SAR,839190.26,0.0,AR-2023-1003,Collection
2023-09-26,1100,Accounts Receivable,0.0,839190.26,AR-2023-1003,Collection
2023-09-26,2000,Accounts Payable,175177.81,0.0,INV-2023-0131,Payment
2023-09-26,1000,Cash – SNB Operating SAR,0.0,175177.81,INV-2023-0131,Payment
2023-09-26,5000,COGS – Food,120014.11,0.0,INV-2023-0184,Bulk SKUs — monthly replenishment
2023-09-26,2000,Accounts Payable,0.0,120014.11,INV-2023-0184,
2023-09-26,6300,Logistics – 3PL,279240.36,0.0,INV-2023-1033,Line-haul & distribution services
2023-09-26,2000,Accounts Payable,0.0,279240.36,INV-2023-1033,
2023-09-26,2000,Accounts Payable,83701.07,0.0,INV-2023-1139,Payment
2023-09-26,1000,Cash – SNB Operating SAR,0.0,83701.07,INV-2023-1139,Payment
2023-09-26,5010,COGS – Beverages,71011.97,0.0,INV-2023-1207,Branded generics + OTC
2023-09-26,2000,Accounts Payable,0.0,71011.97,INV-2023-1207,
2023-09-26,2110,Accrued Payroll,3477974.11,0.0,PAY-2023-09,Payroll settlement
2023-09-26,1020,Cash – ANB Payroll SAR,0.0,3477974.11,PAY-2023-09,Payroll settlement
2023-09-27,1000,Cash – SNB Operating SAR,105541.12,0.0,AR-2023-0231,Collection
2023-09-27,1100,Accounts Receivable,0.0,105541.12,AR-2023-0231,Collection
2023-09-27,1100,Accounts Receivable,415215.71,0.0,AR-2023-0253,
2023-09-27,4000,Revenue – Modern Trade,0.0,415215.71,AR-2023-0253,
2023-09-27,1100,Accounts Receivable,1051544.14,0.0,AR-2023-0254,
2023-09-27,4000,Revenue – Modern Trade,0.0,1051544.14,AR-2023-0254,
2023-09-27,1000,Cash – SNB Operating SAR,621846.91,0.0,AR-2023-0440,Collection
2023-09-27,1100,Accounts Receivable,0.0,621846.91,AR-2023-0440,Collection
2023-09-27,1000,Cash – SNB Operating SAR,190244.59,0.0,AR-2023-0449,Collection
2023-09-27,1100,Accounts Receivable,0.0,190244.59,AR-2023-0449,Collection
2023-09-27,1000,Cash – SNB Operating SAR,176146.89,0.0,AR-2023-0450,Collection
2023-09-27,1100,Accounts Receivable,0.0,176146.89,AR-2023-0450,Collection
2023-09-27,1100,Accounts Receivable,361891.16,0.0,AR-2023-0459,
2023-09-27,4010,Revenue – Hospitality,0.0,361891.16,AR-2023-0459,
2023-09-27,1000,Cash – SNB Operating SAR,403281.17,0.0,AR-2023-0665,Collection
2023-09-27,1100,Accounts Receivable,0.0,403281.17,AR-2023-0665,Collection
2023-09-27,1000,Cash – SNB Operating SAR,215628.71,0.0,AR-2023-1007,Collection
2023-09-27,1100,Accounts Receivable,0.0,215628.71,AR-2023-1007,Collection
2023-09-27,1000,Cash – SNB Operating SAR,170535.68,0.0,AR-2023-1048,Collection
2023-09-27,1100,Accounts Receivable,0.0,170535.68,AR-2023-1048,Collection
2023-09-27,1000,Cash – SNB Operating SAR,172682.76,0.0,AR-2023-1058,Collection
2023-09-27,1100,Accounts Receivable,0.0,172682.76,AR-2023-1058,Collection
2023-09-27,1100,Accounts Receivable,656554.74,0.0,AR-2023-1091,
2023-09-27,4030,Revenue – Catering,0.0,656554.74,AR-2023-1091,
2023-09-27,1100,Accounts Receivable,451152.5,0.0,AR-2023-1095,
2023-09-27,4030,Revenue – Catering,0.0,451152.5,AR-2023-1095,
2023-09-27,1100,Accounts Receivable,639649.84,0.0,AR-2023-1109,
2023-09-27,4030,Revenue – Catering,0.0,639649.84,AR-2023-1109,
2023-09-27,1100,Accounts Receivable,558692.74,0.0,AR-2023-1112,
2023-09-27,4030,Revenue – Catering,0.0,558692.74,AR-2023-1112,
2023-09-27,1100,Accounts Receivable,392445.61,0.0,AR-2023-1120,
2023-09-27,4030,Revenue – Catering,0.0,392445.61,AR-2023-1120,
2023-09-27,2000,Accounts Payable,156504.82,0.0,INV-2023-0308,Payment
2023-09-27,1000,Cash – SNB Operating SAR,0.0,156504.82,INV-2023-0308,Payment
2023-09-27,2000,Accounts Payable,68904.13,0.0,INV-2023-0323,Payment
2023-09-27,1000,Cash – SNB Operating SAR,0.0,68904.13,INV-2023-0323,Payment
2023-09-27,2000,Accounts Payable,153854.47,0.0,INV-2023-0541,Payment
2023-09-27,1000,Cash – SNB Operating SAR,0.0,153854.47,INV-2023-0541,Payment
2023-09-27,2000,Accounts Payable,113988.76,0.0,INV-2023-0634,Payment
2023-09-27,1000,Cash – SNB Operating SAR,0.0,113988.76,INV-2023-0634,Payment
2023-09-27,5020,COGS – Household,76182.27,0.0,INV-2023-0691,Antibiotics + analgesics — bulk SKUs
2023-09-27,2000,Accounts Payable,0.0,76182.27,INV-2023-0691,
2023-09-27,2000,Accounts Payable,133802.66,0.0,INV-2023-0709,Payment
2023-09-27,1000,Cash – SNB Operating SAR,0.0,133802.66,INV-2023-0709,Payment
2023-09-27,5030,COGS – Cosmetics,162347.76,0.0,INV-2023-0832,
2023-09-27,2000,Accounts Payable,0.0,162347.76,INV-2023-0832,
2023-09-27,6220,Professional Fees,72481.88,0.0,INV-2023-1144,
2023-09-27,2000,Accounts Payable,0.0,72481.88,INV-2023-1144,
2023-09-27,2900,Intercompany – Group Treasury Sweep,22596544.62,0.0,JE-20230990,Treasury sweep to Tamween Holdco cash pool
2023-09-27,1000,Cash – SNB Operating SAR,0.0,22596544.62,JE-20230990,Treasury sweep to Tamween Holdco cash pool
2023-09-28,1000,Cash – SNB Operating SAR,483336.96,0.0,AR-2023-0214,Collection
2023-09-28,1100,Accounts Receivable,0.0,483336.96,AR-2023-0214,Collection
2023-09-28,1100,Accounts Receivable,301645.77,0.0,AR-2023-0238,
2023-09-28,4000,Revenue – Modern Trade,0.0,301645.77,AR-2023-0238,
2023-09-28,1000,Cash – SNB Operating SAR,696269.46,0.0,AR-2023-0669,Collection
2023-09-28,1100,Accounts Receivable,0.0,696269.46,AR-2023-0669,Collection
2023-09-28,1100,Accounts Receivable,971549.05,0.0,AR-2023-0681,
2023-09-28,4020,Revenue – Government,0.0,971549.05,AR-2023-0681,
2023-09-28,1000,Cash – SNB Operating SAR,251576.27,0.0,AR-2023-1047,Collection
2023-09-28,1100,Accounts Receivable,0.0,251576.27,AR-2023-1047,Collection
2023-09-28,1100,Accounts Receivable,237271.77,0.0,AR-2023-1113,
2023-09-28,4030,Revenue – Catering,0.0,237271.77,AR-2023-1113,
2023-09-28,1100,Accounts Receivable,427658.81,0.0,AR-2023-1122,
2023-09-28,4030,Revenue – Catering,0.0,427658.81,AR-2023-1122,
2023-09-28,1100,Accounts Receivable,577333.21,0.0,AR-2023-1126,
2023-09-28,4030,Revenue – Catering,0.0,577333.21,AR-2023-1126,
2023-09-28,2000,Accounts Payable,70860.62,0.0,INV-2023-0153,Payment
2023-09-28,1000,Cash – SNB Operating SAR,0.0,70860.62,INV-2023-0153,Payment
2023-09-28,2000,Accounts Payable,169647.5,0.0,INV-2023-0177,Payment
2023-09-28,1000,Cash – SNB Operating SAR,0.0,169647.5,INV-2023-0177,Payment
2023-09-28,2000,Accounts Payable,73651.16,0.0,INV-2023-0328,Payment
2023-09-28,1000,Cash – SNB Operating SAR,0.0,73651.16,INV-2023-0328,Payment
2023-09-28,6500,Depreciation Expense,400000.0,0.0,DEP-2023-09,PPE monthly depreciation accrual
2023-09-28,1510,Accumulated Depreciation – PPE,0.0,400000.0,DEP-2023-09,PPE monthly depreciation accrual
2023-09-29,1100,Accounts Receivable,1037311.62,0.0,AR-2023-0466,
2023-09-29,4010,Revenue – Hospitality,0.0,1037311.62,AR-2023-0466,
2023-09-29,2000,Accounts Payable,461402.58,0.0,INV-2023-0044,Payment
2023-09-29,1000,Cash – SNB Operating SAR,0.0,461402.58,INV-2023-0044,Payment
2023-09-29,2000,Accounts Payable,442389.05,0.0,INV-2023-0045,Payment
2023-09-29,1000,Cash – SNB Operating SAR,0.0,442389.05,INV-2023-0045,Payment
2023-09-29,2000,Accounts Payable,154896.77,0.0,INV-2023-0092,Payment
2023-09-29,1000,Cash – SNB Operating SAR,0.0,154896.77,INV-2023-0092,Payment
2023-09-29,5000,COGS – Food,113220.98,0.0,INV-2023-0163,OTC & consumer health replenishment
2023-09-29,2000,Accounts Payable,0.0,113220.98,INV-2023-0163,
2023-09-29,5010,COGS – Beverages,96196.54,0.0,INV-2023-0375,Bulk SKUs — monthly replenishment
2023-09-29,2000,Accounts Payable,0.0,96196.54,INV-2023-0375,
2023-09-29,2000,Accounts Payable,120431.72,0.0,INV-2023-0448,Payment
2023-09-29,1000,Cash – SNB Operating SAR,0.0,120431.72,INV-2023-0448,Payment
2023-09-29,5010,COGS – Beverages,113116.39,0.0,INV-2023-0479,Antibiotics + analgesics — bulk SKUs
2023-09-29,2000,Accounts Payable,0.0,113116.39,INV-2023-0479,
2023-09-29,5020,COGS – Household,114227.33,0.0,INV-2023-0712,
2023-09-29,2000,Accounts Payable,0.0,114227.33,INV-2023-0712,
2023-09-29,5030,COGS – Cosmetics,112183.2,0.0,INV-2023-0823,Bulk SKUs — monthly replenishment
2023-09-29,2000,Accounts Payable,0.0,112183.2,INV-2023-0823,
2023-09-29,2000,Accounts Payable,47548.1,0.0,INV-2023-1159,Payment
2023-09-29,1000,Cash – SNB Operating SAR,0.0,47548.1,INV-2023-1159,Payment
2023-09-30,1000,Cash – SNB Operating SAR,750959.77,0.0,AR-2023-0233,Collection
2023-09-30,1100,Accounts Receivable,0.0,750959.77,AR-2023-0233,Collection
2023-09-30,1000,Cash – SNB Operating SAR,271203.65,0.0,AR-2023-0246,Collection
2023-09-30,1100,Accounts Receivable,0.0,271203.65,AR-2023-0246,Collection
2023-09-30,1000,Cash – SNB Operating SAR,294034.87,0.0,AR-2023-0442,Collection
2023-09-30,1100,Accounts Receivable,0.0,294034.87,AR-2023-0442,Collection
2023-09-30,1000,Cash – SNB Operating SAR,185241.76,0.0,AR-2023-0655,Collection
2023-09-30,1100,Accounts Receivable,0.0,185241.76,AR-2023-0655,Collection
2023-09-30,1100,Accounts Receivable,934738.0,0.0,AR-2023-0674,
2023-09-30,4020,Revenue – Government,0.0,934738.0,AR-2023-0674,
2023-09-30,1100,Accounts Receivable,205021.52,0.0,AR-2023-0682,
2023-09-30,4020,Revenue – Government,0.0,205021.52,AR-2023-0682,
2023-09-30,1100,Accounts Receivable,246024.09,0.0,AR-2023-0686,
2023-09-30,4020,Revenue – Government,0.0,246024.09,AR-2023-0686,
2023-09-30,1000,Cash – SNB Operating SAR,330593.47,0.0,AR-2023-1050,Collection
2023-09-30,1100,Accounts Receivable,0.0,330593.47,AR-2023-1050,Collection
2023-09-30,1100,Accounts Receivable,498571.23,0.0,AR-2023-1087,
2023-09-30,4030,Revenue – Catering,0.0,498571.23,AR-2023-1087,
2023-09-30,1100,Accounts Receivable,220416.1,0.0,AR-2023-1102,
2023-09-30,4030,Revenue – Catering,0.0,220416.1,AR-2023-1102,
2023-09-30,2000,Accounts Payable,457615.82,0.0,INV-2023-0043,Payment
2023-09-30,1000,Cash – SNB Operating SAR,0.0,457615.82,INV-2023-0043,Payment
2023-09-30,5020,COGS – Household,150504.19,0.0,INV-2023-0586,
2023-09-30,2000,Accounts Payable,0.0,150504.19,INV-2023-0586,
2023-09-30,2000,Accounts Payable,117991.95,0.0,INV-2023-0710,Payment
2023-09-30,1000,Cash – SNB Operating SAR,0.0,117991.95,INV-2023-0710,Payment
2023-09-30,5020,COGS – Household,121990.23,0.0,INV-2023-0747,
2023-09-30,2000,Accounts Payable,0.0,121990.23,INV-2023-0747,
2023-09-30,6700,Insurance Expense,150000.0,0.0,INS-2023-Q3,
2023-09-30,1000,Cash – SNB Operating SAR,0.0,150000.0,INS-2023-Q3,
2023-10-01,1000,Cash – SNB Operating SAR,1007533.2,0.0,AR-2023-0208,Collection
2023-10-01,1100,Accounts Receivable,0.0,1007533.2,AR-2023-0208,Collection
2023-10-01,1000,Cash – SNB Operating SAR,435742.29,0.0,AR-2023-0219,Collection
2023-10-01,1100,Accounts Receivable,0.0,435742.29,AR-2023-0219,Collection
2023-10-01,1000,Cash – SNB Operating SAR,181778.04,0.0,AR-2023-0228,Collection
2023-10-01,1100,Accounts Receivable,0.0,181778.04,AR-2023-0228,Collection
2023-10-01,1100,Accounts Receivable,96166.91,0.0,AR-2023-0286,
2023-10-01,4000,Revenue – Modern Trade,0.0,96166.91,AR-2023-0286,
2023-10-01,1000,Cash – SNB Operating SAR,181296.78,0.0,AR-2023-0455,Collection
2023-10-01,1100,Accounts Receivable,0.0,181296.78,AR-2023-0455,Collection
2023-10-01,1000,Cash – SNB Operating SAR,129494.88,0.0,AR-2023-0671,Collection
2023-10-01,1100,Accounts Receivable,0.0,129494.88,AR-2023-0671,Collection
2023-10-01,1000,Cash – SNB Operating SAR,455807.52,0.0,AR-2023-1005,Collection
2023-10-01,1100,Accounts Receivable,0.0,455807.52,AR-2023-1005,Collection
2023-10-01,1000,Cash – SNB Operating SAR,150690.63,0.0,AR-2023-1044,Collection
2023-10-01,1100,Accounts Receivable,0.0,150690.63,AR-2023-1044,Collection
2023-10-01,1000,Cash – SNB Operating SAR,369493.56,0.0,AR-2023-1054,Collection
2023-10-01,1100,Accounts Receivable,0.0,369493.56,AR-2023-1054,Collection
2023-10-01,1100,Accounts Receivable,592432.01,0.0,AR-2023-1129,
2023-10-01,4030,Revenue – Catering,0.0,592432.01,AR-2023-1129,
2023-10-01,1100,Accounts Receivable,688239.43,0.0,AR-2023-1148,
2023-10-01,4030,Revenue – Catering,0.0,688239.43,AR-2023-1148,
2023-10-01,2000,Accounts Payable,375510.66,0.0,INV-2023-0042,Payment
2023-10-01,1000,Cash – SNB Operating SAR,0.0,375510.66,INV-2023-0042,Payment
2023-10-01,5000,COGS – Food,147124.54,0.0,INV-2023-0066,
2023-10-01,2000,Accounts Payable,0.0,147124.54,INV-2023-0066,
2023-10-01,2000,Accounts Payable,91179.34,0.0,INV-2023-0122,Payment
2023-10-01,1000,Cash – SNB Operating SAR,0.0,91179.34,INV-2023-0122,Payment
2023-10-01,5000,COGS – Food,168572.48,0.0,INV-2023-0288,Antibiotics + analgesics — bulk SKUs
2023-10-01,2000,Accounts Payable,0.0,168572.48,INV-2023-0288,
2023-10-01,5010,COGS – Beverages,147172.22,0.0,INV-2023-0374,Antibiotics + analgesics — bulk SKUs
2023-10-01,2000,Accounts Payable,0.0,147172.22,INV-2023-0374,
2023-10-01,5010,COGS – Beverages,117794.76,0.0,INV-2023-0406,OTC & consumer health replenishment
2023-10-01,2000,Accounts Payable,0.0,117794.76,INV-2023-0406,
2023-10-01,6100,Rent Expense,1120595.4,0.0,INV-2023-1095,Warehouse lease — Riyadh North DC
2023-10-01,2000,Accounts Payable,0.0,1120595.4,INV-2023-1095,
2023-10-01,6100,Rent Expense,380000.0,0.0,RENT-2023-10,
2023-10-01,1000,Cash – SNB Operating SAR,0.0,380000.0,RENT-2023-10,
2023-10-02,1000,Cash – SNB Operating SAR,887492.0,0.0,AR-2023-0245,Collection
2023-10-02,1100,Accounts Receivable,0.0,887492.0,AR-2023-0245,Collection
2023-10-02,1000,Cash – SNB Operating SAR,973898.24,0.0,AR-2023-0453,Collection
2023-10-02,1100,Accounts Receivable,0.0,973898.24,AR-2023-0453,Collection
2023-10-02,1100,Accounts Receivable,389004.79,0.0,AR-2023-0478,
2023-10-02,4010,Revenue – Hospitality,0.0,389004.79,AR-2023-0478,
2023-10-02,1000,Cash – SNB Operating SAR,59269.74,0.0,AR-2023-1053,Collection
2023-10-02,1100,Accounts Receivable,0.0,59269.74,AR-2023-1053,Collection
2023-10-02,1000,Cash – SNB Operating SAR,211722.49,0.0,AR-2023-1071,Collection
2023-10-02,1100,Accounts Receivable,0.0,211722.49,AR-2023-1071,Collection
2023-10-02,1000,Cash – SNB Operating SAR,270701.95,0.0,AR-2023-1083,Collection
2023-10-02,1100,Accounts Receivable,0.0,270701.95,AR-2023-1083,Collection
2023-10-02,1000,Cash – SNB Operating SAR,1151340.34,0.0,AR-2023-1119,Collection
2023-10-02,1100,Accounts Receivable,0.0,1151340.34,AR-2023-1119,Collection
2023-10-02,1100,Accounts Receivable,375217.98,0.0,AR-2023-1144,
2023-10-02,4030,Revenue – Catering,0.0,375217.98,AR-2023-1144,
2023-10-02,5020,COGS – Household,138598.06,0.0,INV-2023-0637,
2023-10-02,2000,Accounts Payable,0.0,138598.06,INV-2023-0637,
2023-10-02,5020,COGS – Household,109630.19,0.0,INV-2023-0745,
2023-10-02,2000,Accounts Payable,0.0,109630.19,INV-2023-0745,
2023-10-02,2000,Accounts Payable,239965.82,0.0,INV-2023-1058,Payment
2023-10-02,1000,Cash – SNB Operating SAR,0.0,239965.82,INV-2023-1058,Payment
2023-10-02,6220,Professional Fees,60098.12,0.0,INV-2023-1158,
2023-10-02,2000,Accounts Payable,0.0,60098.12,INV-2023-1158,
2023-10-02,6210,Printing & Stationery,3756.15,0.0,INV-2023-1212,POS shelf labels
2023-10-02,2000,Accounts Payable,0.0,3756.15,INV-2023-1212,
2023-10-03,1100,Accounts Receivable,580318.66,0.0,AR-2023-0268,
2023-10-03,4000,Revenue – Modern Trade,0.0,580318.66,AR-2023-0268,
2023-10-03,1100,Accounts Receivable,566744.13,0.0,AR-2023-0288,
2023-10-03,4000,Revenue – Modern Trade,0.0,566744.13,AR-2023-0288,
2023-10-03,1000,Cash – SNB Operating SAR,135990.4,0.0,AR-2023-0444,Collection
2023-10-03,1100,Accounts Receivable,0.0,135990.4,AR-2023-0444,Collection
2023-10-03,1100,Accounts Receivable,213106.45,0.0,AR-2023-1164,
2023-10-03,4030,Revenue – Catering,0.0,213106.45,AR-2023-1164,
2023-10-03,6110,Utilities,450897.77,0.0,INV-2023-0049,Electricity & water — Hail WH
2023-10-03,2000,Accounts Payable,0.0,450897.77,INV-2023-0049,
2023-10-03,2000,Accounts Payable,105635.62,0.0,INV-2023-0331,Payment
2023-10-03,1000,Cash – SNB Operating SAR,0.0,105635.62,INV-2023-0331,Payment
2023-10-03,5010,COGS – Beverages,66976.95,0.0,INV-2023-0349,OTC & consumer health replenishment
2023-10-03,2000,Accounts Payable,0.0,66976.95,INV-2023-0349,
2023-10-03,5010,COGS – Beverages,167914.2,0.0,INV-2023-0438,Antibiotics + analgesics — bulk SKUs
2023-10-03,2000,Accounts Payable,0.0,167914.2,INV-2023-0438,
2023-10-03,5030,COGS – Cosmetics,143536.18,0.0,INV-2023-0930,OTC & consumer health replenishment
2023-10-03,2000,Accounts Payable,0.0,143536.18,INV-2023-0930,
2023-10-03,6300,Logistics – 3PL,271414.93,0.0,INV-2023-1005,Line-haul & distribution services
2023-10-03,2000,Accounts Payable,0.0,271414.93,INV-2023-1005,
2023-10-03,6100,Rent Expense,1184207.9,0.0,INV-2023-1107,Warehouse lease — Riyadh North DC
2023-10-03,2000,Accounts Payable,0.0,1184207.9,INV-2023-1107,
2023-10-04,1000,Cash – SNB Operating SAR,1007533.2,0.0,AR-2023-0207,Collection
2023-10-04,1100,Accounts Receivable,0.0,1007533.2,AR-2023-0207,Collection
2023-10-04,1000,Cash – SNB Operating SAR,259920.93,0.0,AR-2023-0216,Collection
2023-10-04,1100,Accounts Receivable,0.0,259920.93,AR-2023-0216,Collection
2023-10-04,1000,Cash – SNB Operating SAR,790527.44,0.0,AR-2023-0229,Collection
2023-10-04,1100,Accounts Receivable,0.0,790527.44,AR-2023-0229,Collection
2023-10-04,1000,Cash – SNB Operating SAR,604167.64,0.0,AR-2023-0230,Collection
2023-10-04,1100,Accounts Receivable,0.0,604167.64,AR-2023-0230,Collection
2023-10-04,1100,Accounts Receivable,292174.89,0.0,AR-2023-0272,
2023-10-04,4000,Revenue – Modern Trade,0.0,292174.89,AR-2023-0272,
2023-10-04,1100,Accounts Receivable,256922.95,0.0,AR-2023-0482,
2023-10-04,4010,Revenue – Hospitality,0.0,256922.95,AR-2023-0482,
2023-10-04,1000,Cash – SNB Operating SAR,1002319.99,0.0,AR-2023-0663,Collection
2023-10-04,1100,Accounts Receivable,0.0,1002319.99,AR-2023-0663,Collection
2023-10-04,1100,Accounts Receivable,143820.22,0.0,AR-2023-1161,
2023-10-04,4030,Revenue – Catering,0.0,143820.22,AR-2023-1161,
2023-10-04,5000,COGS – Food,161619.77,0.0,INV-2023-0215,Antibiotics + analgesics — bulk SKUs
2023-10-04,2000,Accounts Payable,0.0,161619.77,INV-2023-0215,
2023-10-04,2000,Accounts Payable,157274.45,0.0,INV-2023-0513,Payment
2023-10-04,1000,Cash – SNB Operating SAR,0.0,157274.45,INV-2023-0513,Payment
2023-10-04,5030,COGS – Cosmetics,166441.57,0.0,INV-2023-0796,
2023-10-04,2000,Accounts Payable,0.0,166441.57,INV-2023-0796,
2023-10-04,5030,COGS – Cosmetics,161607.3,0.0,INV-2023-0840,Antibiotics + analgesics — bulk SKUs
2023-10-04,2000,Accounts Payable,0.0,161607.3,INV-2023-0840,
2023-10-04,5030,COGS – Cosmetics,109806.08,0.0,INV-2023-0854,
2023-10-04,2000,Accounts Payable,0.0,109806.08,INV-2023-0854,
2023-10-04,6300,Logistics – 3PL,256044.51,0.0,INV-2023-1052,Line-haul & distribution services
2023-10-04,2000,Accounts Payable,0.0,256044.51,INV-2023-1052,
2023-10-04,2000,Accounts Payable,123550.63,0.0,INV-2023-1063,Payment
2023-10-04,1000,Cash – SNB Operating SAR,0.0,123550.63,INV-2023-1063,Payment
2023-10-04,6100,Rent Expense,980891.56,0.0,INV-2023-1083,Warehouse lease — Qassim WH
2023-10-04,2000,Accounts Payable,0.0,980891.56,INV-2023-1083,
2023-10-04,2000,Accounts Payable,1170799.19,0.0,INV-2023-1094,Payment
2023-10-04,1000,Cash – SNB Operating SAR,0.0,1170799.19,INV-2023-1094,Payment
2023-10-05,1000,Cash – SNB Operating SAR,394097.84,0.0,AR-2023-0220,Collection
2023-10-05,1100,Accounts Receivable,0.0,394097.84,AR-2023-0220,Collection
2023-10-05,1100,Accounts Receivable,1048335.4,0.0,AR-2023-0281,
2023-10-05,4000,Revenue – Modern Trade,0.0,1048335.4,AR-2023-0281,
2023-10-05,1000,Cash – SNB Operating SAR,595015.58,0.0,AR-2023-0637,Collection
2023-10-05,1100,Accounts Receivable,0.0,595015.58,AR-2023-0637,Collection
2023-10-05,1100,Accounts Receivable,185547.86,0.0,AR-2023-0706,
2023-10-05,4020,Revenue – Government,0.0,185547.86,AR-2023-0706,
2023-10-05,1000,Cash – SNB Operating SAR,671179.69,0.0,AR-2023-1070,Collection
2023-10-05,1100,Accounts Receivable,0.0,671179.69,AR-2023-1070,Collection
2023-10-05,1100,Accounts Receivable,361603.1,0.0,AR-2023-1163,
2023-10-05,4030,Revenue – Catering,0.0,361603.1,AR-2023-1163,
2023-10-05,5000,COGS – Food,72007.81,0.0,INV-2023-0200,
2023-10-05,2000,Accounts Payable,0.0,72007.81,INV-2023-0200,
2023-10-05,5010,COGS – Beverages,128990.97,0.0,INV-2023-0454,OTC & consumer health replenishment
2023-10-05,2000,Accounts Payable,0.0,128990.97,INV-2023-0454,
2023-10-05,5010,COGS – Beverages,111735.25,0.0,INV-2023-0522,
2023-10-05,2000,Accounts Payable,0.0,111735.25,INV-2023-0522,
2023-10-05,5030,COGS – Cosmetics,82534.18,0.0,INV-2023-0821,OTC & consumer health replenishment
2023-10-05,2000,Accounts Payable,0.0,82534.18,INV-2023-0821,
2023-10-05,5030,COGS – Cosmetics,127044.21,0.0,INV-2023-0822,
2023-10-05,2000,Accounts Payable,0.0,127044.21,INV-2023-0822,
2023-10-05,2000,Accounts Payable,167002.38,0.0,INV-2023-0925,Payment
2023-10-05,1000,Cash – SNB Operating SAR,0.0,167002.38,INV-2023-0925,Payment
2023-10-05,2000,Accounts Payable,58433.36,0.0,INV-2023-1111,Payment
2023-10-05,1000,Cash – SNB Operating SAR,0.0,58433.36,INV-2023-1111,Payment
2023-10-06,1100,Accounts Receivable,239664.05,0.0,AR-2023-0266,
2023-10-06,4000,Revenue – Modern Trade,0.0,239664.05,AR-2023-0266,
2023-10-06,1000,Cash – SNB Operating SAR,1002319.99,0.0,AR-2023-0656,Collection
2023-10-06,1100,Accounts Receivable,0.0,1002319.99,AR-2023-0656,Collection
2023-10-06,1000,Cash – SNB Operating SAR,173617.01,0.0,AR-2023-0667,Collection
2023-10-06,1100,Accounts Receivable,0.0,173617.01,AR-2023-0667,Collection
2023-10-06,1100,Accounts Receivable,271367.43,0.0,AR-2023-0707,
2023-10-06,4020,Revenue – Government,0.0,271367.43,AR-2023-0707,
2023-10-06,1000,Cash – SNB Operating SAR,285150.05,0.0,AR-2023-1022,Collection
2023-10-06,1100,Accounts Receivable,0.0,285150.05,AR-2023-1022,Collection
2023-10-06,1000,Cash – SNB Operating SAR,361111.45,0.0,AR-2023-1028,Collection
2023-10-06,1100,Accounts Receivable,0.0,361111.45,AR-2023-1028,Collection
2023-10-06,1000,Cash – SNB Operating SAR,474052.27,0.0,AR-2023-1094,Collection
2023-10-06,1100,Accounts Receivable,0.0,474052.27,AR-2023-1094,Collection
2023-10-06,1000,Cash – SNB Operating SAR,402619.84,0.0,AR-2023-1105,Collection
2023-10-06,1100,Accounts Receivable,0.0,402619.84,AR-2023-1105,Collection
2023-10-06,1100,Accounts Receivable,353407.58,0.0,AR-2023-1132,
2023-10-06,4030,Revenue – Catering,0.0,353407.58,AR-2023-1132,
2023-10-06,6110,Utilities,399473.66,0.0,INV-2023-0047,Electricity & water — Riyadh South DC
2023-10-06,2000,Accounts Payable,0.0,399473.66,INV-2023-0047,
2023-10-06,2000,Accounts Payable,60773.23,0.0,INV-2023-0168,Payment
2023-10-06,1000,Cash – SNB Operating SAR,0.0,60773.23,INV-2023-0168,Payment
2023-10-06,5010,COGS – Beverages,137954.66,0.0,INV-2023-0421,Bulk SKUs — monthly replenishment
2023-10-06,2000,Accounts Payable,0.0,137954.66,INV-2023-0421,
2023-10-06,5030,COGS – Cosmetics,67787.52,0.0,INV-2023-0794,Antibiotics + analgesics — bulk SKUs
2023-10-06,2000,Accounts Payable,0.0,67787.52,INV-2023-0794,
2023-10-06,5030,COGS – Cosmetics,82665.56,0.0,INV-2023-0936,OTC & consumer health replenishment
2023-10-06,2000,Accounts Payable,0.0,82665.56,INV-2023-0936,
2023-10-06,6300,Logistics – 3PL,167993.02,0.0,INV-2023-1001,Line-haul & distribution services
2023-10-06,2000,Accounts Payable,0.0,167993.02,INV-2023-1001,
2023-10-06,6300,Logistics – 3PL,120255.39,0.0,INV-2023-1072,Line-haul & distribution services
2023-10-06,2000,Accounts Payable,0.0,120255.39,INV-2023-1072,
2023-10-07,1000,Cash – SNB Operating SAR,278846.32,0.0,AR-2023-0223,Collection
2023-10-07,1100,Accounts Receivable,0.0,278846.32,AR-2023-0223,Collection
2023-10-07,1100,Accounts Receivable,260452.42,0.0,AR-2023-0712,
2023-10-07,4020,Revenue – Government,0.0,260452.42,AR-2023-0712,
2023-10-07,1000,Cash – SNB Operating SAR,173617.05,0.0,AR-2023-1052,Collection
2023-10-07,1100,Accounts Receivable,0.0,173617.05,AR-2023-1052,Collection
2023-10-07,1000,Cash – SNB Operating SAR,1026899.95,0.0,AR-2023-1073,Collection
2023-10-07,1100,Accounts Receivable,0.0,1026899.95,AR-2023-1073,Collection
2023-10-07,1000,Cash – SNB Operating SAR,680752.36,0.0,AR-2023-1074,Collection
2023-10-07,1100,Accounts Receivable,0.0,680752.36,AR-2023-1074,Collection
2023-10-07,1100,Accounts Receivable,608728.95,0.0,AR-2023-1165,
2023-10-07,4030,Revenue – Catering,0.0,608728.95,AR-2023-1165,
2023-10-07,6110,Utilities,411065.95,0.0,INV-2023-0046,Electricity & water — Riyadh North DC
2023-10-07,2000,Accounts Payable,0.0,411065.95,INV-2023-0046,
2023-10-07,2000,Accounts Payable,136228.59,0.0,INV-2023-1029,Payment
2023-10-07,1000,Cash – SNB Operating SAR,0.0,136228.59,INV-2023-1029,Payment
2023-10-07,2000,Accounts Payable,201894.0,0.0,INV-2023-1200,Payment
2023-10-07,1000,Cash – SNB Operating SAR,0.0,201894.0,INV-2023-1200,Payment
2023-10-08,1100,Accounts Receivable,189505.35,0.0,AR-2023-0270,
2023-10-08,4000,Revenue – Modern Trade,0.0,189505.35,AR-2023-0270,
2023-10-08,1100,Accounts Receivable,183503.48,0.0,AR-2023-0275,
2023-10-08,4000,Revenue – Modern Trade,0.0,183503.48,AR-2023-0275,
2023-10-08,1100,Accounts Receivable,476809.71,0.0,AR-2023-0293,
2023-10-08,4000,Revenue – Modern Trade,0.0,476809.71,AR-2023-0293,
2023-10-08,1100,Accounts Receivable,77929.69,0.0,AR-2023-0295,
2023-10-08,4000,Revenue – Modern Trade,0.0,77929.69,AR-2023-0295,
2023-10-08,1000,Cash – SNB Operating SAR,145542.63,0.0,AR-2023-0458,Collection
2023-10-08,1100,Accounts Receivable,0.0,145542.63,AR-2023-0458,Collection
2023-10-08,1100,Accounts Receivable,393273.84,0.0,AR-2023-0694,
2023-10-08,4020,Revenue – Government,0.0,393273.84,AR-2023-0694,
2023-10-08,1000,Cash – SNB Operating SAR,1079674.65,0.0,AR-2023-1014,Collection
2023-10-08,1100,Accounts Receivable,0.0,1079674.65,AR-2023-1014,Collection
2023-10-08,1000,Cash – SNB Operating SAR,403459.06,0.0,AR-2023-1059,Collection
2023-10-08,1100,Accounts Receivable,0.0,403459.06,AR-2023-1059,Collection
2023-10-08,6110,Utilities,423718.78,0.0,INV-2023-0048,Electricity & water — Qassim WH
2023-10-08,2000,Accounts Payable,0.0,423718.78,INV-2023-0048,
2023-10-08,5000,COGS – Food,176383.07,0.0,INV-2023-0246,Antibiotics + analgesics — bulk SKUs
2023-10-08,2000,Accounts Payable,0.0,176383.07,INV-2023-0246,
2023-10-08,5010,COGS – Beverages,147822.04,0.0,INV-2023-0402,OTC & consumer health replenishment
2023-10-08,2000,Accounts Payable,0.0,147822.04,INV-2023-0402,
2023-10-08,5020,COGS – Household,167194.6,0.0,INV-2023-0752,Antibiotics + analgesics — bulk SKUs
2023-10-08,2000,Accounts Payable,0.0,167194.6,INV-2023-0752,
2023-10-08,5030,COGS – Cosmetics,178484.8,0.0,INV-2023-0932,OTC & consumer health replenishment
2023-10-08,2000,Accounts Payable,0.0,178484.8,INV-2023-0932,
2023-10-08,6300,Logistics – 3PL,195411.0,0.0,INV-2023-0976,Line-haul & distribution services
2023-10-08,2000,Accounts Payable,0.0,195411.0,INV-2023-0976,
2023-10-09,1000,Cash – SNB Operating SAR,514622.82,0.0,AR-2023-0211,Collection
2023-10-09,1100,Accounts Receivable,0.0,514622.82,AR-2023-0211,Collection
2023-10-09,1000,Cash – SNB Operating SAR,168963.66,0.0,AR-2023-0250,Collection
2023-10-09,1100,Accounts Receivable,0.0,168963.66,AR-2023-0250,Collection
2023-10-09,1000,Cash – SNB Operating SAR,233499.06,0.0,AR-2023-0448,Collection
2023-10-09,1100,Accounts Receivable,0.0,233499.06,AR-2023-0448,Collection
2023-10-09,1100,Accounts Receivable,875190.79,0.0,AR-2023-0481,
2023-10-09,4010,Revenue – Hospitality,0.0,875190.79,AR-2023-0481,
2023-10-09,1000,Cash – SNB Operating SAR,542849.39,0.0,AR-2023-0660,Collection
2023-10-09,1100,Accounts Receivable,0.0,542849.39,AR-2023-0660,Collection
2023-10-09,1000,Cash – SNB Operating SAR,309825.53,0.0,AR-2023-0676,Collection
2023-10-09,1100,Accounts Receivable,0.0,309825.53,AR-2023-0676,Collection
2023-10-09,1000,Cash – SNB Operating SAR,899571.7,0.0,AR-2023-0690,Collection
2023-10-09,1100,Accounts Receivable,0.0,899571.7,AR-2023-0690,Collection
2023-10-09,1100,Accounts Receivable,199491.69,0.0,AR-2023-1149,
2023-10-09,4030,Revenue – Catering,0.0,199491.69,AR-2023-1149,
2023-10-09,6110,Utilities,397595.22,0.0,INV-2023-0050,Electricity & water — HQ Riyadh Olaya
2023-10-09,2000,Accounts Payable,0.0,397595.22,INV-2023-0050,
2023-10-09,5010,COGS – Beverages,88411.99,0.0,INV-2023-0337,Antibiotics + analgesics — bulk SKUs
2023-10-09,2000,Accounts Payable,0.0,88411.99,INV-2023-0337,
2023-10-09,5010,COGS – Beverages,119264.76,0.0,INV-2023-0422,OTC & consumer health replenishment
2023-10-09,2000,Accounts Payable,0.0,119264.76,INV-2023-0422,
2023-10-09,2000,Accounts Payable,104545.4,0.0,INV-2023-0620,Payment
2023-10-09,1000,Cash – SNB Operating SAR,0.0,104545.4,INV-2023-0620,Payment
2023-10-09,5030,COGS – Cosmetics,176108.93,0.0,INV-2023-0815,
2023-10-09,2000,Accounts Payable,0.0,176108.93,INV-2023-0815,
2023-10-09,5030,COGS – Cosmetics,164822.2,0.0,INV-2023-0841,
2023-10-09,2000,Accounts Payable,0.0,164822.2,INV-2023-0841,
2023-10-09,2000,Accounts Payable,172653.71,0.0,INV-2023-0942,Payment
2023-10-09,1000,Cash – SNB Operating SAR,0.0,172653.71,INV-2023-0942,Payment
2023-10-09,6300,Logistics – 3PL,128822.66,0.0,INV-2023-0969,Line-haul & distribution services
2023-10-09,2000,Accounts Payable,0.0,128822.66,INV-2023-0969,
2023-10-09,6300,Logistics – 3PL,167157.36,0.0,INV-2023-1035,Line-haul & distribution services
2023-10-09,2000,Accounts Payable,0.0,167157.36,INV-2023-1035,
2023-10-09,5020,COGS – Household,178085.6,0.0,INV-2023-1201,"Blister & carton packaging PKG-1101 — 23,128 units @ SAR 7.70 (CT-2023-466)"
2023-10-09,2000,Accounts Payable,0.0,178085.6,INV-2023-1201,
2023-10-10,1000,Cash – SNB Operating SAR,406878.39,0.0,AR-2023-0439,Collection
2023-10-10,1100,Accounts Receivable,0.0,406878.39,AR-2023-0439,Collection
2023-10-10,1000,Cash – SNB Operating SAR,453093.76,0.0,AR-2023-0659,Collection
2023-10-10,1100,Accounts Receivable,0.0,453093.76,AR-2023-0659,Collection
2023-10-10,1000,Cash – SNB Operating SAR,186232.28,0.0,AR-2023-0688,Collection
2023-10-10,1100,Accounts Receivable,0.0,186232.28,AR-2023-0688,Collection
2023-10-10,1100,Accounts Receivable,103274.2,0.0,AR-2023-0697,
2023-10-10,4020,Revenue – Government,0.0,103274.2,AR-2023-0697,
2023-10-10,1100,Accounts Receivable,190074.15,0.0,AR-2023-0700,
2023-10-10,4020,Revenue – Government,0.0,190074.15,AR-2023-0700,
2023-10-10,1000,Cash – SNB Operating SAR,131438.76,0.0,AR-2023-1046,Collection
2023-10-10,1100,Accounts Receivable,0.0,131438.76,AR-2023-1046,Collection
2023-10-10,1100,Accounts Receivable,267943.96,0.0,AR-2023-1135,
2023-10-10,4030,Revenue – Catering,0.0,267943.96,AR-2023-1135,
2023-10-10,1100,Accounts Receivable,959521.65,0.0,AR-2023-1154,
2023-10-10,4030,Revenue – Catering,0.0,959521.65,AR-2023-1154,
2023-10-10,2000,Accounts Payable,137075.43,0.0,INV-2023-0303,Payment
2023-10-10,1000,Cash – SNB Operating SAR,0.0,137075.43,INV-2023-0303,Payment
2023-10-10,2000,Accounts Payable,135085.82,0.0,INV-2023-0759,Payment
2023-10-10,1000,Cash – SNB Operating SAR,0.0,135085.82,INV-2023-0759,Payment
2023-10-10,5030,COGS – Cosmetics,129633.51,0.0,INV-2023-0811,Antibiotics + analgesics — bulk SKUs
2023-10-10,2000,Accounts Payable,0.0,129633.51,INV-2023-0811,
2023-10-10,2000,Accounts Payable,99043.07,0.0,INV-2023-0837,Payment
2023-10-10,1000,Cash – SNB Operating SAR,0.0,99043.07,INV-2023-0837,Payment
2023-10-10,5030,COGS – Cosmetics,63341.69,0.0,INV-2023-0873,OTC & consumer health replenishment
2023-10-10,2000,Accounts Payable,0.0,63341.69,INV-2023-0873,
2023-10-10,6300,Logistics – 3PL,307400.36,0.0,INV-2023-0948,Line-haul & distribution services
2023-10-10,2000,Accounts Payable,0.0,307400.36,INV-2023-0948,
2023-10-10,2000,Accounts Payable,176321.21,0.0,INV-2023-1002,Payment
2023-10-10,1000,Cash – SNB Operating SAR,0.0,176321.21,INV-2023-1002,Payment
2023-10-10,2000,Accounts Payable,131112.52,0.0,INV-2023-1032,Payment
2023-10-10,1000,Cash – SNB Operating SAR,0.0,131112.52,INV-2023-1032,Payment
2023-10-10,2000,Accounts Payable,958953.09,0.0,INV-2023-1082,Payment
2023-10-10,1000,Cash – SNB Operating SAR,0.0,958953.09,INV-2023-1082,Payment
2023-10-10,2000,Accounts Payable,1200716.01,0.0,INV-2023-1106,Payment
2023-10-10,1000,Cash – SNB Operating SAR,0.0,1200716.01,INV-2023-1106,Payment
2023-10-10,2000,Accounts Payable,83618.84,0.0,INV-2023-1174,Payment
2023-10-10,1000,Cash – SNB Operating SAR,0.0,83618.84,INV-2023-1174,Payment
2023-10-11,1000,Cash – SNB Operating SAR,363470.88,0.0,AR-2023-0443,Collection
2023-10-11,1100,Accounts Receivable,0.0,363470.88,AR-2023-0443,Collection
2023-10-11,1000,Cash – SNB Operating SAR,1012970.49,0.0,AR-2023-0677,Collection
2023-10-11,1100,Accounts Receivable,0.0,1012970.49,AR-2023-0677,Collection
2023-10-11,1100,Accounts Receivable,235469.2,0.0,AR-2023-0710,
2023-10-11,4020,Revenue – Government,0.0,235469.2,AR-2023-0710,
2023-10-11,1000,Cash – SNB Operating SAR,220666.2,0.0,AR-2023-1103,Collection
2023-10-11,1100,Accounts Receivable,0.0,220666.2,AR-2023-1103,Collection
2023-10-11,1100,Accounts Receivable,77210.54,0.0,AR-2023-1131,
2023-10-11,4030,Revenue – Catering,0.0,77210.54,AR-2023-1131,
2023-10-11,1100,Accounts Receivable,962503.56,0.0,AR-2023-1147,
2023-10-11,4030,Revenue – Catering,0.0,962503.56,AR-2023-1147,
2023-10-11,1100,Accounts Receivable,446393.87,0.0,AR-2023-1155,
2023-10-11,4030,Revenue – Catering,0.0,446393.87,AR-2023-1155,
2023-10-11,5000,COGS – Food,91271.98,0.0,INV-2023-0161,Bulk SKUs — monthly replenishment
2023-10-11,2000,Accounts Payable,0.0,91271.98,INV-2023-0161,
2023-10-11,5010,COGS – Beverages,133466.64,0.0,INV-2023-0478,
2023-10-11,2000,Accounts Payable,0.0,133466.64,INV-2023-0478,
2023-10-11,2000,Accounts Payable,132953.59,0.0,INV-2023-0534,Payment
2023-10-11,1000,Cash – SNB Operating SAR,0.0,132953.59,INV-2023-0534,Payment
2023-10-11,2000,Accounts Payable,133764.03,0.0,INV-2023-0556,Payment
2023-10-11,1000,Cash – SNB Operating SAR,0.0,133764.03,INV-2023-0556,Payment
2023-10-11,5020,COGS – Household,148054.52,0.0,INV-2023-0670,Bulk SKUs — monthly replenishment
2023-10-11,2000,Accounts Payable,0.0,148054.52,INV-2023-0670,
2023-10-11,6300,Logistics – 3PL,366898.4,0.0,INV-2023-1044,Line-haul & distribution services
2023-10-11,2000,Accounts Payable,0.0,366898.4,INV-2023-1044,
2023-10-11,6300,Logistics – 3PL,91970.77,0.0,INV-2023-1055,Line-haul & distribution services
2023-10-11,2000,Accounts Payable,0.0,91970.77,INV-2023-1055,
2023-10-11,2000,Accounts Payable,73282.2,0.0,INV-2023-1147,Payment
2023-10-11,1000,Cash – SNB Operating SAR,0.0,73282.2,INV-2023-1147,Payment
2023-10-12,1100,Accounts Receivable,187079.15,0.0,AR-2023-0290,
2023-10-12,4000,Revenue – Modern Trade,0.0,187079.15,AR-2023-0290,
2023-10-12,1000,Cash – SNB Operating SAR,315313.55,0.0,AR-2023-0470,Collection
2023-10-12,1100,Accounts Receivable,0.0,315313.55,AR-2023-0470,Collection
2023-10-12,1000,Cash – SNB Operating SAR,246107.67,0.0,AR-2023-0668,Collection
2023-10-12,1100,Accounts Receivable,0.0,246107.67,AR-2023-0668,Collection
2023-10-12,1000,Cash – SNB Operating SAR,548435.82,0.0,AR-2023-0672,Collection
2023-10-12,1100,Accounts Receivable,0.0,548435.82,AR-2023-0672,Collection
2023-10-12,1100,Accounts Receivable,323559.2,0.0,AR-2023-0711,
2023-10-12,4020,Revenue – Government,0.0,323559.2,AR-2023-0711,
2023-10-12,1000,Cash – SNB Operating SAR,771648.52,0.0,AR-2023-1056,Collection
2023-10-12,1100,Accounts Receivable,0.0,771648.52,AR-2023-1056,Collection
2023-10-12,1100,Accounts Receivable,369232.87,0.0,AR-2023-1142,
2023-10-12,4030,Revenue – Catering,0.0,369232.87,AR-2023-1142,
2023-10-12,1100,Accounts Receivable,1037739.96,0.0,AR-2023-1158,
2023-10-12,4030,Revenue – Catering,0.0,1037739.96,AR-2023-1158,
2023-10-12,2000,Accounts Payable,73179.08,0.0,INV-2023-0119,Payment
2023-10-12,1000,Cash – SNB Operating SAR,0.0,73179.08,INV-2023-0119,Payment
2023-10-12,5010,COGS – Beverages,172134.36,0.0,INV-2023-0395,
2023-10-12,2000,Accounts Payable,0.0,172134.36,INV-2023-0395,
2023-10-12,2000,Accounts Payable,191673.6,0.0,INV-2023-1041,Payment
2023-10-12,1000,Cash – SNB Operating SAR,0.0,191673.6,INV-2023-1041,Payment
2023-10-12,2000,Accounts Payable,53272.28,0.0,INV-2023-1189,Payment
2023-10-12,1000,Cash – SNB Operating SAR,0.0,53272.28,INV-2023-1189,Payment
2023-10-13,1100,Accounts Receivable,315615.31,0.0,AR-2023-0475,
2023-10-13,4010,Revenue – Hospitality,0.0,315615.31,AR-2023-0475,
2023-10-13,1000,Cash – SNB Operating SAR,244319.12,0.0,AR-2023-0679,Collection
2023-10-13,1100,Accounts Receivable,0.0,244319.12,AR-2023-0679,Collection
2023-10-13,1100,Accounts Receivable,158739.13,0.0,AR-2023-1143,
2023-10-13,4030,Revenue – Catering,0.0,158739.13,AR-2023-1143,
2023-10-13,2000,Accounts Payable,161953.04,0.0,INV-2023-0095,Payment
2023-10-13,1000,Cash – SNB Operating SAR,0.0,161953.04,INV-2023-0095,Payment
2023-10-13,2000,Accounts Payable,128776.32,0.0,INV-2023-0238,Payment
2023-10-13,1000,Cash – SNB Operating SAR,0.0,128776.32,INV-2023-0238,Payment
2023-10-13,5020,COGS – Household,154341.8,0.0,INV-2023-0546,Antibiotics + analgesics — bulk SKUs
2023-10-13,2000,Accounts Payable,0.0,154341.8,INV-2023-0546,
2023-10-13,2000,Accounts Payable,163272.97,0.0,INV-2023-0591,Payment
2023-10-13,1000,Cash – SNB Operating SAR,0.0,163272.97,INV-2023-0591,Payment
2023-10-13,5020,COGS – Household,70664.4,0.0,INV-2023-0598,
2023-10-13,2000,Accounts Payable,0.0,70664.4,INV-2023-0598,
2023-10-14,1000,Cash – SNB Operating SAR,625774.03,0.0,AR-2023-0237,Collection
2023-10-14,1100,Accounts Receivable,0.0,625774.03,AR-2023-0237,Collection
2023-10-14,1100,Accounts Receivable,268033.97,0.0,AR-2023-0284,
2023-10-14,4000,Revenue – Modern Trade,0.0,268033.97,AR-2023-0284,
2023-10-14,1100,Accounts Receivable,660078.06,0.0,AR-2023-0472,
2023-10-14,4010,Revenue – Hospitality,0.0,660078.06,AR-2023-0472,
2023-10-14,1100,Accounts Receivable,124083.79,0.0,AR-2023-1169,
2023-10-14,4030,Revenue – Catering,0.0,124083.79,AR-2023-1169,
2023-10-14,2000,Accounts Payable,79406.1,0.0,INV-2023-0077,Payment
2023-10-14,1000,Cash – SNB Operating SAR,0.0,79406.1,INV-2023-0077,Payment
2023-10-14,5000,COGS – Food,169856.77,0.0,INV-2023-0146,OTC & consumer health replenishment
2023-10-14,2000,Accounts Payable,0.0,169856.77,INV-2023-0146,
2023-10-14,2000,Accounts Payable,67053.75,0.0,INV-2023-0381,Payment
2023-10-14,1000,Cash – SNB Operating SAR,0.0,67053.75,INV-2023-0381,Payment
2023-10-14,2000,Accounts Payable,140734.89,0.0,INV-2023-0590,Payment
2023-10-14,1000,Cash – SNB Operating SAR,0.0,140734.89,INV-2023-0590,Payment
2023-10-14,2000,Accounts Payable,106098.42,0.0,INV-2023-0743,Payment
2023-10-14,1000,Cash – SNB Operating SAR,0.0,106098.42,INV-2023-0743,Payment
2023-10-14,5030,COGS – Cosmetics,179053.27,0.0,INV-2023-0812,
2023-10-14,2000,Accounts Payable,0.0,179053.27,INV-2023-0812,
2023-10-14,5030,COGS – Cosmetics,155978.93,0.0,INV-2023-0817,
2023-10-14,2000,Accounts Payable,0.0,155978.93,INV-2023-0817,
2023-10-15,1000,Cash – SNB Operating SAR,544127.86,0.0,AR-2023-0243,Collection
2023-10-15,1100,Accounts Receivable,0.0,544127.86,AR-2023-0243,Collection
2023-10-15,1100,Accounts Receivable,956785.02,0.0,AR-2023-0695,
2023-10-15,4020,Revenue – Government,0.0,956785.02,AR-2023-0695,
2023-10-15,1000,Cash – SNB Operating SAR,514111.36,0.0,AR-2023-1082,Collection
2023-10-15,1100,Accounts Receivable,0.0,514111.36,AR-2023-1082,Collection
2023-10-15,1000,Cash – SNB Operating SAR,668435.07,0.0,AR-2023-1096,Collection
2023-10-15,1100,Accounts Receivable,0.0,668435.07,AR-2023-1096,Collection
2023-10-15,2000,Accounts Payable,117964.89,0.0,INV-2023-0442,Payment
2023-10-15,1000,Cash – SNB Operating SAR,0.0,117964.89,INV-2023-0442,Payment
2023-10-15,2000,Accounts Payable,90837.47,0.0,INV-2023-0535,Payment
2023-10-15,1000,Cash – SNB Operating SAR,0.0,90837.47,INV-2023-0535,Payment
2023-10-15,2000,Accounts Payable,36849.94,0.0,INV-2023-1120,Payment
2023-10-15,1000,Cash – SNB Operating SAR,0.0,36849.94,INV-2023-1120,Payment
2023-10-16,1000,Cash – SNB Operating SAR,620239.07,0.0,AR-2023-0212,Collection
2023-10-16,1100,Accounts Receivable,0.0,620239.07,AR-2023-0212,Collection
2023-10-16,1000,Cash – SNB Operating SAR,725520.48,0.0,AR-2023-0265,Collection
2023-10-16,1100,Accounts Receivable,0.0,725520.48,AR-2023-0265,Collection
2023-10-16,1100,Accounts Receivable,338812.06,0.0,AR-2023-0269,
2023-10-16,4000,Revenue – Modern Trade,0.0,338812.06,AR-2023-0269,
2023-10-16,1100,Accounts Receivable,335239.9,0.0,AR-2023-0476,
2023-10-16,4010,Revenue – Hospitality,0.0,335239.9,AR-2023-0476,
2023-10-16,1000,Cash – SNB Operating SAR,309955.7,0.0,AR-2023-0687,Collection
2023-10-16,1100,Accounts Receivable,0.0,309955.7,AR-2023-0687,Collection
2023-10-16,2000,Accounts Payable,169447.31,0.0,INV-2023-0497,Payment
2023-10-16,1000,Cash – SNB Operating SAR,0.0,169447.31,INV-2023-0497,Payment
2023-10-16,5020,COGS – Household,147332.45,0.0,INV-2023-0608,
2023-10-16,2000,Accounts Payable,0.0,147332.45,INV-2023-0608,
2023-10-16,6300,Logistics – 3PL,276375.95,0.0,INV-2023-1050,Line-haul & distribution services
2023-10-16,2000,Accounts Payable,0.0,276375.95,INV-2023-1050,
2023-10-16,2000,Accounts Payable,71011.97,0.0,INV-2023-1207,Payment
2023-10-16,1000,Cash – SNB Operating SAR,0.0,71011.97,INV-2023-1207,Payment
2023-10-17,1000,Cash – SNB Operating SAR,334459.99,0.0,AR-2023-0241,Collection
2023-10-17,1100,Accounts Receivable,0.0,334459.99,AR-2023-0241,Collection
2023-10-17,1100,Accounts Receivable,166745.15,0.0,AR-2023-0279,
2023-10-17,4000,Revenue – Modern Trade,0.0,166745.15,AR-2023-0279,
2023-10-17,1100,Accounts Receivable,570511.58,0.0,AR-2023-0283,
2023-10-17,4000,Revenue – Modern Trade,0.0,570511.58,AR-2023-0283,
2023-10-17,1100,Accounts Receivable,705081.02,0.0,AR-2023-0699,
2023-10-17,4020,Revenue – Government,0.0,705081.02,AR-2023-0699,
2023-10-17,5000,COGS – Food,113095.96,0.0,INV-2023-0069,Bulk SKUs — monthly replenishment
2023-10-17,2000,Accounts Payable,0.0,113095.96,INV-2023-0069,
2023-10-17,2000,Accounts Payable,69155.83,0.0,INV-2023-0192,Payment
2023-10-17,1000,Cash – SNB Operating SAR,0.0,69155.83,INV-2023-0192,Payment
2023-10-17,2000,Accounts Payable,147187.75,0.0,INV-2023-0345,Payment
2023-10-17,1000,Cash – SNB Operating SAR,0.0,147187.75,INV-2023-0345,Payment
2023-10-17,5020,COGS – Household,100683.53,0.0,INV-2023-0588,
2023-10-17,2000,Accounts Payable,0.0,100683.53,INV-2023-0588,
2023-10-17,2000,Accounts Payable,147120.72,0.0,INV-2023-0813,Payment
2023-10-17,1000,Cash – SNB Operating SAR,0.0,147120.72,INV-2023-0813,Payment
2023-10-17,2000,Accounts Payable,41118.64,0.0,INV-2023-1123,Payment
2023-10-17,1000,Cash – SNB Operating SAR,0.0,41118.64,INV-2023-1123,Payment
2023-10-18,1000,Cash – SNB Operating SAR,353371.96,0.0,AR-2023-0654,Collection
2023-10-18,1100,Accounts Receivable,0.0,353371.96,AR-2023-0654,Collection
2023-10-18,1100,Accounts Receivable,569112.22,0.0,AR-2023-0709,
2023-10-18,4020,Revenue – Government,0.0,569112.22,AR-2023-0709,
2023-10-18,1100,Accounts Receivable,499642.65,0.0,AR-2023-1146,
2023-10-18,4030,Revenue – Catering,0.0,499642.65,AR-2023-1146,
2023-10-18,1100,Accounts Receivable,472849.39,0.0,AR-2023-1166,
2023-10-18,4030,Revenue – Catering,0.0,472849.39,AR-2023-1166,
2023-10-18,2000,Accounts Payable,450897.77,0.0,INV-2023-0049,Payment
2023-10-18,1000,Cash – SNB Operating SAR,0.0,450897.77,INV-2023-0049,Payment
2023-10-18,5000,COGS – Food,161275.34,0.0,INV-2023-0142,
2023-10-18,2000,Accounts Payable,0.0,161275.34,INV-2023-0142,
2023-10-18,2000,Accounts Payable,107835.71,0.0,INV-2023-0257,Payment
2023-10-18,1000,Cash – SNB Operating SAR,0.0,107835.71,INV-2023-0257,Payment
2023-10-18,5020,COGS – Household,63378.7,0.0,INV-2023-0646,OTC & consumer health replenishment
2023-10-18,2000,Accounts Payable,0.0,63378.7,INV-2023-0646,
2023-10-18,2000,Accounts Payable,108778.69,0.0,INV-2023-0781,Payment
2023-10-18,1000,Cash – SNB Operating SAR,0.0,108778.69,INV-2023-0781,Payment
2023-10-18,2000,Accounts Payable,101371.67,0.0,INV-2023-0806,Payment
2023-10-18,1000,Cash – SNB Operating SAR,0.0,101371.67,INV-2023-0806,Payment
2023-10-18,2000,Accounts Payable,98347.29,0.0,INV-2023-1027,Payment
2023-10-18,1000,Cash – SNB Operating SAR,0.0,98347.29,INV-2023-1027,Payment
2023-10-19,1000,Cash – SNB Operating SAR,399696.0,0.0,AR-2023-0215,Collection
2023-10-19,1100,Accounts Receivable,0.0,399696.0,AR-2023-0215,Collection
2023-10-19,1000,Cash – SNB Operating SAR,345513.89,0.0,AR-2023-0227,Collection
2023-10-19,1100,Accounts Receivable,0.0,345513.89,AR-2023-0227,Collection
2023-10-19,1000,Cash – SNB Operating SAR,284098.67,0.0,AR-2023-0240,Collection
2023-10-19,1100,Accounts Receivable,0.0,284098.67,AR-2023-0240,Collection
2023-10-19,1000,Cash – SNB Operating SAR,1051544.14,0.0,AR-2023-0248,Collection
2023-10-19,1100,Accounts Receivable,0.0,1051544.14,AR-2023-0248,Collection
2023-10-19,1100,Accounts Receivable,459885.79,0.0,AR-2023-0473,
2023-10-19,4010,Revenue – Hospitality,0.0,459885.79,AR-2023-0473,
2023-10-19,1000,Cash – SNB Operating SAR,687434.19,0.0,AR-2023-1079,Collection
2023-10-19,1100,Accounts Receivable,0.0,687434.19,AR-2023-1079,Collection
2023-10-19,1000,Cash – SNB Operating SAR,1026899.95,0.0,AR-2023-1085,Collection
2023-10-19,1100,Accounts Receivable,0.0,1026899.95,AR-2023-1085,Collection
2023-10-19,1100,Accounts Receivable,233298.18,0.0,AR-2023-1156,
2023-10-19,4030,Revenue – Catering,0.0,233298.18,AR-2023-1156,
2023-10-19,1100,Accounts Receivable,758016.34,0.0,AR-2023-1167,
2023-10-19,4030,Revenue – Catering,0.0,758016.34,AR-2023-1167,
2023-10-19,2000,Accounts Payable,139564.05,0.0,INV-2023-0188,Payment
2023-10-19,1000,Cash – SNB Operating SAR,0.0,139564.05,INV-2023-0188,Payment
2023-10-19,5000,COGS – Food,162929.92,0.0,INV-2023-0245,
2023-10-19,2000,Accounts Payable,0.0,162929.92,INV-2023-0245,
2023-10-19,5010,COGS – Beverages,70418.73,0.0,INV-2023-0506,
2023-10-19,2000,Accounts Payable,0.0,70418.73,INV-2023-0506,
2023-10-19,2000,Accounts Payable,173207.42,0.0,INV-2023-0531,Payment
2023-10-19,1000,Cash – SNB Operating SAR,0.0,173207.42,INV-2023-0531,Payment
2023-10-19,2000,Accounts Payable,175735.23,0.0,INV-2023-0617,Payment
2023-10-19,1000,Cash – SNB Operating SAR,0.0,175735.23,INV-2023-0617,Payment
2023-10-19,5020,COGS – Household,69481.69,0.0,INV-2023-0628,Bulk SKUs — monthly replenishment
2023-10-19,2000,Accounts Payable,0.0,69481.69,INV-2023-0628,
2023-10-19,2000,Accounts Payable,234418.97,0.0,INV-2023-0943,Payment
2023-10-19,1000,Cash – SNB Operating SAR,0.0,234418.97,INV-2023-0943,Payment
2023-10-19,2000,Accounts Payable,227573.65,0.0,INV-2023-1023,Payment
2023-10-19,1000,Cash – SNB Operating SAR,0.0,227573.65,INV-2023-1023,Payment
2023-10-20,1100,Accounts Receivable,258448.54,0.0,AR-2023-0276,
2023-10-20,4000,Revenue – Modern Trade,0.0,258448.54,AR-2023-0276,
2023-10-20,1100,Accounts Receivable,993763.05,0.0,AR-2023-0477,
2023-10-20,4010,Revenue – Hospitality,0.0,993763.05,AR-2023-0477,
2023-10-20,1000,Cash – SNB Operating SAR,133530.07,0.0,AR-2023-1068,Collection
2023-10-20,1100,Accounts Receivable,0.0,133530.07,AR-2023-1068,Collection
2023-10-20,1000,Cash – SNB Operating SAR,187414.34,0.0,AR-2023-1080,Collection
2023-10-20,1100,Accounts Receivable,0.0,187414.34,AR-2023-1080,Collection
2023-10-20,1000,Cash – SNB Operating SAR,383097.32,0.0,AR-2023-1089,Collection
2023-10-20,1100,Accounts Receivable,0.0,383097.32,AR-2023-1089,Collection
2023-10-20,5000,COGS – Food,97200.31,0.0,INV-2023-0174,OTC & consumer health replenishment
2023-10-20,2000,Accounts Payable,0.0,97200.31,INV-2023-0174,
2023-10-20,2000,Accounts Payable,174382.67,0.0,INV-2023-0240,Payment
2023-10-20,1000,Cash – SNB Operating SAR,0.0,174382.67,INV-2023-0240,Payment
2023-10-20,2000,Accounts Payable,66932.94,0.0,INV-2023-0676,Payment
2023-10-20,1000,Cash – SNB Operating SAR,0.0,66932.94,INV-2023-0676,Payment
2023-10-20,6300,Logistics – 3PL,303966.51,0.0,INV-2023-0984,Line-haul & distribution services
2023-10-20,2000,Accounts Payable,0.0,303966.51,INV-2023-0984,
2023-10-21,1100,Accounts Receivable,795393.67,0.0,AR-2023-0274,
2023-10-21,4000,Revenue – Modern Trade,0.0,795393.67,AR-2023-0274,
2023-10-21,1100,Accounts Receivable,394409.67,0.0,AR-2023-0702,
2023-10-21,4020,Revenue – Government,0.0,394409.67,AR-2023-0702,
2023-10-21,1100,Accounts Receivable,436637.52,0.0,AR-2023-0708,
2023-10-21,4020,Revenue – Government,0.0,436637.52,AR-2023-0708,
2023-10-21,1000,Cash – SNB Operating SAR,612079.58,0.0,AR-2023-1078,Collection
2023-10-21,1100,Accounts Receivable,0.0,612079.58,AR-2023-1078,Collection
2023-10-21,1100,Accounts Receivable,219104.34,0.0,AR-2023-1140,
2023-10-21,4030,Revenue – Catering,0.0,219104.34,AR-2023-1140,
2023-10-21,1100,Accounts Receivable,769450.03,0.0,AR-2023-1152,
2023-10-21,4030,Revenue – Catering,0.0,769450.03,AR-2023-1152,
2023-10-21,2000,Accounts Payable,82775.84,0.0,INV-2023-0304,Payment
2023-10-21,1000,Cash – SNB Operating SAR,0.0,82775.84,INV-2023-0304,Payment
2023-10-21,5020,COGS – Household,81264.08,0.0,INV-2023-0681,Antibiotics + analgesics — bulk SKUs
2023-10-21,2000,Accounts Payable,0.0,81264.08,INV-2023-0681,
2023-10-21,5030,COGS – Cosmetics,165549.14,0.0,INV-2023-0807,
2023-10-21,2000,Accounts Payable,0.0,165549.14,INV-2023-0807,
2023-10-21,2000,Accounts Payable,346008.89,0.0,INV-2023-0966,Payment
2023-10-21,1000,Cash – SNB Operating SAR,0.0,346008.89,INV-2023-0966,Payment
2023-10-21,6200,Marketing & Advertising,32326.24,0.0,INV-2023-1113,
2023-10-21,2000,Accounts Payable,0.0,32326.24,INV-2023-1113,
2023-10-22,1100,Accounts Receivable,226893.52,0.0,AR-2023-0278,
2023-10-22,4000,Revenue – Modern Trade,0.0,226893.52,AR-2023-0278,
2023-10-22,1100,Accounts Receivable,328685.32,0.0,AR-2023-0282,
2023-10-22,4000,Revenue – Modern Trade,0.0,328685.32,AR-2023-0282,
2023-10-22,1100,Accounts Receivable,823529.36,0.0,AR-2023-0291,
2023-10-22,4000,Revenue – Modern Trade,0.0,823529.36,AR-2023-0291,
2023-10-22,1100,Accounts Receivable,753368.11,0.0,AR-2023-0696,
2023-10-22,4020,Revenue – Government,0.0,753368.11,AR-2023-0696,
2023-10-22,1000,Cash – SNB Operating SAR,93213.65,0.0,AR-2023-1088,Collection
2023-10-22,1100,Accounts Receivable,0.0,93213.65,AR-2023-1088,Collection
2023-10-22,1100,Accounts Receivable,209400.77,0.0,AR-2023-1157,
2023-10-22,4030,Revenue – Catering,0.0,209400.77,AR-2023-1157,
2023-10-22,2000,Accounts Payable,120014.11,0.0,INV-2023-0184,Payment
2023-10-22,1000,Cash – SNB Operating SAR,0.0,120014.11,INV-2023-0184,Payment
2023-10-22,5020,COGS – Household,95498.31,0.0,INV-2023-0577,Bulk SKUs — monthly replenishment
2023-10-22,2000,Accounts Payable,0.0,95498.31,INV-2023-0577,
2023-10-22,5020,COGS – Household,138356.84,0.0,INV-2023-0659,Antibiotics + analgesics — bulk SKUs
2023-10-22,2000,Accounts Payable,0.0,138356.84,INV-2023-0659,
2023-10-22,5020,COGS – Household,157981.66,0.0,INV-2023-0692,Antibiotics + analgesics — bulk SKUs
2023-10-22,2000,Accounts Payable,0.0,157981.66,INV-2023-0692,
2023-10-22,2000,Accounts Payable,114227.33,0.0,INV-2023-0712,Payment
2023-10-22,1000,Cash – SNB Operating SAR,0.0,114227.33,INV-2023-0712,Payment
2023-10-22,5030,COGS – Cosmetics,100945.25,0.0,INV-2023-0787,
2023-10-22,2000,Accounts Payable,0.0,100945.25,INV-2023-0787,
2023-10-22,2000,Accounts Payable,47132.75,0.0,INV-2023-1155,Payment
2023-10-22,1000,Cash – SNB Operating SAR,0.0,47132.75,INV-2023-1155,Payment
2023-10-23,1000,Cash – SNB Operating SAR,754296.61,0.0,AR-2023-0247,Collection
2023-10-23,1100,Accounts Receivable,0.0,754296.61,AR-2023-0247,Collection
2023-10-23,1100,Accounts Receivable,912460.43,0.0,AR-2023-0287,
2023-10-23,4000,Revenue – Modern Trade,0.0,912460.43,AR-2023-0287,
2023-10-23,1000,Cash – SNB Operating SAR,456066.91,0.0,AR-2023-0446,Collection
2023-10-23,1100,Accounts Receivable,0.0,456066.91,AR-2023-0446,Collection
2023-10-23,1100,Accounts Receivable,486754.45,0.0,AR-2023-0479,
2023-10-23,4010,Revenue – Hospitality,0.0,486754.45,AR-2023-0479,
2023-10-23,1000,Cash – SNB Operating SAR,412685.7,0.0,AR-2023-0661,Collection
2023-10-23,1100,Accounts Receivable,0.0,412685.7,AR-2023-0661,Collection
2023-10-23,1000,Cash – SNB Operating SAR,283097.92,0.0,AR-2023-1055,Collection
2023-10-23,1100,Accounts Receivable,0.0,283097.92,AR-2023-1055,Collection
2023-10-23,1000,Cash – SNB Operating SAR,451152.5,0.0,AR-2023-1095,Collection
2023-10-23,1100,Accounts Receivable,0.0,451152.5,AR-2023-1095,Collection
2023-10-23,1100,Accounts Receivable,1054996.59,0.0,AR-2023-1134,
2023-10-23,4030,Revenue – Catering,0.0,1054996.59,AR-2023-1134,
2023-10-23,1100,Accounts Receivable,607102.01,0.0,AR-2023-1136,
2023-10-23,4030,Revenue – Catering,0.0,607102.01,AR-2023-1136,
2023-10-23,1100,Accounts Receivable,666287.2,0.0,AR-2023-1160,
2023-10-23,4030,Revenue – Catering,0.0,666287.2,AR-2023-1160,
2023-10-23,1000,Cash – SNB Operating SAR,213106.45,0.0,AR-2023-1164,Collection
2023-10-23,1100,Accounts Receivable,0.0,213106.45,AR-2023-1164,Collection
2023-10-23,1100,Accounts Receivable,582168.89,0.0,AR-2023-1168,
2023-10-23,4030,Revenue – Catering,0.0,582168.89,AR-2023-1168,
2023-10-23,5000,COGS – Food,157416.1,0.0,INV-2023-0127,Bulk SKUs — monthly replenishment
2023-10-23,2000,Accounts Payable,0.0,157416.1,INV-2023-0127,
2023-10-23,2000,Accounts Payable,76182.27,0.0,INV-2023-0691,Payment
2023-10-23,1000,Cash – SNB Operating SAR,0.0,76182.27,INV-2023-0691,Payment
2023-10-23,5020,COGS – Household,91301.93,0.0,INV-2023-0742,OTC & consumer health replenishment
2023-10-23,2000,Accounts Payable,0.0,91301.93,INV-2023-0742,
2023-10-23,5030,COGS – Cosmetics,71002.98,0.0,INV-2023-0779,Antibiotics + analgesics — bulk SKUs
2023-10-23,2000,Accounts Payable,0.0,71002.98,INV-2023-0779,
2023-10-24,1000,Cash – SNB Operating SAR,239664.05,0.0,AR-2023-0266,Collection
2023-10-24,1100,Accounts Receivable,0.0,239664.05,AR-2023-0266,Collection
2023-10-24,1100,Accounts Receivable,612581.46,0.0,AR-2023-0271,
2023-10-24,4000,Revenue – Modern Trade,0.0,612581.46,AR-2023-0271,
2023-10-24,1100,Accounts Receivable,139109.49,0.0,AR-2023-0294,
2023-10-24,4000,Revenue – Modern Trade,0.0,139109.49,AR-2023-0294,
2023-10-24,1100,Accounts Receivable,487466.45,0.0,AR-2023-0698,
2023-10-24,4020,Revenue – Government,0.0,487466.45,AR-2023-0698,
2023-10-24,1100,Accounts Receivable,686343.52,0.0,AR-2023-0713,
2023-10-24,4020,Revenue – Government,0.0,686343.52,AR-2023-0713,
2023-10-24,1000,Cash – SNB Operating SAR,112677.23,0.0,AR-2023-1077,Collection
2023-10-24,1100,Accounts Receivable,0.0,112677.23,AR-2023-1077,Collection
2023-10-24,1000,Cash – SNB Operating SAR,111436.27,0.0,AR-2023-1114,Collection
2023-10-24,1100,Accounts Receivable,0.0,111436.27,AR-2023-1114,Collection
2023-10-24,1100,Accounts Receivable,61493.19,0.0,AR-2023-1137,
2023-10-24,4030,Revenue – Catering,0.0,61493.19,AR-2023-1137,
2023-10-24,1100,Accounts Receivable,296562.99,0.0,AR-2023-1145,
2023-10-24,4030,Revenue – Catering,0.0,296562.99,AR-2023-1145,
2023-10-24,1100,Accounts Receivable,442889.11,0.0,AR-2023-1150,
2023-10-24,4030,Revenue – Catering,0.0,442889.11,AR-2023-1150,
2023-10-24,1100,Accounts Receivable,1054996.59,0.0,AR-2023-1151,
2023-10-24,4030,Revenue – Catering,0.0,1054996.59,AR-2023-1151,
2023-10-24,2000,Accounts Payable,423718.78,0.0,INV-2023-0048,Payment
2023-10-24,1000,Cash – SNB Operating SAR,0.0,423718.78,INV-2023-0048,Payment
2023-10-24,5000,COGS – Food,162491.37,0.0,INV-2023-0081,
2023-10-24,2000,Accounts Payable,0.0,162491.37,INV-2023-0081,
2023-10-24,5010,COGS – Beverages,75450.28,0.0,INV-2023-0332,Antibiotics + analgesics — bulk SKUs
2023-10-24,2000,Accounts Payable,0.0,75450.28,INV-2023-0332,
2023-10-24,5010,COGS – Beverages,159001.33,0.0,INV-2023-0363,
2023-10-24,2000,Accounts Payable,0.0,159001.33,INV-2023-0363,
2023-10-24,2000,Accounts Payable,113116.39,0.0,INV-2023-0479,Payment
2023-10-24,1000,Cash – SNB Operating SAR,0.0,113116.39,INV-2023-0479,Payment
2023-10-24,5030,COGS – Cosmetics,163471.71,0.0,INV-2023-0863,
2023-10-24,2000,Accounts Payable,0.0,163471.71,INV-2023-0863,
2023-10-24,2000,Accounts Payable,310287.38,0.0,INV-2023-0977,Payment
2023-10-24,1000,Cash – SNB Operating SAR,0.0,310287.38,INV-2023-0977,Payment
2023-10-24,6300,Logistics – 3PL,91008.51,0.0,INV-2023-1000,Line-haul & distribution services
2023-10-24,2000,Accounts Payable,0.0,91008.51,INV-2023-1000,
2023-10-24,2000,Accounts Payable,290505.57,0.0,INV-2023-1073,Payment
2023-10-24,1000,Cash – SNB Operating SAR,0.0,290505.57,INV-2023-1073,Payment
2023-10-24,2000,Accounts Payable,72481.88,0.0,INV-2023-1144,Payment
2023-10-24,1000,Cash – SNB Operating SAR,0.0,72481.88,INV-2023-1144,Payment
2023-10-24,1020,Cash – ANB Payroll SAR,3528334.33,0.0,JE-20231001,Transfer SNB -> ANB payroll funding
2023-10-24,1000,Cash – SNB Operating SAR,0.0,3528334.33,JE-20231001,Transfer SNB -> ANB payroll funding
2023-10-25,1000,Cash – SNB Operating SAR,144782.68,0.0,AR-2023-0236,Collection
2023-10-25,1100,Accounts Receivable,0.0,144782.68,AR-2023-0236,Collection
2023-10-25,1100,Accounts Receivable,1048335.4,0.0,AR-2023-0267,
2023-10-25,4000,Revenue – Modern Trade,0.0,1048335.4,AR-2023-0267,
2023-10-25,1100,Accounts Receivable,540234.07,0.0,AR-2023-0277,
2023-10-25,4000,Revenue – Modern Trade,0.0,540234.07,AR-2023-0277,
2023-10-25,1100,Accounts Receivable,271278.08,0.0,AR-2023-0289,
2023-10-25,4000,Revenue – Modern Trade,0.0,271278.08,AR-2023-0289,
2023-10-25,1100,Accounts Receivable,239511.73,0.0,AR-2023-0483,
2023-10-25,4010,Revenue – Hospitality,0.0,239511.73,AR-2023-0483,
2023-10-25,1000,Cash – SNB Operating SAR,641116.68,0.0,AR-2023-0685,Collection
2023-10-25,1100,Accounts Receivable,0.0,641116.68,AR-2023-0685,Collection
2023-10-25,1000,Cash – SNB Operating SAR,1151340.34,0.0,AR-2023-1111,Collection
2023-10-25,1100,Accounts Receivable,0.0,1151340.34,AR-2023-1111,Collection
2023-10-25,1100,Accounts Receivable,440468.64,0.0,AR-2023-1153,
2023-10-25,4030,Revenue – Catering,0.0,440468.64,AR-2023-1153,
2023-10-25,5000,COGS – Food,78001.49,0.0,INV-2023-0111,
2023-10-25,2000,Accounts Payable,0.0,78001.49,INV-2023-0111,
2023-10-25,5020,COGS – Household,78426.81,0.0,INV-2023-0603,
2023-10-25,2000,Accounts Payable,0.0,78426.81,INV-2023-0603,
2023-10-25,2000,Accounts Payable,126620.08,0.0,INV-2023-0866,Payment
2023-10-25,1000,Cash – SNB Operating SAR,0.0,126620.08,INV-2023-0866,Payment
2023-10-25,2000,Accounts Payable,103222.67,0.0,INV-2023-0905,Payment
2023-10-25,1000,Cash – SNB Operating SAR,0.0,103222.67,INV-2023-0905,Payment
2023-10-25,2000,Accounts Payable,279240.36,0.0,INV-2023-1033,Payment
2023-10-25,1000,Cash – SNB Operating SAR,0.0,279240.36,INV-2023-1033,Payment
2023-10-25,6000,Salaries & Wages,3201755.29,0.0,PAY-2023-10,Payroll batch
2023-10-25,6020,GOSI Contributions,326579.04,0.0,PAY-2023-10,Payroll batch
2023-10-25,2110,Accrued Payroll,0.0,3528334.33,PAY-2023-10,Payroll batch
2023-10-26,1000,Cash – SNB Operating SAR,488747.28,0.0,AR-2023-0262,Collection
2023-10-26,1100,Accounts Receivable,0.0,488747.28,AR-2023-0262,Collection
2023-10-26,1100,Accounts Receivable,971624.18,0.0,AR-2023-0285,
2023-10-26,4000,Revenue – Modern Trade,0.0,971624.18,AR-2023-0285,
2023-10-26,1000,Cash – SNB Operating SAR,742624.94,0.0,AR-2023-0465,Collection
2023-10-26,1100,Accounts Receivable,0.0,742624.94,AR-2023-0465,Collection
2023-10-26,1100,Accounts Receivable,727878.01,0.0,AR-2023-0703,
2023-10-26,4020,Revenue – Government,0.0,727878.01,AR-2023-0703,
2023-10-26,1100,Accounts Receivable,333688.19,0.0,AR-2023-0704,
2023-10-26,4020,Revenue – Government,0.0,333688.19,AR-2023-0704,
2023-10-26,1100,Accounts Receivable,983886.37,0.0,AR-2023-0705,
2023-10-26,4020,Revenue – Government,0.0,983886.37,AR-2023-0705,
2023-10-26,1000,Cash – SNB Operating SAR,160081.68,0.0,AR-2023-1065,Collection
2023-10-26,1100,Accounts Receivable,0.0,160081.68,AR-2023-1065,Collection
2023-10-26,1000,Cash – SNB Operating SAR,165587.83,0.0,AR-2023-1066,Collection
2023-10-26,1100,Accounts Receivable,0.0,165587.83,AR-2023-1066,Collection
2023-10-26,1100,Accounts Receivable,337013.94,0.0,AR-2023-1130,
2023-10-26,4030,Revenue – Catering,0.0,337013.94,AR-2023-1130,
2023-10-26,1100,Accounts Receivable,495992.09,0.0,AR-2023-1141,
2023-10-26,4030,Revenue – Catering,0.0,495992.09,AR-2023-1141,
2023-10-26,2000,Accounts Payable,168510.34,0.0,INV-2023-0062,Payment
2023-10-26,1000,Cash – SNB Operating SAR,0.0,168510.34,INV-2023-0062,Payment
2023-10-26,5030,COGS – Cosmetics,88572.27,0.0,INV-2023-0774,Antibiotics + analgesics — bulk SKUs
2023-10-26,2000,Accounts Payable,0.0,88572.27,INV-2023-0774,
2023-10-26,5030,COGS – Cosmetics,99611.69,0.0,INV-2023-0778,Bulk SKUs — monthly replenishment
2023-10-26,2000,Accounts Payable,0.0,99611.69,INV-2023-0778,
2023-10-26,2000,Accounts Payable,67787.52,0.0,INV-2023-0794,Payment
2023-10-26,1000,Cash – SNB Operating SAR,0.0,67787.52,INV-2023-0794,Payment
2023-10-26,6200,Marketing & Advertising,35777.65,0.0,INV-2023-1126,
2023-10-26,2000,Accounts Payable,0.0,35777.65,INV-2023-1126,
2023-10-26,2110,Accrued Payroll,3528334.33,0.0,PAY-2023-10,Payroll settlement
2023-10-26,1020,Cash – ANB Payroll SAR,0.0,3528334.33,PAY-2023-10,Payroll settlement
2023-10-27,1000,Cash – SNB Operating SAR,385245.73,0.0,AR-2023-0206,Collection
2023-10-27,1100,Accounts Receivable,0.0,385245.73,AR-2023-0206,Collection
2023-10-27,1000,Cash – SNB Operating SAR,430954.45,0.0,AR-2023-0251,Collection
2023-10-27,1100,Accounts Receivable,0.0,430954.45,AR-2023-0251,Collection
2023-10-27,1000,Cash – SNB Operating SAR,153539.74,0.0,AR-2023-0256,Collection
2023-10-27,1100,Accounts Receivable,0.0,153539.74,AR-2023-0256,Collection
2023-10-27,1000,Cash – SNB Operating SAR,66668.37,0.0,AR-2023-0260,Collection
2023-10-27,1100,Accounts Receivable,0.0,66668.37,AR-2023-0260,Collection
2023-10-27,1100,Accounts Receivable,321564.28,0.0,AR-2023-0280,
2023-10-27,4000,Revenue – Modern Trade,0.0,321564.28,AR-2023-0280,
2023-10-27,1000,Cash – SNB Operating SAR,136389.86,0.0,AR-2023-1076,Collection
2023-10-27,1100,Accounts Receivable,0.0,136389.86,AR-2023-1076,Collection
2023-10-27,1000,Cash – SNB Operating SAR,1151340.34,0.0,AR-2023-1090,Collection
2023-10-27,1100,Accounts Receivable,0.0,1151340.34,AR-2023-1090,Collection
2023-10-27,1000,Cash – SNB Operating SAR,420002.64,0.0,AR-2023-1115,Collection
2023-10-27,1100,Accounts Receivable,0.0,420002.64,AR-2023-1115,Collection
2023-10-27,1100,Accounts Receivable,515307.3,0.0,AR-2023-1138,
2023-10-27,4030,Revenue – Catering,0.0,515307.3,AR-2023-1138,
2023-10-27,1100,Accounts Receivable,742487.63,0.0,AR-2023-1159,
2023-10-27,4030,Revenue – Catering,0.0,742487.63,AR-2023-1159,
2023-10-27,1100,Accounts Receivable,206492.15,0.0,AR-2023-1162,
2023-10-27,4030,Revenue – Catering,0.0,206492.15,AR-2023-1162,
2023-10-27,2000,Accounts Payable,411065.95,0.0,INV-2023-0046,Payment
2023-10-27,1000,Cash – SNB Operating SAR,0.0,411065.95,INV-2023-0046,Payment
2023-10-27,5000,COGS – Food,62411.43,0.0,INV-2023-0075,Antibiotics + analgesics — bulk SKUs
2023-10-27,2000,Accounts Payable,0.0,62411.43,INV-2023-0075,
2023-10-27,5000,COGS – Food,75608.51,0.0,INV-2023-0196,Bulk SKUs — monthly replenishment
2023-10-27,2000,Accounts Payable,0.0,75608.51,INV-2023-0196,
2023-10-27,5000,COGS – Food,172893.16,0.0,INV-2023-0222,OTC & consumer health replenishment
2023-10-27,2000,Accounts Payable,0.0,172893.16,INV-2023-0222,
2023-10-27,5010,COGS – Beverages,172285.64,0.0,INV-2023-0341,
2023-10-27,2000,Accounts Payable,0.0,172285.64,INV-2023-0341,
2023-10-27,2000,Accounts Payable,173193.39,0.0,INV-2023-0458,Payment
2023-10-27,1000,Cash – SNB Operating SAR,0.0,173193.39,INV-2023-0458,Payment
2023-10-27,2000,Accounts Payable,173571.75,0.0,INV-2023-0561,Payment
2023-10-27,1000,Cash – SNB Operating SAR,0.0,173571.75,INV-2023-0561,Payment
2023-10-27,5020,COGS – Household,91276.4,0.0,INV-2023-0662,
2023-10-27,2000,Accounts Payable,0.0,91276.4,INV-2023-0662,
2023-10-27,5020,COGS – Household,144934.97,0.0,INV-2023-0705,
2023-10-27,2000,Accounts Payable,0.0,144934.97,INV-2023-0705,
2023-10-27,2000,Accounts Payable,109630.19,0.0,INV-2023-0745,Payment
2023-10-27,1000,Cash – SNB Operating SAR,0.0,109630.19,INV-2023-0745,Payment
2023-10-27,2000,Accounts Payable,161607.3,0.0,INV-2023-0840,Payment
2023-10-27,1000,Cash – SNB Operating SAR,0.0,161607.3,INV-2023-0840,Payment
2023-10-27,2000,Accounts Payable,109806.08,0.0,INV-2023-0854,Payment
2023-10-27,1000,Cash – SNB Operating SAR,0.0,109806.08,INV-2023-0854,Payment
2023-10-27,2900,Intercompany – Group Treasury Sweep,22377040.79,0.0,JE-20231090,Treasury sweep to Tamween Holdco cash pool
2023-10-27,1000,Cash – SNB Operating SAR,0.0,22377040.79,JE-20231090,Treasury sweep to Tamween Holdco cash pool
2023-10-28,1000,Cash – SNB Operating SAR,1048335.4,0.0,AR-2023-0281,Collection
2023-10-28,1100,Accounts Receivable,0.0,1048335.4,AR-2023-0281,Collection
2023-10-28,1100,Accounts Receivable,305153.73,0.0,AR-2023-0292,
2023-10-28,4000,Revenue – Modern Trade,0.0,305153.73,AR-2023-0292,
2023-10-28,1000,Cash – SNB Operating SAR,301544.37,0.0,AR-2023-0461,Collection
2023-10-28,1100,Accounts Receivable,0.0,301544.37,AR-2023-0461,Collection
2023-10-28,1000,Cash – SNB Operating SAR,650697.7,0.0,AR-2023-0467,Collection
2023-10-28,1100,Accounts Receivable,0.0,650697.7,AR-2023-0467,Collection
2023-10-28,1000,Cash – SNB Operating SAR,585594.4,0.0,AR-2023-0675,Collection
2023-10-28,1100,Accounts Receivable,0.0,585594.4,AR-2023-0675,Collection
2023-10-28,1000,Cash – SNB Operating SAR,249627.45,0.0,AR-2023-0683,Collection
2023-10-28,1100,Accounts Receivable,0.0,249627.45,AR-2023-0683,Collection
2023-10-28,1000,Cash – SNB Operating SAR,572271.57,0.0,AR-2023-0692,Collection
2023-10-28,1100,Accounts Receivable,0.0,572271.57,AR-2023-0692,Collection
2023-10-28,1100,Accounts Receivable,463403.87,0.0,AR-2023-0701,
2023-10-28,4020,Revenue – Government,0.0,463403.87,AR-2023-0701,
2023-10-28,1100,Accounts Receivable,162189.19,0.0,AR-2023-1128,
2023-10-28,4030,Revenue – Catering,0.0,162189.19,AR-2023-1128,
2023-10-28,5000,COGS – Food,79298.53,0.0,INV-2023-0118,Bulk SKUs — monthly replenishment
2023-10-28,2000,Accounts Payable,0.0,79298.53,INV-2023-0118,
2023-10-28,5000,COGS – Food,84892.61,0.0,INV-2023-0234,
2023-10-28,2000,Accounts Payable,0.0,84892.61,INV-2023-0234,
2023-10-28,2000,Accounts Payable,147172.22,0.0,INV-2023-0374,Payment
2023-10-28,1000,Cash – SNB Operating SAR,0.0,147172.22,INV-2023-0374,Payment
2023-10-28,5030,COGS – Cosmetics,89261.92,0.0,INV-2023-0789,Antibiotics + analgesics — bulk SKUs
2023-10-28,2000,Accounts Payable,0.0,89261.92,INV-2023-0789,
2023-10-28,6500,Depreciation Expense,400000.0,0.0,DEP-2023-10,PPE monthly depreciation accrual
2023-10-28,1510,Accumulated Depreciation – PPE,0.0,400000.0,DEP-2023-10,PPE monthly depreciation accrual
2023-10-29,1100,Accounts Receivable,159869.98,0.0,AR-2023-0296,
2023-10-29,4000,Revenue – Modern Trade,0.0,159869.98,AR-2023-0296,
2023-10-29,1000,Cash – SNB Operating SAR,1037311.62,0.0,AR-2023-0466,Collection
2023-10-29,1100,Accounts Receivable,0.0,1037311.62,AR-2023-0466,Collection
2023-10-29,1100,Accounts Receivable,248136.22,0.0,AR-2023-0474,
2023-10-29,4010,Revenue – Hospitality,0.0,248136.22,AR-2023-0474,
2023-10-29,1100,Accounts Receivable,513821.91,0.0,AR-2023-0480,
2023-10-29,4010,Revenue – Hospitality,0.0,513821.91,AR-2023-0480,
2023-10-29,2000,Accounts Payable,399473.66,0.0,INV-2023-0047,Payment
2023-10-29,1000,Cash – SNB Operating SAR,0.0,399473.66,INV-2023-0047,Payment
2023-10-29,5000,COGS – Food,60999.17,0.0,INV-2023-0065,Antibiotics + analgesics — bulk SKUs
2023-10-29,2000,Accounts Payable,0.0,60999.17,INV-2023-0065,
2023-10-29,5000,COGS – Food,148608.66,0.0,INV-2023-0279,
2023-10-29,2000,Accounts Payable,0.0,148608.66,INV-2023-0279,
2023-10-29,5010,COGS – Beverages,111721.73,0.0,INV-2023-0410,Antibiotics + analgesics — bulk SKUs
2023-10-29,2000,Accounts Payable,0.0,111721.73,INV-2023-0410,
2023-10-29,5020,COGS – Household,167767.58,0.0,INV-2023-0580,Antibiotics + analgesics — bulk SKUs
2023-10-29,2000,Accounts Payable,0.0,167767.58,INV-2023-0580,
2023-10-29,5030,COGS – Cosmetics,152520.03,0.0,INV-2023-0892,
2023-10-29,2000,Accounts Payable,0.0,152520.03,INV-2023-0892,
2023-10-29,5030,COGS – Cosmetics,152334.61,0.0,INV-2023-0929,
2023-10-29,2000,Accounts Payable,0.0,152334.61,INV-2023-0929,
2023-10-29,2000,Accounts Payable,143536.18,0.0,INV-2023-0930,Payment
2023-10-29,1000,Cash – SNB Operating SAR,0.0,143536.18,INV-2023-0930,Payment
2023-10-29,2000,Accounts Payable,82665.56,0.0,INV-2023-0936,Payment
2023-10-29,1000,Cash – SNB Operating SAR,0.0,82665.56,INV-2023-0936,Payment
2023-10-30,1100,Accounts Receivable,542507.02,0.0,AR-2023-0273,
2023-10-30,4000,Revenue – Modern Trade,0.0,542507.02,AR-2023-0273,
2023-10-30,1100,Accounts Receivable,503147.97,0.0,AR-2023-0471,
2023-10-30,4010,Revenue – Hospitality,0.0,503147.97,AR-2023-0471,
2023-10-30,1100,Accounts Receivable,388340.97,0.0,AR-2023-1133,
2023-10-30,4030,Revenue – Catering,0.0,388340.97,AR-2023-1133,
2023-10-30,1100,Accounts Receivable,111347.6,0.0,AR-2023-1139,
2023-10-30,4030,Revenue – Catering,0.0,111347.6,AR-2023-1139,
2023-10-30,5000,COGS – Food,150089.23,0.0,INV-2023-0176,
2023-10-30,2000,Accounts Payable,0.0,150089.23,INV-2023-0176,
2023-10-30,5000,COGS – Food,171802.25,0.0,INV-2023-0237,Antibiotics + analgesics — bulk SKUs
2023-10-30,2000,Accounts Payable,0.0,171802.25,INV-2023-0237,
2023-10-30,5000,COGS – Food,78589.11,0.0,INV-2023-0249,Antibiotics + analgesics — bulk SKUs
2023-10-30,2000,Accounts Payable,0.0,78589.11,INV-2023-0249,
2023-10-30,5010,COGS – Beverages,131627.6,0.0,INV-2023-0411,
2023-10-30,2000,Accounts Payable,0.0,131627.6,INV-2023-0411,
2023-10-30,5010,COGS – Beverages,167714.55,0.0,INV-2023-0451,Bulk SKUs — monthly replenishment
2023-10-30,2000,Accounts Payable,0.0,167714.55,INV-2023-0451,
2023-10-30,2000,Accounts Payable,78443.21,0.0,INV-2023-0517,Payment
2023-10-30,1000,Cash – SNB Operating SAR,0.0,78443.21,INV-2023-0517,Payment
2023-10-30,5020,COGS – Household,82090.56,0.0,INV-2023-0663,
2023-10-30,2000,Accounts Payable,0.0,82090.56,INV-2023-0663,
2023-10-30,2000,Accounts Payable,67614.58,0.0,INV-2023-0714,Payment
2023-10-30,1000,Cash – SNB Operating SAR,0.0,67614.58,INV-2023-0714,Payment
2023-10-30,2000,Accounts Payable,167194.6,0.0,INV-2023-0752,Payment
2023-10-30,1000,Cash – SNB Operating SAR,0.0,167194.6,INV-2023-0752,Payment
2023-10-30,5030,COGS – Cosmetics,74721.37,0.0,INV-2023-0795,
2023-10-30,2000,Accounts Payable,0.0,74721.37,INV-2023-0795,
2023-10-30,5030,COGS – Cosmetics,158198.89,0.0,INV-2023-0856,
2023-10-30,2000,Accounts Payable,0.0,158198.89,INV-2023-0856,
2023-10-30,2000,Accounts Payable,307400.36,0.0,INV-2023-0948,Payment
2023-10-30,1000,Cash – SNB Operating SAR,0.0,307400.36,INV-2023-0948,Payment
2023-10-30,6300,Logistics – 3PL,351093.11,0.0,INV-2023-1060,Line-haul & distribution services
2023-10-30,2000,Accounts Payable,0.0,351093.11,INV-2023-1060,
2023-10-31,1000,Cash – SNB Operating SAR,588639.49,0.0,AR-2023-0255,Collection
2023-10-31,1100,Accounts Receivable,0.0,588639.49,AR-2023-0255,Collection
2023-10-31,1000,Cash – SNB Operating SAR,1051544.14,0.0,AR-2023-0258,Collection
2023-10-31,1100,Accounts Receivable,0.0,1051544.14,AR-2023-0258,Collection
2023-10-31,1000,Cash – SNB Operating SAR,215267.65,0.0,AR-2023-0463,Collection
2023-10-31,1100,Accounts Receivable,0.0,215267.65,AR-2023-0463,Collection
2023-10-31,1000,Cash – SNB Operating SAR,935496.69,0.0,AR-2023-1045,Collection
2023-10-31,1100,Accounts Receivable,0.0,935496.69,AR-2023-1045,Collection
2023-10-31,1000,Cash – SNB Operating SAR,969169.47,0.0,AR-2023-1086,Collection
2023-10-31,1100,Accounts Receivable,0.0,969169.47,AR-2023-1086,Collection
2023-10-31,1000,Cash – SNB Operating SAR,237271.77,0.0,AR-2023-1113,Collection
2023-10-31,1100,Accounts Receivable,0.0,237271.77,AR-2023-1113,Collection
2023-10-31,1000,Cash – SNB Operating SAR,427658.81,0.0,AR-2023-1122,Collection
2023-10-31,1100,Accounts Receivable,0.0,427658.81,AR-2023-1122,Collection
2023-10-31,1000,Cash – SNB Operating SAR,389428.02,0.0,AR-2023-1125,Collection
2023-10-31,1100,Accounts Receivable,0.0,389428.02,AR-2023-1125,Collection
2023-10-31,2000,Accounts Payable,111735.25,0.0,INV-2023-0522,Payment
2023-10-31,1000,Cash – SNB Operating SAR,0.0,111735.25,INV-2023-0522,Payment
2023-10-31,2000,Accounts Payable,178484.8,0.0,INV-2023-0932,Payment
2023-10-31,1000,Cash – SNB Operating SAR,0.0,178484.8,INV-2023-0932,Payment
2023-10-31,2000,Accounts Payable,271414.93,0.0,INV-2023-1005,Payment
2023-10-31,1000,Cash – SNB Operating SAR,0.0,271414.93,INV-2023-1005,Payment
2023-10-31,2000,Accounts Payable,256044.51,0.0,INV-2023-1052,Payment
2023-10-31,1000,Cash – SNB Operating SAR,0.0,256044.51,INV-2023-1052,Payment
2023-11-01,1000,Cash – SNB Operating SAR,475905.05,0.0,AR-2023-0259,Collection
2023-11-01,1100,Accounts Receivable,0.0,475905.05,AR-2023-0259,Collection
2023-11-01,1100,Accounts Receivable,252281.12,0.0,AR-2023-0314,
2023-11-01,4000,Revenue – Modern Trade,0.0,252281.12,AR-2023-0314,
2023-11-01,1000,Cash – SNB Operating SAR,389004.79,0.0,AR-2023-0478,Collection
2023-11-01,1100,Accounts Receivable,0.0,389004.79,AR-2023-0478,Collection
2023-11-01,1100,Accounts Receivable,254499.85,0.0,AR-2023-0488,
2023-11-01,4010,Revenue – Hospitality,0.0,254499.85,AR-2023-0488,
2023-11-01,1100,Accounts Receivable,482083.17,0.0,AR-2023-0489,
2023-11-01,4010,Revenue – Hospitality,0.0,482083.17,AR-2023-0489,
2023-11-01,1000,Cash – SNB Operating SAR,785587.99,0.0,AR-2023-0684,Collection
2023-11-01,1100,Accounts Receivable,0.0,785587.99,AR-2023-0684,Collection
2023-11-01,1100,Accounts Receivable,531502.74,0.0,AR-2023-0732,
2023-11-01,4020,Revenue – Government,0.0,531502.74,AR-2023-0732,
2023-11-01,1100,Accounts Receivable,381029.68,0.0,AR-2023-0733,
2023-11-01,4020,Revenue – Government,0.0,381029.68,AR-2023-0733,
2023-11-01,1000,Cash – SNB Operating SAR,911667.29,0.0,AR-2023-1127,Collection
2023-11-01,1100,Accounts Receivable,0.0,911667.29,AR-2023-1127,Collection
2023-11-01,1100,Accounts Receivable,900667.38,0.0,AR-2023-1186,
2023-11-01,4030,Revenue – Catering,0.0,900667.38,AR-2023-1186,
2023-11-01,2000,Accounts Payable,397595.22,0.0,INV-2023-0050,Payment
2023-11-01,1000,Cash – SNB Operating SAR,0.0,397595.22,INV-2023-0050,Payment
2023-11-01,5000,COGS – Food,167747.99,0.0,INV-2023-0247,
2023-11-01,2000,Accounts Payable,0.0,167747.99,INV-2023-0247,
2023-11-01,2000,Accounts Payable,117794.76,0.0,INV-2023-0406,Payment
2023-11-01,1000,Cash – SNB Operating SAR,0.0,117794.76,INV-2023-0406,Payment
2023-11-01,5020,COGS – Household,99413.71,0.0,INV-2023-0560,
2023-11-01,2000,Accounts Payable,0.0,99413.71,INV-2023-0560,
2023-11-01,5020,COGS – Household,119906.82,0.0,INV-2023-0641,
2023-11-01,2000,Accounts Payable,0.0,119906.82,INV-2023-0641,
2023-11-01,2000,Accounts Payable,129633.51,0.0,INV-2023-0811,Payment
2023-11-01,1000,Cash – SNB Operating SAR,0.0,129633.51,INV-2023-0811,Payment
2023-11-01,2000,Accounts Payable,176108.93,0.0,INV-2023-0815,Payment
2023-11-01,1000,Cash – SNB Operating SAR,0.0,176108.93,INV-2023-0815,Payment
2023-11-01,5030,COGS – Cosmetics,165442.01,0.0,INV-2023-0852,
2023-11-01,2000,Accounts Payable,0.0,165442.01,INV-2023-0852,
2023-11-01,2000,Accounts Payable,1120595.4,0.0,INV-2023-1095,Payment
2023-11-01,1000,Cash – SNB Operating SAR,0.0,1120595.4,INV-2023-1095,Payment
2023-11-01,6100,Rent Expense,1206802.49,0.0,INV-2023-1096,Warehouse lease — Riyadh South DC
2023-11-01,2000,Accounts Payable,0.0,1206802.49,INV-2023-1096,
2023-11-01,2000,Accounts Payable,60098.12,0.0,INV-2023-1158,Payment
2023-11-01,1000,Cash – SNB Operating SAR,0.0,60098.12,INV-2023-1158,Payment
2023-11-01,6100,Rent Expense,380000.0,0.0,RENT-2023-11,
2023-11-01,1000,Cash – SNB Operating SAR,0.0,380000.0,RENT-2023-11,
2023-11-02,1000,Cash – SNB Operating SAR,571350.12,0.0,AR-2023-0252,Collection
2023-11-02,1100,Accounts Receivable,0.0,571350.12,AR-2023-0252,Collection
2023-11-02,1100,Accounts Receivable,522563.39,0.0,AR-2023-0310,
2023-11-02,4000,Revenue – Modern Trade,0.0,522563.39,AR-2023-0310,
2023-11-02,1000,Cash – SNB Operating SAR,1049513.55,0.0,AR-2023-0457,Collection
2023-11-02,1100,Accounts Receivable,0.0,1049513.55,AR-2023-0457,Collection
2023-11-02,1100,Accounts Receivable,308375.22,0.0,AR-2023-1184,
2023-11-02,4030,Revenue – Catering,0.0,308375.22,AR-2023-1184,
2023-11-02,2000,Accounts Payable,138598.06,0.0,INV-2023-0637,Payment
2023-11-02,1000,Cash – SNB Operating SAR,0.0,138598.06,INV-2023-0637,Payment
2023-11-02,2000,Accounts Payable,354567.52,0.0,INV-2023-1020,Payment
2023-11-02,1000,Cash – SNB Operating SAR,0.0,354567.52,INV-2023-1020,Payment
2023-11-02,6300,Logistics – 3PL,251962.48,0.0,INV-2023-1021,Line-haul & distribution services
2023-11-02,2000,Accounts Payable,0.0,251962.48,INV-2023-1021,
2023-11-02,6100,Rent Expense,854518.99,0.0,INV-2023-1108,Warehouse lease — Riyadh South DC
2023-11-02,2000,Accounts Payable,0.0,854518.99,INV-2023-1108,
2023-11-03,1000,Cash – SNB Operating SAR,160717.9,0.0,AR-2023-0460,Collection
2023-11-03,1100,Accounts Receivable,0.0,160717.9,AR-2023-0460,Collection
2023-11-03,1000,Cash – SNB Operating SAR,190074.15,0.0,AR-2023-0700,Collection
2023-11-03,1100,Accounts Receivable,0.0,190074.15,AR-2023-0700,Collection
2023-11-03,1100,Accounts Receivable,257406.71,0.0,AR-2023-0717,
2023-11-03,4020,Revenue – Government,0.0,257406.71,AR-2023-0717,
2023-11-03,1000,Cash – SNB Operating SAR,350962.63,0.0,AR-2023-1051,Collection
2023-11-03,1100,Accounts Receivable,0.0,350962.63,AR-2023-1051,Collection
2023-11-03,1000,Cash – SNB Operating SAR,687819.12,0.0,AR-2023-1057,Collection
2023-11-03,1100,Accounts Receivable,0.0,687819.12,AR-2023-1057,Collection
2023-11-03,1000,Cash – SNB Operating SAR,130304.84,0.0,AR-2023-1118,Collection
2023-11-03,1100,Accounts Receivable,0.0,130304.84,AR-2023-1118,Collection
2023-11-03,1000,Cash – SNB Operating SAR,199491.69,0.0,AR-2023-1149,Collection
2023-11-03,1100,Accounts Receivable,0.0,199491.69,AR-2023-1149,Collection
2023-11-03,1100,Accounts Receivable,979405.86,0.0,AR-2023-1201,
2023-11-03,4030,Revenue – Catering,0.0,979405.86,AR-2023-1201,
2023-11-03,1100,Accounts Receivable,1021568.8,0.0,AR-2023-1202,
2023-11-03,4030,Revenue – Catering,0.0,1021568.8,AR-2023-1202,
2023-11-03,5000,COGS – Food,69868.01,0.0,INV-2023-0151,
2023-11-03,2000,Accounts Payable,0.0,69868.01,INV-2023-0151,
2023-11-03,2000,Accounts Payable,113220.98,0.0,INV-2023-0163,Payment
2023-11-03,1000,Cash – SNB Operating SAR,0.0,113220.98,INV-2023-0163,Payment
2023-11-03,5010,COGS – Beverages,161407.94,0.0,INV-2023-0320,Antibiotics + analgesics — bulk SKUs
2023-11-03,2000,Accounts Payable,0.0,161407.94,INV-2023-0320,
2023-11-03,2000,Accounts Payable,112183.2,0.0,INV-2023-0823,Payment
2023-11-03,1000,Cash – SNB Operating SAR,0.0,112183.2,INV-2023-0823,Payment
2023-11-03,5030,COGS – Cosmetics,119811.5,0.0,INV-2023-0917,Bulk SKUs — monthly replenishment
2023-11-03,2000,Accounts Payable,0.0,119811.5,INV-2023-0917,
2023-11-03,2000,Accounts Payable,167993.02,0.0,INV-2023-1001,Payment
2023-11-03,1000,Cash – SNB Operating SAR,0.0,167993.02,INV-2023-1001,Payment
2023-11-03,6220,Professional Fees,46279.99,0.0,INV-2023-1141,
2023-11-03,2000,Accounts Payable,0.0,46279.99,INV-2023-1141,
2023-11-03,5100,Freight Inwards,50607.02,0.0,INV-2023-1184,
2023-11-03,2000,Accounts Payable,0.0,50607.02,INV-2023-1184,
2023-11-04,1000,Cash – SNB Operating SAR,376741.73,0.0,AR-2023-0244,Collection
2023-11-04,1100,Accounts Receivable,0.0,376741.73,AR-2023-0244,Collection
2023-11-04,1100,Accounts Receivable,319968.92,0.0,AR-2023-0317,
2023-11-04,4000,Revenue – Modern Trade,0.0,319968.92,AR-2023-0317,
2023-11-04,1000,Cash – SNB Operating SAR,335239.9,0.0,AR-2023-0476,Collection
2023-11-04,1100,Accounts Receivable,0.0,335239.9,AR-2023-0476,Collection
2023-11-04,1100,Accounts Receivable,495909.16,0.0,AR-2023-0496,
2023-11-04,4010,Revenue – Hospitality,0.0,495909.16,AR-2023-0496,
2023-11-04,1000,Cash – SNB Operating SAR,570903.7,0.0,AR-2023-0678,Collection
2023-11-04,1100,Accounts Receivable,0.0,570903.7,AR-2023-0678,Collection
2023-11-04,1100,Accounts Receivable,966774.02,0.0,AR-2023-0721,
2023-11-04,4020,Revenue – Government,0.0,966774.02,AR-2023-0721,
2023-11-04,1000,Cash – SNB Operating SAR,89129.17,0.0,AR-2023-1098,Collection
2023-11-04,1100,Accounts Receivable,0.0,89129.17,AR-2023-1098,Collection
2023-11-04,1100,Accounts Receivable,810686.39,0.0,AR-2023-1178,
2023-11-04,4030,Revenue – Catering,0.0,810686.39,AR-2023-1178,
2023-11-04,1100,Accounts Receivable,137103.03,0.0,AR-2023-1203,
2023-11-04,4030,Revenue – Catering,0.0,137103.03,AR-2023-1203,
2023-11-04,1100,Accounts Receivable,335338.09,0.0,AR-2023-1206,
2023-11-04,4030,Revenue – Catering,0.0,335338.09,AR-2023-1206,
2023-11-04,2000,Accounts Payable,72007.81,0.0,INV-2023-0200,Payment
2023-11-04,1000,Cash – SNB Operating SAR,0.0,72007.81,INV-2023-0200,Payment
2023-11-04,2000,Accounts Payable,168572.48,0.0,INV-2023-0288,Payment
2023-11-04,1000,Cash – SNB Operating SAR,0.0,168572.48,INV-2023-0288,Payment
2023-11-04,2000,Accounts Payable,137954.66,0.0,INV-2023-0421,Payment
2023-11-04,1000,Cash – SNB Operating SAR,0.0,137954.66,INV-2023-0421,Payment
2023-11-04,2000,Accounts Payable,119264.76,0.0,INV-2023-0422,Payment
2023-11-04,1000,Cash – SNB Operating SAR,0.0,119264.76,INV-2023-0422,Payment
2023-11-04,2000,Accounts Payable,150504.19,0.0,INV-2023-0586,Payment
2023-11-04,1000,Cash – SNB Operating SAR,0.0,150504.19,INV-2023-0586,Payment
2023-11-04,6100,Rent Expense,1016547.01,0.0,INV-2023-1084,Warehouse lease — Qassim WH
2023-11-04,2000,Accounts Payable,0.0,1016547.01,INV-2023-1084,
2023-11-04,2000,Accounts Payable,1184207.9,0.0,INV-2023-1107,Payment
2023-11-04,1000,Cash – SNB Operating SAR,0.0,1184207.9,INV-2023-1107,Payment
2023-11-05,1100,Accounts Receivable,327726.05,0.0,AR-2023-0312,
2023-11-05,4000,Revenue – Modern Trade,0.0,327726.05,AR-2023-0312,
2023-11-05,1000,Cash – SNB Operating SAR,660078.06,0.0,AR-2023-0472,Collection
2023-11-05,1100,Accounts Receivable,0.0,660078.06,AR-2023-0472,Collection
2023-11-05,1000,Cash – SNB Operating SAR,575111.86,0.0,AR-2023-0657,Collection
2023-11-05,1100,Accounts Receivable,0.0,575111.86,AR-2023-0657,Collection
2023-11-05,6110,Utilities,420289.16,0.0,INV-2023-0055,Electricity & water — HQ Riyadh Olaya
2023-11-05,2000,Accounts Payable,0.0,420289.16,INV-2023-0055,
2023-11-05,2000,Accounts Payable,66976.95,0.0,INV-2023-0349,Payment
2023-11-05,1000,Cash – SNB Operating SAR,0.0,66976.95,INV-2023-0349,Payment
2023-11-05,5010,COGS – Beverages,135146.94,0.0,INV-2023-0499,Bulk SKUs — monthly replenishment
2023-11-05,2000,Accounts Payable,0.0,135146.94,INV-2023-0499,
2023-11-05,5020,COGS – Household,170851.12,0.0,INV-2023-0574,
2023-11-05,2000,Accounts Payable,0.0,170851.12,INV-2023-0574,
2023-11-05,2000,Accounts Payable,166441.57,0.0,INV-2023-0796,Payment
2023-11-05,1000,Cash – SNB Operating SAR,0.0,166441.57,INV-2023-0796,Payment
2023-11-05,2000,Accounts Payable,162347.76,0.0,INV-2023-0832,Payment
2023-11-05,1000,Cash – SNB Operating SAR,0.0,162347.76,INV-2023-0832,Payment
2023-11-05,6300,Logistics – 3PL,362488.58,0.0,INV-2023-1018,Line-haul & distribution services
2023-11-05,2000,Accounts Payable,0.0,362488.58,INV-2023-1018,
2023-11-05,6300,Logistics – 3PL,359333.38,0.0,INV-2023-1024,Line-haul & distribution services
2023-11-05,2000,Accounts Payable,0.0,359333.38,INV-2023-1024,
2023-11-06,1100,Accounts Receivable,260005.61,0.0,AR-2023-0322,
2023-11-06,4000,Revenue – Modern Trade,0.0,260005.61,AR-2023-0322,
2023-11-06,1100,Accounts Receivable,358296.54,0.0,AR-2023-0490,
2023-11-06,4010,Revenue – Hospitality,0.0,358296.54,AR-2023-0490,
2023-11-06,1000,Cash – SNB Operating SAR,250207.4,0.0,AR-2023-1101,Collection
2023-11-06,1100,Accounts Receivable,0.0,250207.4,AR-2023-1101,Collection
2023-11-06,1100,Accounts Receivable,100682.95,0.0,AR-2023-1190,
2023-11-06,4030,Revenue – Catering,0.0,100682.95,AR-2023-1190,
2023-11-06,1100,Accounts Receivable,432626.91,0.0,AR-2023-1199,
2023-11-06,4030,Revenue – Catering,0.0,432626.91,AR-2023-1199,
2023-11-06,6110,Utilities,359334.23,0.0,INV-2023-0051,Electricity & water — Riyadh North DC
2023-11-06,2000,Accounts Payable,0.0,359334.23,INV-2023-0051,
2023-11-06,2000,Accounts Payable,147124.54,0.0,INV-2023-0066,Payment
2023-11-06,1000,Cash – SNB Operating SAR,0.0,147124.54,INV-2023-0066,Payment
2023-11-06,5010,COGS – Beverages,104036.94,0.0,INV-2023-0311,Antibiotics + analgesics — bulk SKUs
2023-11-06,2000,Accounts Payable,0.0,104036.94,INV-2023-0311,
2023-11-06,2000,Accounts Payable,96196.54,0.0,INV-2023-0375,Payment
2023-11-06,1000,Cash – SNB Operating SAR,0.0,96196.54,INV-2023-0375,Payment
2023-11-06,5010,COGS – Beverages,84803.5,0.0,INV-2023-0419,Bulk SKUs — monthly replenishment
2023-11-06,2000,Accounts Payable,0.0,84803.5,INV-2023-0419,
2023-11-06,2000,Accounts Payable,133466.64,0.0,INV-2023-0478,Payment
2023-11-06,1000,Cash – SNB Operating SAR,0.0,133466.64,INV-2023-0478,Payment
2023-11-06,5020,COGS – Household,137127.34,0.0,INV-2023-0613,
2023-11-06,2000,Accounts Payable,0.0,137127.34,INV-2023-0613,
2023-11-06,5020,COGS – Household,154668.64,0.0,INV-2023-0723,Antibiotics + analgesics — bulk SKUs
2023-11-06,2000,Accounts Payable,0.0,154668.64,INV-2023-0723,
2023-11-06,2000,Accounts Payable,82534.18,0.0,INV-2023-0821,Payment
2023-11-06,1000,Cash – SNB Operating SAR,0.0,82534.18,INV-2023-0821,Payment
2023-11-06,2000,Accounts Payable,178085.6,0.0,INV-2023-1201,Payment
2023-11-06,1000,Cash – SNB Operating SAR,0.0,178085.6,INV-2023-1201,Payment
2023-11-06,2000,Accounts Payable,3756.15,0.0,INV-2023-1212,Payment
2023-11-06,1000,Cash – SNB Operating SAR,0.0,3756.15,INV-2023-1212,Payment
2023-11-07,1000,Cash – SNB Operating SAR,770504.79,0.0,AR-2023-0218,Collection
2023-11-07,1100,Accounts Receivable,0.0,770504.79,AR-2023-0218,Collection
2023-11-07,1000,Cash – SNB Operating SAR,429978.21,0.0,AR-2023-0242,Collection
2023-11-07,1100,Accounts Receivable,0.0,429978.21,AR-2023-0242,Collection
2023-11-07,1100,Accounts Receivable,271247.94,0.0,AR-2023-0298,
2023-11-07,4000,Revenue – Modern Trade,0.0,271247.94,AR-2023-0298,
2023-11-07,1100,Accounts Receivable,463859.81,0.0,AR-2023-0487,
2023-11-07,4010,Revenue – Hospitality,0.0,463859.81,AR-2023-0487,
2023-11-07,1100,Accounts Receivable,685334.94,0.0,AR-2023-0719,
2023-11-07,4020,Revenue – Government,0.0,685334.94,AR-2023-0719,
2023-11-07,1000,Cash – SNB Operating SAR,222175.16,0.0,AR-2023-1092,Collection
2023-11-07,1100,Accounts Receivable,0.0,222175.16,AR-2023-1092,Collection
2023-11-07,1000,Cash – SNB Operating SAR,212867.88,0.0,AR-2023-1093,Collection
2023-11-07,1100,Accounts Receivable,0.0,212867.88,AR-2023-1093,Collection
2023-11-07,1100,Accounts Receivable,460361.26,0.0,AR-2023-1181,
2023-11-07,4030,Revenue – Catering,0.0,460361.26,AR-2023-1181,
2023-11-07,1100,Accounts Receivable,307512.51,0.0,AR-2023-1209,
2023-11-07,4030,Revenue – Catering,0.0,307512.51,AR-2023-1209,
2023-11-07,2000,Accounts Payable,172134.36,0.0,INV-2023-0395,Payment
2023-11-07,1000,Cash – SNB Operating SAR,0.0,172134.36,INV-2023-0395,Payment
2023-11-07,5010,COGS – Beverages,170925.83,0.0,INV-2023-0460,
2023-11-07,2000,Accounts Payable,0.0,170925.83,INV-2023-0460,
2023-11-07,2000,Accounts Payable,154341.8,0.0,INV-2023-0546,Payment
2023-11-07,1000,Cash – SNB Operating SAR,0.0,154341.8,INV-2023-0546,Payment
2023-11-07,2000,Accounts Payable,91970.77,0.0,INV-2023-1055,Payment
2023-11-07,1000,Cash – SNB Operating SAR,0.0,91970.77,INV-2023-1055,Payment
2023-11-08,1000,Cash – SNB Operating SAR,270957.0,0.0,AR-2023-0249,Collection
2023-11-08,1100,Accounts Receivable,0.0,270957.0,AR-2023-0249,Collection
2023-11-08,1000,Cash – SNB Operating SAR,271367.43,0.0,AR-2023-0707,Collection
2023-11-08,1100,Accounts Receivable,0.0,271367.43,AR-2023-0707,Collection
2023-11-08,1100,Accounts Receivable,245824.35,0.0,AR-2023-0729,
2023-11-08,4020,Revenue – Government,0.0,245824.35,AR-2023-0729,
2023-11-08,1000,Cash – SNB Operating SAR,379649.31,0.0,AR-2023-1104,Collection
2023-11-08,1100,Accounts Receivable,0.0,379649.31,AR-2023-1104,Collection
2023-11-08,6110,Utilities,374825.43,0.0,INV-2023-0052,Electricity & water — Riyadh South DC
2023-11-08,2000,Accounts Payable,0.0,374825.43,INV-2023-0052,
2023-11-08,2000,Accounts Payable,91271.98,0.0,INV-2023-0161,Payment
2023-11-08,1000,Cash – SNB Operating SAR,0.0,91271.98,INV-2023-0161,Payment
2023-11-08,5000,COGS – Food,167993.52,0.0,INV-2023-0260,Antibiotics + analgesics — bulk SKUs
2023-11-08,2000,Accounts Payable,0.0,167993.52,INV-2023-0260,
2023-11-08,2000,Accounts Payable,147822.04,0.0,INV-2023-0402,Payment
2023-11-08,1000,Cash – SNB Operating SAR,0.0,147822.04,INV-2023-0402,Payment
2023-11-08,5020,COGS – Household,149168.05,0.0,INV-2023-0699,
2023-11-08,2000,Accounts Payable,0.0,149168.05,INV-2023-0699,
2023-11-08,2000,Accounts Payable,121990.23,0.0,INV-2023-0747,Payment
2023-11-08,1000,Cash – SNB Operating SAR,0.0,121990.23,INV-2023-0747,Payment
2023-11-08,2000,Accounts Payable,127044.21,0.0,INV-2023-0822,Payment
2023-11-08,1000,Cash – SNB Operating SAR,0.0,127044.21,INV-2023-0822,Payment
2023-11-08,5030,COGS – Cosmetics,83961.85,0.0,INV-2023-0900,
2023-11-08,2000,Accounts Payable,0.0,83961.85,INV-2023-0900,
2023-11-08,2000,Accounts Payable,120255.39,0.0,INV-2023-1072,Payment
2023-11-08,1000,Cash – SNB Operating SAR,0.0,120255.39,INV-2023-1072,Payment
2023-11-08,6200,Marketing & Advertising,43738.29,0.0,INV-2023-1125,
2023-11-08,2000,Accounts Payable,0.0,43738.29,INV-2023-1125,
2023-11-09,1000,Cash – SNB Operating SAR,288152.15,0.0,AR-2023-0264,Collection
2023-11-09,1100,Accounts Receivable,0.0,288152.15,AR-2023-0264,Collection
2023-11-09,1000,Cash – SNB Operating SAR,189505.35,0.0,AR-2023-0270,Collection
2023-11-09,1100,Accounts Receivable,0.0,189505.35,AR-2023-0270,Collection
2023-11-09,1000,Cash – SNB Operating SAR,77929.69,0.0,AR-2023-0295,Collection
2023-11-09,1100,Accounts Receivable,0.0,77929.69,AR-2023-0295,Collection
2023-11-09,1100,Accounts Receivable,326858.23,0.0,AR-2023-0491,
2023-11-09,4010,Revenue – Hospitality,0.0,326858.23,AR-2023-0491,
2023-11-09,1000,Cash – SNB Operating SAR,260452.42,0.0,AR-2023-0712,Collection
2023-11-09,1100,Accounts Receivable,0.0,260452.42,AR-2023-0712,Collection
2023-11-09,1100,Accounts Receivable,194635.8,0.0,AR-2023-1174,
2023-11-09,4030,Revenue – Catering,0.0,194635.8,AR-2023-1174,
2023-11-09,1100,Accounts Receivable,342966.19,0.0,AR-2023-1177,
2023-11-09,4030,Revenue – Catering,0.0,342966.19,AR-2023-1177,
2023-11-09,1100,Accounts Receivable,555148.43,0.0,AR-2023-1187,
2023-11-09,4030,Revenue – Catering,0.0,555148.43,AR-2023-1187,
2023-11-09,1100,Accounts Receivable,364819.8,0.0,AR-2023-1208,
2023-11-09,4030,Revenue – Catering,0.0,364819.8,AR-2023-1208,
2023-11-09,6110,Utilities,477425.3,0.0,INV-2023-0053,Electricity & water — Qassim WH
2023-11-09,2000,Accounts Payable,0.0,477425.3,INV-2023-0053,
2023-11-09,6110,Utilities,410407.09,0.0,INV-2023-0054,Electricity & water — Hail WH
2023-11-09,2000,Accounts Payable,0.0,410407.09,INV-2023-0054,
2023-11-09,2000,Accounts Payable,176383.07,0.0,INV-2023-0246,Payment
2023-11-09,1000,Cash – SNB Operating SAR,0.0,176383.07,INV-2023-0246,Payment
2023-11-09,2000,Accounts Payable,128990.97,0.0,INV-2023-0454,Payment
2023-11-09,1000,Cash – SNB Operating SAR,0.0,128990.97,INV-2023-0454,Payment
2023-11-09,2000,Accounts Payable,128822.66,0.0,INV-2023-0969,Payment
2023-11-09,1000,Cash – SNB Operating SAR,0.0,128822.66,INV-2023-0969,Payment
2023-11-09,2000,Accounts Payable,276375.95,0.0,INV-2023-1050,Payment
2023-11-09,1000,Cash – SNB Operating SAR,0.0,276375.95,INV-2023-1050,Payment
2023-11-09,6220,Professional Fees,54817.37,0.0,INV-2023-1136,
2023-11-09,2000,Accounts Payable,0.0,54817.37,INV-2023-1136,
2023-11-10,1100,Accounts Receivable,520080.98,0.0,AR-2023-0484,
2023-11-10,4010,Revenue – Hospitality,0.0,520080.98,AR-2023-0484,
2023-11-10,1000,Cash – SNB Operating SAR,406604.38,0.0,AR-2023-0680,Collection
2023-11-10,1100,Accounts Receivable,0.0,406604.38,AR-2023-0680,Collection
2023-11-10,1000,Cash – SNB Operating SAR,205021.52,0.0,AR-2023-0682,Collection
2023-11-10,1100,Accounts Receivable,0.0,205021.52,AR-2023-0682,Collection
2023-11-10,1100,Accounts Receivable,445673.13,0.0,AR-2023-0734,
2023-11-10,4020,Revenue – Government,0.0,445673.13,AR-2023-0734,
2023-11-10,1100,Accounts Receivable,346996.87,0.0,AR-2023-1191,
2023-11-10,4030,Revenue – Catering,0.0,346996.87,AR-2023-1191,
2023-11-10,1100,Accounts Receivable,648446.15,0.0,AR-2023-1210,
2023-11-10,4030,Revenue – Catering,0.0,648446.15,AR-2023-1210,
2023-11-10,5000,COGS – Food,75233.41,0.0,INV-2023-0274,
2023-11-10,2000,Accounts Payable,0.0,75233.41,INV-2023-0274,
2023-11-10,2000,Accounts Payable,167914.2,0.0,INV-2023-0438,Payment
2023-11-10,1000,Cash – SNB Operating SAR,0.0,167914.2,INV-2023-0438,Payment
2023-11-10,5020,COGS – Household,70313.4,0.0,INV-2023-0744,Antibiotics + analgesics — bulk SKUs
2023-11-10,2000,Accounts Payable,0.0,70313.4,INV-2023-0744,
2023-11-10,5030,COGS – Cosmetics,162249.53,0.0,INV-2023-0808,Bulk SKUs — monthly replenishment
2023-11-10,2000,Accounts Payable,0.0,162249.53,INV-2023-0808,
2023-11-10,6300,Logistics – 3PL,289700.53,0.0,INV-2023-0959,Line-haul & distribution services
2023-11-10,2000,Accounts Payable,0.0,289700.53,INV-2023-0959,
2023-11-10,6300,Logistics – 3PL,169695.42,0.0,INV-2023-1054,Line-haul & distribution services
2023-11-10,2000,Accounts Payable,0.0,169695.42,INV-2023-1054,
2023-11-10,5020,COGS – Household,184330.3,0.0,INV-2023-1202,"Blister & carton packaging PKG-1101 — 23,939 units @ SAR 7.70 (CT-2023-466)"
2023-11-10,2000,Accounts Payable,0.0,184330.3,INV-2023-1202,
2023-11-11,1000,Cash – SNB Operating SAR,96166.91,0.0,AR-2023-0286,Collection
2023-11-11,1100,Accounts Receivable,0.0,96166.91,AR-2023-0286,Collection
2023-11-11,1100,Accounts Receivable,662513.33,0.0,AR-2023-0297,
2023-11-11,4000,Revenue – Modern Trade,0.0,662513.33,AR-2023-0297,
2023-11-11,1100,Accounts Receivable,332733.2,0.0,AR-2023-0305,
2023-11-11,4000,Revenue – Modern Trade,0.0,332733.2,AR-2023-0305,
2023-11-11,1100,Accounts Receivable,1003468.74,0.0,AR-2023-0323,
2023-11-11,4000,Revenue – Modern Trade,0.0,1003468.74,AR-2023-0323,
2023-11-11,1100,Accounts Receivable,897259.06,0.0,AR-2023-1194,
2023-11-11,4030,Revenue – Catering,0.0,897259.06,AR-2023-1194,
2023-11-11,1100,Accounts Receivable,527852.78,0.0,AR-2023-1196,
2023-11-11,4030,Revenue – Catering,0.0,527852.78,AR-2023-1196,
2023-11-11,2000,Accounts Payable,113095.96,0.0,INV-2023-0069,Payment
2023-11-11,1000,Cash – SNB Operating SAR,0.0,113095.96,INV-2023-0069,Payment
2023-11-11,2000,Accounts Payable,63378.7,0.0,INV-2023-0646,Payment
2023-11-11,1000,Cash – SNB Operating SAR,0.0,63378.7,INV-2023-0646,Payment
2023-11-11,6300,Logistics – 3PL,95264.2,0.0,INV-2023-1069,Line-haul & distribution services
2023-11-11,2000,Accounts Payable,0.0,95264.2,INV-2023-1069,
2023-11-12,1000,Cash – SNB Operating SAR,428508.52,0.0,AR-2023-0257,Collection
2023-11-12,1100,Accounts Receivable,0.0,428508.52,AR-2023-0257,Collection
2023-11-12,1100,Accounts Receivable,489088.28,0.0,AR-2023-0303,
2023-11-12,4000,Revenue – Modern Trade,0.0,489088.28,AR-2023-0303,
2023-11-12,1000,Cash – SNB Operating SAR,487466.45,0.0,AR-2023-0698,Collection
2023-11-12,1100,Accounts Receivable,0.0,487466.45,AR-2023-0698,Collection
2023-11-12,1100,Accounts Receivable,488431.36,0.0,AR-2023-0731,
2023-11-12,4020,Revenue – Government,0.0,488431.36,AR-2023-0731,
2023-11-12,1000,Cash – SNB Operating SAR,201376.05,0.0,AR-2023-1107,Collection
2023-11-12,1100,Accounts Receivable,0.0,201376.05,AR-2023-1107,Collection
2023-11-12,5000,COGS – Food,146248.34,0.0,INV-2023-0294,OTC & consumer health replenishment
2023-11-12,2000,Accounts Payable,0.0,146248.34,INV-2023-0294,
2023-11-12,5010,COGS – Beverages,127663.37,0.0,INV-2023-0355,OTC & consumer health replenishment
2023-11-12,2000,Accounts Payable,0.0,127663.37,INV-2023-0355,
2023-11-12,5010,COGS – Beverages,155794.18,0.0,INV-2023-0371,OTC & consumer health replenishment
2023-11-12,2000,Accounts Payable,0.0,155794.18,INV-2023-0371,
2023-11-12,5020,COGS – Household,64641.35,0.0,INV-2023-0669,Bulk SKUs — monthly replenishment
2023-11-12,2000,Accounts Payable,0.0,64641.35,INV-2023-0669,
2023-11-12,2000,Accounts Payable,148054.52,0.0,INV-2023-0670,Payment
2023-11-12,1000,Cash – SNB Operating SAR,0.0,148054.52,INV-2023-0670,Payment
2023-11-12,5020,COGS – Household,129600.26,0.0,INV-2023-0672,Bulk SKUs — monthly replenishment
2023-11-12,2000,Accounts Payable,0.0,129600.26,INV-2023-0672,
2023-11-12,2000,Accounts Payable,63341.69,0.0,INV-2023-0873,Payment
2023-11-12,1000,Cash – SNB Operating SAR,0.0,63341.69,INV-2023-0873,Payment
2023-11-12,2000,Accounts Payable,980891.56,0.0,INV-2023-1083,Payment
2023-11-12,1000,Cash – SNB Operating SAR,0.0,980891.56,INV-2023-1083,Payment
2023-11-12,2000,Accounts Payable,32326.24,0.0,INV-2023-1113,Payment
2023-11-12,1000,Cash – SNB Operating SAR,0.0,32326.24,INV-2023-1113,Payment
2023-11-12,6220,Professional Fees,77764.35,0.0,INV-2023-1173,
2023-11-12,2000,Accounts Payable,0.0,77764.35,INV-2023-1173,
2023-11-13,1000,Cash – SNB Operating SAR,299132.64,0.0,AR-2023-0263,Collection
2023-11-13,1100,Accounts Receivable,0.0,299132.64,AR-2023-0263,Collection
2023-11-13,1000,Cash – SNB Operating SAR,338812.06,0.0,AR-2023-0269,Collection
2023-11-13,1100,Accounts Receivable,0.0,338812.06,AR-2023-0269,Collection
2023-11-13,1100,Accounts Receivable,242279.94,0.0,AR-2023-0319,
2023-11-13,4000,Revenue – Modern Trade,0.0,242279.94,AR-2023-0319,
2023-11-13,1100,Accounts Receivable,271391.54,0.0,AR-2023-0321,
2023-11-13,4000,Revenue – Modern Trade,0.0,271391.54,AR-2023-0321,
2023-11-13,1000,Cash – SNB Operating SAR,246024.09,0.0,AR-2023-0686,Collection
2023-11-13,1100,Accounts Receivable,0.0,246024.09,AR-2023-0686,Collection
2023-11-13,1100,Accounts Receivable,1033875.24,0.0,AR-2023-0724,
2023-11-13,4020,Revenue – Government,0.0,1033875.24,AR-2023-0724,
2023-11-13,1000,Cash – SNB Operating SAR,447331.41,0.0,AR-2023-1106,Collection
2023-11-13,1100,Accounts Receivable,0.0,447331.41,AR-2023-1106,Collection
2023-11-13,1000,Cash – SNB Operating SAR,227623.93,0.0,AR-2023-1123,Collection
2023-11-13,1100,Accounts Receivable,0.0,227623.93,AR-2023-1123,Collection
2023-11-13,1100,Accounts Receivable,78606.47,0.0,AR-2023-1170,
2023-11-13,4030,Revenue – Catering,0.0,78606.47,AR-2023-1170,
2023-11-13,1100,Accounts Receivable,594874.18,0.0,AR-2023-1188,
2023-11-13,4030,Revenue – Catering,0.0,594874.18,AR-2023-1188,
2023-11-13,5000,COGS – Food,125535.58,0.0,INV-2023-0138,
2023-11-13,2000,Accounts Payable,0.0,125535.58,INV-2023-0138,
2023-11-13,2000,Accounts Payable,97200.31,0.0,INV-2023-0174,Payment
2023-11-13,1000,Cash – SNB Operating SAR,0.0,97200.31,INV-2023-0174,Payment
2023-11-13,2000,Accounts Payable,161619.77,0.0,INV-2023-0215,Payment
2023-11-13,1000,Cash – SNB Operating SAR,0.0,161619.77,INV-2023-0215,Payment
2023-11-13,5010,COGS – Beverages,128598.38,0.0,INV-2023-0512,Antibiotics + analgesics — bulk SKUs
2023-11-13,2000,Accounts Payable,0.0,128598.38,INV-2023-0512,
2023-11-13,5010,COGS – Beverages,134077.08,0.0,INV-2023-0543,Antibiotics + analgesics — bulk SKUs
2023-11-13,2000,Accounts Payable,0.0,134077.08,INV-2023-0543,
2023-11-13,2000,Accounts Payable,165549.14,0.0,INV-2023-0807,Payment
2023-11-13,1000,Cash – SNB Operating SAR,0.0,165549.14,INV-2023-0807,Payment
2023-11-13,2000,Accounts Payable,179053.27,0.0,INV-2023-0812,Payment
2023-11-13,1000,Cash – SNB Operating SAR,0.0,179053.27,INV-2023-0812,Payment
2023-11-13,5030,COGS – Cosmetics,169576.97,0.0,INV-2023-0906,OTC & consumer health replenishment
2023-11-13,2000,Accounts Payable,0.0,169576.97,INV-2023-0906,
2023-11-13,6300,Logistics – 3PL,361249.1,0.0,INV-2023-0971,Line-haul & distribution services
2023-11-13,2000,Accounts Payable,0.0,361249.1,INV-2023-0971,
2023-11-13,6300,Logistics – 3PL,161703.46,0.0,INV-2023-0979,Line-haul & distribution services
2023-11-13,2000,Accounts Payable,0.0,161703.46,INV-2023-0979,
2023-11-14,1000,Cash – SNB Operating SAR,1051544.14,0.0,AR-2023-0254,Collection
2023-11-14,1100,Accounts Receivable,0.0,1051544.14,AR-2023-0254,Collection
2023-11-14,1100,Accounts Receivable,430272.67,0.0,AR-2023-0311,
2023-11-14,4000,Revenue – Modern Trade,0.0,430272.67,AR-2023-0311,
2023-11-14,1000,Cash – SNB Operating SAR,361891.16,0.0,AR-2023-0459,Collection
2023-11-14,1100,Accounts Receivable,0.0,361891.16,AR-2023-0459,Collection
2023-11-14,1100,Accounts Receivable,609827.02,0.0,AR-2023-0493,
2023-11-14,4010,Revenue – Hospitality,0.0,609827.02,AR-2023-0493,
2023-11-14,1100,Accounts Receivable,590878.09,0.0,AR-2023-0728,
2023-11-14,4020,Revenue – Government,0.0,590878.09,AR-2023-0728,
2023-11-14,1000,Cash – SNB Operating SAR,610706.05,0.0,AR-2023-1100,Collection
2023-11-14,1100,Accounts Receivable,0.0,610706.05,AR-2023-1100,Collection
2023-11-14,1000,Cash – SNB Operating SAR,558692.74,0.0,AR-2023-1112,Collection
2023-11-14,1100,Accounts Receivable,0.0,558692.74,AR-2023-1112,Collection
2023-11-14,1100,Accounts Receivable,244478.74,0.0,AR-2023-1175,
2023-11-14,4030,Revenue – Catering,0.0,244478.74,AR-2023-1175,
2023-11-14,1100,Accounts Receivable,275699.27,0.0,AR-2023-1183,
2023-11-14,4030,Revenue – Catering,0.0,275699.27,AR-2023-1183,
2023-11-14,5010,COGS – Beverages,128903.78,0.0,INV-2023-0408,Antibiotics + analgesics — bulk SKUs
2023-11-14,2000,Accounts Payable,0.0,128903.78,INV-2023-0408,
2023-11-14,5020,COGS – Household,79710.57,0.0,INV-2023-0606,
2023-11-14,2000,Accounts Payable,0.0,79710.57,INV-2023-0606,
2023-11-14,6300,Logistics – 3PL,231565.9,0.0,INV-2023-1012,Line-haul & distribution services
2023-11-14,2000,Accounts Payable,0.0,231565.9,INV-2023-1012,
2023-11-15,1100,Accounts Receivable,436864.84,0.0,AR-2023-0494,
2023-11-15,4010,Revenue – Hospitality,0.0,436864.84,AR-2023-0494,
2023-11-15,1000,Cash – SNB Operating SAR,235469.2,0.0,AR-2023-0710,Collection
2023-11-15,1100,Accounts Receivable,0.0,235469.2,AR-2023-0710,Collection
2023-11-15,1000,Cash – SNB Operating SAR,686343.52,0.0,AR-2023-0713,Collection
2023-11-15,1100,Accounts Receivable,0.0,686343.52,AR-2023-0713,Collection
2023-11-15,1000,Cash – SNB Operating SAR,170028.06,0.0,AR-2023-1063,Collection
2023-11-15,1100,Accounts Receivable,0.0,170028.06,AR-2023-1063,Collection
2023-11-15,1000,Cash – SNB Operating SAR,192484.84,0.0,AR-2023-1124,Collection
2023-11-15,1100,Accounts Receivable,0.0,192484.84,AR-2023-1124,Collection
2023-11-15,1100,Accounts Receivable,306556.66,0.0,AR-2023-1180,
2023-11-15,4030,Revenue – Catering,0.0,306556.66,AR-2023-1180,
2023-11-15,1100,Accounts Receivable,117835.73,0.0,AR-2023-1207,
2023-11-15,4030,Revenue – Catering,0.0,117835.73,AR-2023-1207,
2023-11-15,2000,Accounts Payable,88411.99,0.0,INV-2023-0337,Payment
2023-11-15,1000,Cash – SNB Operating SAR,0.0,88411.99,INV-2023-0337,Payment
2023-11-15,5010,COGS – Beverages,126769.7,0.0,INV-2023-0386,OTC & consumer health replenishment
2023-11-15,2000,Accounts Payable,0.0,126769.7,INV-2023-0386,
2023-11-15,2000,Accounts Payable,78426.81,0.0,INV-2023-0603,Payment
2023-11-15,1000,Cash – SNB Operating SAR,0.0,78426.81,INV-2023-0603,Payment
2023-11-15,2000,Accounts Payable,155978.93,0.0,INV-2023-0817,Payment
2023-11-15,1000,Cash – SNB Operating SAR,0.0,155978.93,INV-2023-0817,Payment
2023-11-15,5030,COGS – Cosmetics,73475.8,0.0,INV-2023-0819,OTC & consumer health replenishment
2023-11-15,2000,Accounts Payable,0.0,73475.8,INV-2023-0819,
2023-11-15,2000,Accounts Payable,303966.51,0.0,INV-2023-0984,Payment
2023-11-15,1000,Cash – SNB Operating SAR,0.0,303966.51,INV-2023-0984,Payment
2023-11-15,2000,Accounts Payable,167157.36,0.0,INV-2023-1035,Payment
2023-11-15,1000,Cash – SNB Operating SAR,0.0,167157.36,INV-2023-1035,Payment
2023-11-16,1000,Cash – SNB Operating SAR,31030.6,0.0,AR-2023-0235,Collection
2023-11-16,1100,Accounts Receivable,0.0,31030.6,AR-2023-0235,Collection
2023-11-16,1000,Cash – SNB Operating SAR,271278.08,0.0,AR-2023-0289,Collection
2023-11-16,1100,Accounts Receivable,0.0,271278.08,AR-2023-0289,Collection
2023-11-16,1100,Accounts Receivable,1189941.11,0.0,AR-2023-0302,
2023-11-16,4000,Revenue – Modern Trade,0.0,1189941.11,AR-2023-0302,
2023-11-16,1100,Accounts Receivable,559848.37,0.0,AR-2023-0307,
2023-11-16,4000,Revenue – Modern Trade,0.0,559848.37,AR-2023-0307,
2023-11-16,1100,Accounts Receivable,159412.54,0.0,AR-2023-0309,
2023-11-16,4000,Revenue – Modern Trade,0.0,159412.54,AR-2023-0309,
2023-11-16,1000,Cash – SNB Operating SAR,374614.17,0.0,AR-2023-0469,Collection
2023-11-16,1100,Accounts Receivable,0.0,374614.17,AR-2023-0469,Collection
2023-11-16,1000,Cash – SNB Operating SAR,268038.09,0.0,AR-2023-0693,Collection
2023-11-16,1100,Accounts Receivable,0.0,268038.09,AR-2023-0693,Collection
2023-11-16,1000,Cash – SNB Operating SAR,823982.16,0.0,AR-2023-1110,Collection
2023-11-16,1100,Accounts Receivable,0.0,823982.16,AR-2023-1110,Collection
2023-11-16,1000,Cash – SNB Operating SAR,259593.32,0.0,AR-2023-1116,Collection
2023-11-16,1100,Accounts Receivable,0.0,259593.32,AR-2023-1116,Collection
2023-11-16,1000,Cash – SNB Operating SAR,143820.22,0.0,AR-2023-1161,Collection
2023-11-16,1100,Accounts Receivable,0.0,143820.22,AR-2023-1161,Collection
2023-11-16,1100,Accounts Receivable,482327.98,0.0,AR-2023-1198,
2023-11-16,4030,Revenue – Catering,0.0,482327.98,AR-2023-1198,
2023-11-16,1100,Accounts Receivable,103220.4,0.0,AR-2023-1211,
2023-11-16,4030,Revenue – Catering,0.0,103220.4,AR-2023-1211,
2023-11-16,2000,Accounts Payable,172285.64,0.0,INV-2023-0341,Payment
2023-11-16,1000,Cash – SNB Operating SAR,0.0,172285.64,INV-2023-0341,Payment
2023-11-16,5010,COGS – Beverages,73553.07,0.0,INV-2023-0432,Antibiotics + analgesics — bulk SKUs
2023-11-16,2000,Accounts Payable,0.0,73553.07,INV-2023-0432,
2023-11-16,2000,Accounts Payable,157981.66,0.0,INV-2023-0692,Payment
2023-11-16,1000,Cash – SNB Operating SAR,0.0,157981.66,INV-2023-0692,Payment
2023-11-16,5030,COGS – Cosmetics,89102.66,0.0,INV-2023-0801,OTC & consumer health replenishment
2023-11-16,2000,Accounts Payable,0.0,89102.66,INV-2023-0801,
2023-11-16,2000,Accounts Payable,164822.2,0.0,INV-2023-0841,Payment
2023-11-16,1000,Cash – SNB Operating SAR,0.0,164822.2,INV-2023-0841,Payment
2023-11-16,2000,Accounts Payable,195411.0,0.0,INV-2023-0976,Payment
2023-11-16,1000,Cash – SNB Operating SAR,0.0,195411.0,INV-2023-0976,Payment
2023-11-16,6300,Logistics – 3PL,244959.42,0.0,INV-2023-0999,Line-haul & distribution services
2023-11-16,2000,Accounts Payable,0.0,244959.42,INV-2023-0999,
2023-11-16,2000,Accounts Payable,366898.4,0.0,INV-2023-1044,Payment
2023-11-16,1000,Cash – SNB Operating SAR,0.0,366898.4,INV-2023-1044,Payment
2023-11-17,1100,Accounts Receivable,664088.06,0.0,AR-2023-0315,
2023-11-17,4000,Revenue – Modern Trade,0.0,664088.06,AR-2023-0315,
2023-11-17,1000,Cash – SNB Operating SAR,486754.45,0.0,AR-2023-0479,Collection
2023-11-17,1100,Accounts Receivable,0.0,486754.45,AR-2023-0479,Collection
2023-11-17,1100,Accounts Receivable,1033683.24,0.0,AR-2023-0495,
2023-11-17,4010,Revenue – Hospitality,0.0,1033683.24,AR-2023-0495,
2023-11-17,1100,Accounts Receivable,476016.09,0.0,AR-2023-0716,
2023-11-17,4020,Revenue – Government,0.0,476016.09,AR-2023-0716,
2023-11-17,1000,Cash – SNB Operating SAR,592432.01,0.0,AR-2023-1129,Collection
2023-11-17,1100,Accounts Receivable,0.0,592432.01,AR-2023-1129,Collection
2023-11-17,2000,Accounts Payable,157416.1,0.0,INV-2023-0127,Payment
2023-11-17,1000,Cash – SNB Operating SAR,0.0,157416.1,INV-2023-0127,Payment
2023-11-17,2000,Accounts Payable,159001.33,0.0,INV-2023-0363,Payment
2023-11-17,1000,Cash – SNB Operating SAR,0.0,159001.33,INV-2023-0363,Payment
2023-11-17,2000,Accounts Payable,69481.69,0.0,INV-2023-0628,Payment
2023-11-17,1000,Cash – SNB Operating SAR,0.0,69481.69,INV-2023-0628,Payment
2023-11-17,2000,Accounts Payable,163471.71,0.0,INV-2023-0863,Payment
2023-11-17,1000,Cash – SNB Operating SAR,0.0,163471.71,INV-2023-0863,Payment
2023-11-17,5030,COGS – Cosmetics,121775.9,0.0,INV-2023-0926,
2023-11-17,2000,Accounts Payable,0.0,121775.9,INV-2023-0926,
2023-11-17,6300,Logistics – 3PL,288169.68,0.0,INV-2023-0993,Line-haul & distribution services
2023-11-17,2000,Accounts Payable,0.0,288169.68,INV-2023-0993,
2023-11-17,5000,COGS – Food,43227.03,0.0,INV-2023-1211,Paracetamol + ibuprofen API
2023-11-17,2000,Accounts Payable,0.0,43227.03,INV-2023-1211,
2023-11-18,1000,Cash – SNB Operating SAR,409026.36,0.0,AR-2023-0239,Collection
2023-11-18,1100,Accounts Receivable,0.0,409026.36,AR-2023-0239,Collection
2023-11-18,1000,Cash – SNB Operating SAR,1048335.4,0.0,AR-2023-0267,Collection
2023-11-18,1100,Accounts Receivable,0.0,1048335.4,AR-2023-0267,Collection
2023-11-18,1000,Cash – SNB Operating SAR,258448.54,0.0,AR-2023-0276,Collection
2023-11-18,1100,Accounts Receivable,0.0,258448.54,AR-2023-0276,Collection
2023-11-18,1100,Accounts Receivable,1189941.11,0.0,AR-2023-0300,
2023-11-18,4000,Revenue – Modern Trade,0.0,1189941.11,AR-2023-0300,
2023-11-18,1000,Cash – SNB Operating SAR,256922.95,0.0,AR-2023-0482,Collection
2023-11-18,1100,Accounts Receivable,0.0,256922.95,AR-2023-0482,Collection
2023-11-18,1000,Cash – SNB Operating SAR,393273.84,0.0,AR-2023-0694,Collection
2023-11-18,1100,Accounts Receivable,0.0,393273.84,AR-2023-0694,Collection
2023-11-18,1100,Accounts Receivable,248871.03,0.0,AR-2023-0725,
2023-11-18,4020,Revenue – Government,0.0,248871.03,AR-2023-0725,
2023-11-18,1000,Cash – SNB Operating SAR,639649.84,0.0,AR-2023-1109,Collection
2023-11-18,1100,Accounts Receivable,0.0,639649.84,AR-2023-1109,Collection
2023-11-18,1100,Accounts Receivable,139387.89,0.0,AR-2023-1182,
2023-11-18,4030,Revenue – Catering,0.0,139387.89,AR-2023-1182,
2023-11-18,5000,COGS – Food,75768.9,0.0,INV-2023-0096,
2023-11-18,2000,Accounts Payable,0.0,75768.9,INV-2023-0096,
2023-11-18,2000,Accounts Payable,169856.77,0.0,INV-2023-0146,Payment
2023-11-18,1000,Cash – SNB Operating SAR,0.0,169856.77,INV-2023-0146,Payment
2023-11-18,5010,COGS – Beverages,155602.09,0.0,INV-2023-0368,
2023-11-18,2000,Accounts Payable,0.0,155602.09,INV-2023-0368,
2023-11-18,5010,COGS – Beverages,150908.75,0.0,INV-2023-0407,
2023-11-18,2000,Accounts Payable,0.0,150908.75,INV-2023-0407,
2023-11-18,2000,Accounts Payable,167767.58,0.0,INV-2023-0580,Payment
2023-11-18,1000,Cash – SNB Operating SAR,0.0,167767.58,INV-2023-0580,Payment
2023-11-18,2000,Accounts Payable,70664.4,0.0,INV-2023-0598,Payment
2023-11-18,1000,Cash – SNB Operating SAR,0.0,70664.4,INV-2023-0598,Payment
2023-11-18,5030,COGS – Cosmetics,102325.37,0.0,INV-2023-0783,Bulk SKUs — monthly replenishment
2023-11-18,2000,Accounts Payable,0.0,102325.37,INV-2023-0783,
2023-11-18,2000,Accounts Payable,100945.25,0.0,INV-2023-0787,Payment
2023-11-18,1000,Cash – SNB Operating SAR,0.0,100945.25,INV-2023-0787,Payment
2023-11-19,1100,Accounts Receivable,660439.82,0.0,AR-2023-1189,
2023-11-19,4030,Revenue – Catering,0.0,660439.82,AR-2023-1189,
2023-11-19,5000,COGS – Food,95134.63,0.0,INV-2023-0145,Bulk SKUs — monthly replenishment
2023-11-19,2000,Accounts Payable,0.0,95134.63,INV-2023-0145,
2023-11-19,2000,Accounts Payable,172893.16,0.0,INV-2023-0222,Payment
2023-11-19,1000,Cash – SNB Operating SAR,0.0,172893.16,INV-2023-0222,Payment
2023-11-19,2000,Accounts Payable,162929.92,0.0,INV-2023-0245,Payment
2023-11-19,1000,Cash – SNB Operating SAR,0.0,162929.92,INV-2023-0245,Payment
2023-11-19,2000,Accounts Payable,70418.73,0.0,INV-2023-0506,Payment
2023-11-19,1000,Cash – SNB Operating SAR,0.0,70418.73,INV-2023-0506,Payment
2023-11-19,5010,COGS – Beverages,99275.35,0.0,INV-2023-0526,Bulk SKUs — monthly replenishment
2023-11-19,2000,Accounts Payable,0.0,99275.35,INV-2023-0526,
2023-11-19,5010,COGS – Beverages,92266.23,0.0,INV-2023-0530,Bulk SKUs — monthly replenishment
2023-11-19,2000,Accounts Payable,0.0,92266.23,INV-2023-0530,
2023-11-19,5020,COGS – Household,95503.68,0.0,INV-2023-0636,
2023-11-19,2000,Accounts Payable,0.0,95503.68,INV-2023-0636,
2023-11-19,5020,COGS – Household,98575.5,0.0,INV-2023-0754,Antibiotics + analgesics — bulk SKUs
2023-11-19,2000,Accounts Payable,0.0,98575.5,INV-2023-0754,
2023-11-19,2000,Accounts Payable,152520.03,0.0,INV-2023-0892,Payment
2023-11-19,1000,Cash – SNB Operating SAR,0.0,152520.03,INV-2023-0892,Payment
2023-11-20,1000,Cash – SNB Operating SAR,292174.89,0.0,AR-2023-0272,Collection
2023-11-20,1100,Accounts Receivable,0.0,292174.89,AR-2023-0272,Collection
2023-11-20,1100,Accounts Receivable,1021568.8,0.0,AR-2023-1173,
2023-11-20,4030,Revenue – Catering,0.0,1021568.8,AR-2023-1173,
2023-11-20,1100,Accounts Receivable,249137.46,0.0,AR-2023-1185,
2023-11-20,4030,Revenue – Catering,0.0,249137.46,AR-2023-1185,
2023-11-20,1000,Cash – SNB Operating SAR,900667.38,0.0,AR-2023-1186,Collection
2023-11-20,1100,Accounts Receivable,0.0,900667.38,AR-2023-1186,Collection
2023-11-20,2000,Accounts Payable,150089.23,0.0,INV-2023-0176,Payment
2023-11-20,1000,Cash – SNB Operating SAR,0.0,150089.23,INV-2023-0176,Payment
2023-11-20,5000,COGS – Food,130147.47,0.0,INV-2023-0297,
2023-11-20,2000,Accounts Payable,0.0,130147.47,INV-2023-0297,
2023-11-20,5020,COGS – Household,107784.7,0.0,INV-2023-0631,Bulk SKUs — monthly replenishment
2023-11-20,2000,Accounts Payable,0.0,107784.7,INV-2023-0631,
2023-11-20,2000,Accounts Payable,82090.56,0.0,INV-2023-0663,Payment
2023-11-20,1000,Cash – SNB Operating SAR,0.0,82090.56,INV-2023-0663,Payment
2023-11-20,2000,Accounts Payable,91008.51,0.0,INV-2023-1000,Payment
2023-11-20,1000,Cash – SNB Operating SAR,0.0,91008.51,INV-2023-1000,Payment
2023-11-21,1100,Accounts Receivable,327059.3,0.0,AR-2023-0301,
2023-11-21,4000,Revenue – Modern Trade,0.0,327059.3,AR-2023-0301,
2023-11-21,1100,Accounts Receivable,463818.86,0.0,AR-2023-0306,
2023-11-21,4000,Revenue – Modern Trade,0.0,463818.86,AR-2023-0306,
2023-11-21,1100,Accounts Receivable,160859.77,0.0,AR-2023-0313,
2023-11-21,4000,Revenue – Modern Trade,0.0,160859.77,AR-2023-0313,
2023-11-21,1000,Cash – SNB Operating SAR,677725.49,0.0,AR-2023-0468,Collection
2023-11-21,1100,Accounts Receivable,0.0,677725.49,AR-2023-0468,Collection
2023-11-21,1000,Cash – SNB Operating SAR,394409.67,0.0,AR-2023-0702,Collection
2023-11-21,1100,Accounts Receivable,0.0,394409.67,AR-2023-0702,Collection
2023-11-21,1100,Accounts Receivable,424182.23,0.0,AR-2023-0720,
2023-11-21,4020,Revenue – Government,0.0,424182.23,AR-2023-0720,
2023-11-21,1000,Cash – SNB Operating SAR,656554.74,0.0,AR-2023-1091,Collection
2023-11-21,1100,Accounts Receivable,0.0,656554.74,AR-2023-1091,Collection
2023-11-21,1000,Cash – SNB Operating SAR,472849.39,0.0,AR-2023-1166,Collection
2023-11-21,1100,Accounts Receivable,0.0,472849.39,AR-2023-1166,Collection
2023-11-21,1100,Accounts Receivable,212474.74,0.0,AR-2023-1176,
2023-11-21,4030,Revenue – Catering,0.0,212474.74,AR-2023-1176,
2023-11-21,2000,Accounts Payable,62411.43,0.0,INV-2023-0075,Payment
2023-11-21,1000,Cash – SNB Operating SAR,0.0,62411.43,INV-2023-0075,Payment
2023-11-21,2000,Accounts Payable,161275.34,0.0,INV-2023-0142,Payment
2023-11-21,1000,Cash – SNB Operating SAR,0.0,161275.34,INV-2023-0142,Payment
2023-11-21,2000,Accounts Payable,147332.45,0.0,INV-2023-0608,Payment
2023-11-21,1000,Cash – SNB Operating SAR,0.0,147332.45,INV-2023-0608,Payment
2023-11-21,5030,COGS – Cosmetics,103328.6,0.0,INV-2023-0903,OTC & consumer health replenishment
2023-11-21,2000,Accounts Payable,0.0,103328.6,INV-2023-0903,
2023-11-22,1000,Cash – SNB Operating SAR,971624.18,0.0,AR-2023-0285,Collection
2023-11-22,1100,Accounts Receivable,0.0,971624.18,AR-2023-0285,Collection
2023-11-22,1000,Cash – SNB Operating SAR,495909.16,0.0,AR-2023-0496,Collection
2023-11-22,1100,Accounts Receivable,0.0,495909.16,AR-2023-0496,Collection
2023-11-22,1000,Cash – SNB Operating SAR,705081.02,0.0,AR-2023-0699,Collection
2023-11-22,1100,Accounts Receivable,0.0,705081.02,AR-2023-0699,Collection
2023-11-22,1100,Accounts Receivable,302999.59,0.0,AR-2023-0722,
2023-11-22,4020,Revenue – Government,0.0,302999.59,AR-2023-0722,
2023-11-22,5000,COGS – Food,160776.28,0.0,INV-2023-0253,Antibiotics + analgesics — bulk SKUs
2023-11-22,2000,Accounts Payable,0.0,160776.28,INV-2023-0253,
2023-11-22,5010,COGS – Beverages,161997.42,0.0,INV-2023-0484,Antibiotics + analgesics — bulk SKUs
2023-11-22,2000,Accounts Payable,0.0,161997.42,INV-2023-0484,
2023-11-22,2000,Accounts Payable,100683.53,0.0,INV-2023-0588,Payment
2023-11-22,1000,Cash – SNB Operating SAR,0.0,100683.53,INV-2023-0588,Payment
2023-11-22,5020,COGS – Household,98953.17,0.0,INV-2023-0661,Antibiotics + analgesics — bulk SKUs
2023-11-22,2000,Accounts Payable,0.0,98953.17,INV-2023-0661,
2023-11-22,2000,Accounts Payable,81264.08,0.0,INV-2023-0681,Payment
2023-11-22,1000,Cash – SNB Operating SAR,0.0,81264.08,INV-2023-0681,Payment
2023-11-22,6220,Professional Fees,46002.11,0.0,INV-2023-1131,
2023-11-22,2000,Accounts Payable,0.0,46002.11,INV-2023-1131,
2023-11-23,1100,Accounts Receivable,482573.25,0.0,AR-2023-0299,
2023-11-23,4000,Revenue – Modern Trade,0.0,482573.25,AR-2023-0299,
2023-11-23,1100,Accounts Receivable,79994.83,0.0,AR-2023-0492,
2023-11-23,4010,Revenue – Hospitality,0.0,79994.83,AR-2023-0492,
2023-11-23,1100,Accounts Receivable,439322.4,0.0,AR-2023-0715,
2023-11-23,4020,Revenue – Government,0.0,439322.4,AR-2023-0715,
2023-11-23,1000,Cash – SNB Operating SAR,1037739.96,0.0,AR-2023-1158,Collection
2023-11-23,1100,Accounts Receivable,0.0,1037739.96,AR-2023-1158,Collection
2023-11-23,1100,Accounts Receivable,215573.49,0.0,AR-2023-1195,
2023-11-23,4030,Revenue – Catering,0.0,215573.49,AR-2023-1195,
2023-11-23,1100,Accounts Receivable,666050.29,0.0,AR-2023-1200,
2023-11-23,4030,Revenue – Catering,0.0,666050.29,AR-2023-1200,
2023-11-23,2000,Accounts Payable,162491.37,0.0,INV-2023-0081,Payment
2023-11-23,1000,Cash – SNB Operating SAR,0.0,162491.37,INV-2023-0081,Payment
2023-11-23,2000,Accounts Payable,75608.51,0.0,INV-2023-0196,Payment
2023-11-23,1000,Cash – SNB Operating SAR,0.0,75608.51,INV-2023-0196,Payment
2023-11-23,5010,COGS – Beverages,173938.0,0.0,INV-2023-0322,
2023-11-23,2000,Accounts Payable,0.0,173938.0,INV-2023-0322,
2023-11-23,5010,COGS – Beverages,90701.63,0.0,INV-2023-0493,
2023-11-23,2000,Accounts Payable,0.0,90701.63,INV-2023-0493,
2023-11-23,2000,Accounts Payable,91276.4,0.0,INV-2023-0662,Payment
2023-11-23,1000,Cash – SNB Operating SAR,0.0,91276.4,INV-2023-0662,Payment
2023-11-23,2000,Accounts Payable,144934.97,0.0,INV-2023-0705,Payment
2023-11-23,1000,Cash – SNB Operating SAR,0.0,144934.97,INV-2023-0705,Payment
2023-11-23,2000,Accounts Payable,165442.01,0.0,INV-2023-0852,Payment
2023-11-23,1000,Cash – SNB Operating SAR,0.0,165442.01,INV-2023-0852,Payment
2023-11-23,5030,COGS – Cosmetics,73878.82,0.0,INV-2023-0899,
2023-11-23,2000,Accounts Payable,0.0,73878.82,INV-2023-0899,
2023-11-24,1100,Accounts Receivable,1189941.11,0.0,AR-2023-0304,
2023-11-24,4000,Revenue – Modern Trade,0.0,1189941.11,AR-2023-0304,
2023-11-24,1100,Accounts Receivable,651054.85,0.0,AR-2023-0308,
2023-11-24,4000,Revenue – Modern Trade,0.0,651054.85,AR-2023-0308,
2023-11-24,1000,Cash – SNB Operating SAR,436637.52,0.0,AR-2023-0708,Collection
2023-11-24,1100,Accounts Receivable,0.0,436637.52,AR-2023-0708,Collection
2023-11-24,1100,Accounts Receivable,1033875.24,0.0,AR-2023-0718,
2023-11-24,4020,Revenue – Government,0.0,1033875.24,AR-2023-0718,
2023-11-24,5010,COGS – Beverages,132403.33,0.0,INV-2023-0351,Bulk SKUs — monthly replenishment
2023-11-24,2000,Accounts Payable,0.0,132403.33,INV-2023-0351,
2023-11-24,5020,COGS – Household,97855.16,0.0,INV-2023-0664,Bulk SKUs — monthly replenishment
2023-11-24,2000,Accounts Payable,0.0,97855.16,INV-2023-0664,
2023-11-24,2000,Accounts Payable,88572.27,0.0,INV-2023-0774,Payment
2023-11-24,1000,Cash – SNB Operating SAR,0.0,88572.27,INV-2023-0774,Payment
2023-11-24,2000,Accounts Payable,71002.98,0.0,INV-2023-0779,Payment
2023-11-24,1000,Cash – SNB Operating SAR,0.0,71002.98,INV-2023-0779,Payment
2023-11-24,2000,Accounts Payable,89261.92,0.0,INV-2023-0789,Payment
2023-11-24,1000,Cash – SNB Operating SAR,0.0,89261.92,INV-2023-0789,Payment
2023-11-24,2000,Accounts Payable,351093.11,0.0,INV-2023-1060,Payment
2023-11-24,1000,Cash – SNB Operating SAR,0.0,351093.11,INV-2023-1060,Payment
2023-11-24,1020,Cash – ANB Payroll SAR,3595445.91,0.0,JE-20231101,Transfer SNB -> ANB payroll funding
2023-11-24,1000,Cash – SNB Operating SAR,0.0,3595445.91,JE-20231101,Transfer SNB -> ANB payroll funding
2023-11-25,1000,Cash – SNB Operating SAR,956785.02,0.0,AR-2023-0695,Collection
2023-11-25,1100,Accounts Receivable,0.0,956785.02,AR-2023-0695,Collection
2023-11-25,1100,Accounts Receivable,306133.57,0.0,AR-2023-0730,
2023-11-25,4020,Revenue – Government,0.0,306133.57,AR-2023-0730,
2023-11-25,1100,Accounts Receivable,110374.51,0.0,AR-2023-0735,
2023-11-25,4020,Revenue – Government,0.0,110374.51,AR-2023-0735,
2023-11-25,2000,Accounts Payable,359334.23,0.0,INV-2023-0051,Payment
2023-11-25,1000,Cash – SNB Operating SAR,0.0,359334.23,INV-2023-0051,Payment
2023-11-25,5000,COGS – Food,94004.67,0.0,INV-2023-0093,
2023-11-25,2000,Accounts Payable,0.0,94004.67,INV-2023-0093,
2023-11-25,5000,COGS – Food,81838.94,0.0,INV-2023-0181,Antibiotics + analgesics — bulk SKUs
2023-11-25,2000,Accounts Payable,0.0,81838.94,INV-2023-0181,
2023-11-25,2000,Accounts Payable,171802.25,0.0,INV-2023-0237,Payment
2023-11-25,1000,Cash – SNB Operating SAR,0.0,171802.25,INV-2023-0237,Payment
2023-11-25,5020,COGS – Household,75825.33,0.0,INV-2023-0553,
2023-11-25,2000,Accounts Payable,0.0,75825.33,INV-2023-0553,
2023-11-25,2000,Accounts Payable,854518.99,0.0,INV-2023-1108,Payment
2023-11-25,1000,Cash – SNB Operating SAR,0.0,854518.99,INV-2023-1108,Payment
2023-11-25,6000,Salaries & Wages,3262655.09,0.0,PAY-2023-11,Payroll batch
2023-11-25,6020,GOSI Contributions,332790.82,0.0,PAY-2023-11,Payroll batch
2023-11-25,2110,Accrued Payroll,0.0,3595445.91,PAY-2023-11,Payroll batch
2023-11-26,1000,Cash – SNB Operating SAR,392445.61,0.0,AR-2023-1120,Collection
2023-11-26,1100,Accounts Receivable,0.0,392445.61,AR-2023-1120,Collection
2023-11-26,1100,Accounts Receivable,968054.14,0.0,AR-2023-1179,
2023-11-26,4030,Revenue – Catering,0.0,968054.14,AR-2023-1179,
2023-11-26,5000,COGS – Food,164870.14,0.0,INV-2023-0273,
2023-11-26,2000,Accounts Payable,0.0,164870.14,INV-2023-0273,
2023-11-26,5010,COGS – Beverages,109738.3,0.0,INV-2023-0339,Bulk SKUs — monthly replenishment
2023-11-26,2000,Accounts Payable,0.0,109738.3,INV-2023-0339,
2023-11-26,5020,COGS – Household,109401.91,0.0,INV-2023-0566,OTC & consumer health replenishment
2023-11-26,2000,Accounts Payable,0.0,109401.91,INV-2023-0566,
2023-11-26,2000,Accounts Payable,99611.69,0.0,INV-2023-0778,Payment
2023-11-26,1000,Cash – SNB Operating SAR,0.0,99611.69,INV-2023-0778,Payment
2023-11-26,5030,COGS – Cosmetics,78702.16,0.0,INV-2023-0847,Antibiotics + analgesics — bulk SKUs
2023-11-26,2000,Accounts Payable,0.0,78702.16,INV-2023-0847,
2023-11-26,6300,Logistics – 3PL,130536.19,0.0,INV-2023-0997,Line-haul & distribution services
2023-11-26,2000,Accounts Payable,0.0,130536.19,INV-2023-0997,
2023-11-26,2000,Accounts Payable,362488.58,0.0,INV-2023-1018,Payment
2023-11-26,1000,Cash – SNB Operating SAR,0.0,362488.58,INV-2023-1018,Payment
2023-11-26,2000,Accounts Payable,35777.65,0.0,INV-2023-1126,Payment
2023-11-26,1000,Cash – SNB Operating SAR,0.0,35777.65,INV-2023-1126,Payment
2023-11-26,2110,Accrued Payroll,3595445.91,0.0,PAY-2023-11,Payroll settlement
2023-11-26,1020,Cash – ANB Payroll SAR,0.0,3595445.91,PAY-2023-11,Payroll settlement
2023-11-27,1000,Cash – SNB Operating SAR,912460.43,0.0,AR-2023-0287,Collection
2023-11-27,1100,Accounts Receivable,0.0,912460.43,AR-2023-0287,Collection
2023-11-27,1000,Cash – SNB Operating SAR,187079.15,0.0,AR-2023-0290,Collection
2023-11-27,1100,Accounts Receivable,0.0,187079.15,AR-2023-0290,Collection
2023-11-27,1100,Accounts Receivable,368814.69,0.0,AR-2023-0316,
2023-11-27,4000,Revenue – Modern Trade,0.0,368814.69,AR-2023-0316,
2023-11-27,1100,Accounts Receivable,413176.02,0.0,AR-2023-0318,
2023-11-27,4000,Revenue – Modern Trade,0.0,413176.02,AR-2023-0318,
2023-11-27,1100,Accounts Receivable,144959.48,0.0,AR-2023-0320,
2023-11-27,4000,Revenue – Modern Trade,0.0,144959.48,AR-2023-0320,
2023-11-27,1100,Accounts Receivable,805684.38,0.0,AR-2023-0497,
2023-11-27,4010,Revenue – Hospitality,0.0,805684.38,AR-2023-0497,
2023-11-27,1100,Accounts Receivable,639190.05,0.0,AR-2023-1192,
2023-11-27,4030,Revenue – Catering,0.0,639190.05,AR-2023-1192,
2023-11-27,1100,Accounts Receivable,245775.24,0.0,AR-2023-1204,
2023-11-27,4030,Revenue – Catering,0.0,245775.24,AR-2023-1204,
2023-11-27,1100,Accounts Receivable,365244.13,0.0,AR-2023-1205,
2023-11-27,4030,Revenue – Catering,0.0,365244.13,AR-2023-1205,
2023-11-27,2000,Accounts Payable,410407.09,0.0,INV-2023-0054,Payment
2023-11-27,1000,Cash – SNB Operating SAR,0.0,410407.09,INV-2023-0054,Payment
2023-11-27,2000,Accounts Payable,167747.99,0.0,INV-2023-0247,Payment
2023-11-27,1000,Cash – SNB Operating SAR,0.0,167747.99,INV-2023-0247,Payment
2023-11-27,2000,Accounts Payable,75450.28,0.0,INV-2023-0332,Payment
2023-11-27,1000,Cash – SNB Operating SAR,0.0,75450.28,INV-2023-0332,Payment
2023-11-27,2000,Accounts Payable,111721.73,0.0,INV-2023-0410,Payment
2023-11-27,1000,Cash – SNB Operating SAR,0.0,111721.73,INV-2023-0410,Payment
2023-11-27,2000,Accounts Payable,170925.83,0.0,INV-2023-0460,Payment
2023-11-27,1000,Cash – SNB Operating SAR,0.0,170925.83,INV-2023-0460,Payment
2023-11-27,5030,COGS – Cosmetics,98629.76,0.0,INV-2023-0777,Bulk SKUs — monthly replenishment
2023-11-27,2000,Accounts Payable,0.0,98629.76,INV-2023-0777,
2023-11-27,5030,COGS – Cosmetics,145760.46,0.0,INV-2023-0937,
2023-11-27,2000,Accounts Payable,0.0,145760.46,INV-2023-0937,
2023-11-27,2000,Accounts Payable,359333.38,0.0,INV-2023-1024,Payment
2023-11-27,1000,Cash – SNB Operating SAR,0.0,359333.38,INV-2023-1024,Payment
2023-11-27,2900,Intercompany – Group Treasury Sweep,21012948.72,0.0,JE-20231190,Treasury sweep to Tamween Holdco cash pool
2023-11-27,1000,Cash – SNB Operating SAR,0.0,21012948.72,JE-20231190,Treasury sweep to Tamween Holdco cash pool
2023-11-28,1000,Cash – SNB Operating SAR,301645.77,0.0,AR-2023-0238,Collection
2023-11-28,1100,Accounts Receivable,0.0,301645.77,AR-2023-0238,Collection
2023-11-28,1000,Cash – SNB Operating SAR,139109.49,0.0,AR-2023-0294,Collection
2023-11-28,1100,Accounts Receivable,0.0,139109.49,AR-2023-0294,Collection
2023-11-28,1000,Cash – SNB Operating SAR,520080.98,0.0,AR-2023-0484,Collection
2023-11-28,1100,Accounts Receivable,0.0,520080.98,AR-2023-0484,Collection
2023-11-28,1100,Accounts Receivable,188558.17,0.0,AR-2023-0485,
2023-11-28,4010,Revenue – Hospitality,0.0,188558.17,AR-2023-0485,
2023-11-28,1100,Accounts Receivable,355666.6,0.0,AR-2023-0486,
2023-11-28,4010,Revenue – Hospitality,0.0,355666.6,AR-2023-0486,
2023-11-28,1100,Accounts Receivable,111915.97,0.0,AR-2023-0727,
2023-11-28,4020,Revenue – Government,0.0,111915.97,AR-2023-0727,
2023-11-28,1000,Cash – SNB Operating SAR,233298.18,0.0,AR-2023-1156,Collection
2023-11-28,1100,Accounts Receivable,0.0,233298.18,AR-2023-1156,Collection
2023-11-28,5000,COGS – Food,129579.27,0.0,INV-2023-0166,
2023-11-28,2000,Accounts Payable,0.0,129579.27,INV-2023-0166,
2023-11-28,2000,Accounts Payable,161407.94,0.0,INV-2023-0320,Payment
2023-11-28,1000,Cash – SNB Operating SAR,0.0,161407.94,INV-2023-0320,Payment
2023-11-28,2000,Accounts Payable,84803.5,0.0,INV-2023-0419,Payment
2023-11-28,1000,Cash – SNB Operating SAR,0.0,84803.5,INV-2023-0419,Payment
2023-11-28,5020,COGS – Household,77361.66,0.0,INV-2023-0715,Bulk SKUs — monthly replenishment
2023-11-28,2000,Accounts Payable,0.0,77361.66,INV-2023-0715,
2023-11-28,2000,Accounts Payable,91301.93,0.0,INV-2023-0742,Payment
2023-11-28,1000,Cash – SNB Operating SAR,0.0,91301.93,INV-2023-0742,Payment
2023-11-28,2000,Accounts Payable,46279.99,0.0,INV-2023-1141,Payment
2023-11-28,1000,Cash – SNB Operating SAR,0.0,46279.99,INV-2023-1141,Payment
2023-11-28,6500,Depreciation Expense,400000.0,0.0,DEP-2023-11,PPE monthly depreciation accrual
2023-11-28,1510,Accumulated Depreciation – PPE,0.0,400000.0,DEP-2023-11,PPE monthly depreciation accrual
2023-11-29,1000,Cash – SNB Operating SAR,540234.07,0.0,AR-2023-0277,Collection
2023-11-29,1100,Accounts Receivable,0.0,540234.07,AR-2023-0277,Collection
2023-11-29,1100,Accounts Receivable,720742.21,0.0,AR-2023-0714,
2023-11-29,4020,Revenue – Government,0.0,720742.21,AR-2023-0714,
2023-11-29,1100,Accounts Receivable,405931.2,0.0,AR-2023-0723,
2023-11-29,4020,Revenue – Government,0.0,405931.2,AR-2023-0723,
2023-11-29,1100,Accounts Receivable,308307.76,0.0,AR-2023-0726,
2023-11-29,4020,Revenue – Government,0.0,308307.76,AR-2023-0726,
2023-11-29,1000,Cash – SNB Operating SAR,1151340.34,0.0,AR-2023-1099,Collection
2023-11-29,1100,Accounts Receivable,0.0,1151340.34,AR-2023-1099,Collection
2023-11-29,1000,Cash – SNB Operating SAR,220416.1,0.0,AR-2023-1102,Collection
2023-11-29,1100,Accounts Receivable,0.0,220416.1,AR-2023-1102,Collection
2023-11-29,1100,Accounts Receivable,446949.65,0.0,AR-2023-1171,
2023-11-29,4030,Revenue – Catering,0.0,446949.65,AR-2023-1171,
2023-11-29,1100,Accounts Receivable,682587.28,0.0,AR-2023-1172,
2023-11-29,4030,Revenue – Catering,0.0,682587.28,AR-2023-1172,
2023-11-29,1100,Accounts Receivable,314868.49,0.0,AR-2023-1193,
2023-11-29,4030,Revenue – Catering,0.0,314868.49,AR-2023-1193,
2023-11-29,2000,Accounts Payable,374825.43,0.0,INV-2023-0052,Payment
2023-11-29,1000,Cash – SNB Operating SAR,0.0,374825.43,INV-2023-0052,Payment
2023-11-29,2000,Accounts Payable,477425.3,0.0,INV-2023-0053,Payment
2023-11-29,1000,Cash – SNB Operating SAR,0.0,477425.3,INV-2023-0053,Payment
2023-11-29,2000,Accounts Payable,420289.16,0.0,INV-2023-0055,Payment
2023-11-29,1000,Cash – SNB Operating SAR,0.0,420289.16,INV-2023-0055,Payment
2023-11-29,2000,Accounts Payable,78589.11,0.0,INV-2023-0249,Payment
2023-11-29,1000,Cash – SNB Operating SAR,0.0,78589.11,INV-2023-0249,Payment
2023-11-29,2000,Accounts Payable,138356.84,0.0,INV-2023-0659,Payment
2023-11-29,1000,Cash – SNB Operating SAR,0.0,138356.84,INV-2023-0659,Payment
2023-11-29,6300,Logistics – 3PL,305895.01,0.0,INV-2023-0989,Line-haul & distribution services
2023-11-29,2000,Accounts Payable,0.0,305895.01,INV-2023-0989,
2023-11-30,1000,Cash – SNB Operating SAR,415215.71,0.0,AR-2023-0253,Collection
2023-11-30,1100,Accounts Receivable,0.0,415215.71,AR-2023-0253,Collection
2023-11-30,1000,Cash – SNB Operating SAR,328685.32,0.0,AR-2023-0282,Collection
2023-11-30,1100,Accounts Receivable,0.0,328685.32,AR-2023-0282,Collection
2023-11-30,1000,Cash – SNB Operating SAR,268033.97,0.0,AR-2023-0284,Collection
2023-11-30,1100,Accounts Receivable,0.0,268033.97,AR-2023-0284,Collection
2023-11-30,1100,Accounts Receivable,514149.82,0.0,AR-2023-0324,
2023-11-30,4000,Revenue – Modern Trade,0.0,514149.82,AR-2023-0324,
2023-11-30,1000,Cash – SNB Operating SAR,459885.79,0.0,AR-2023-0473,Collection
2023-11-30,1100,Accounts Receivable,0.0,459885.79,AR-2023-0473,Collection
2023-11-30,1000,Cash – SNB Operating SAR,971549.05,0.0,AR-2023-0681,Collection
2023-11-30,1100,Accounts Receivable,0.0,971549.05,AR-2023-0681,Collection
2023-11-30,1000,Cash – SNB Operating SAR,254347.02,0.0,AR-2023-0689,Collection
2023-11-30,1100,Accounts Receivable,0.0,254347.02,AR-2023-0689,Collection
2023-11-30,1000,Cash – SNB Operating SAR,753368.11,0.0,AR-2023-0696,Collection
2023-11-30,1100,Accounts Receivable,0.0,753368.11,AR-2023-0696,Collection
2023-11-30,1100,Accounts Receivable,880618.65,0.0,AR-2023-0736,
2023-11-30,4020,Revenue – Government,0.0,880618.65,AR-2023-0736,
2023-11-30,1100,Accounts Receivable,521695.31,0.0,AR-2023-0737,
2023-11-30,4020,Revenue – Government,0.0,521695.31,AR-2023-0737,
2023-11-30,1000,Cash – SNB Operating SAR,381271.19,0.0,AR-2023-1108,Collection
2023-11-30,1100,Accounts Receivable,0.0,381271.19,AR-2023-1108,Collection
2023-11-30,1000,Cash – SNB Operating SAR,577333.21,0.0,AR-2023-1126,Collection
2023-11-30,1100,Accounts Receivable,0.0,577333.21,AR-2023-1126,Collection
2023-11-30,1100,Accounts Receivable,1021568.8,0.0,AR-2023-1197,
2023-11-30,4030,Revenue – Catering,0.0,1021568.8,AR-2023-1197,
2023-11-30,5000,COGS – Food,127581.54,0.0,INV-2023-0171,Antibiotics + analgesics — bulk SKUs
2023-11-30,2000,Accounts Payable,0.0,127581.54,INV-2023-0171,
2023-11-30,5010,COGS – Beverages,108840.86,0.0,INV-2023-0437,
2023-11-30,2000,Accounts Payable,0.0,108840.86,INV-2023-0437,
2023-11-30,5010,COGS – Beverages,86798.06,0.0,INV-2023-0495,Bulk SKUs — monthly replenishment
2023-11-30,2000,Accounts Payable,0.0,86798.06,INV-2023-0495,
2023-11-30,2000,Accounts Payable,95498.31,0.0,INV-2023-0577,Payment
2023-11-30,1000,Cash – SNB Operating SAR,0.0,95498.31,INV-2023-0577,Payment
2023-11-30,2000,Accounts Payable,70313.4,0.0,INV-2023-0744,Payment
2023-11-30,1000,Cash – SNB Operating SAR,0.0,70313.4,INV-2023-0744,Payment
2023-11-30,2000,Accounts Payable,152334.61,0.0,INV-2023-0929,Payment
2023-11-30,1000,Cash – SNB Operating SAR,0.0,152334.61,INV-2023-0929,Payment
2023-11-30,2000,Accounts Payable,1206802.49,0.0,INV-2023-1096,Payment
2023-11-30,1000,Cash – SNB Operating SAR,0.0,1206802.49,INV-2023-1096,Payment
2023-12-01,1100,Accounts Receivable,596052.16,0.0,AR-2023-0350,
2023-12-01,4000,Revenue – Modern Trade,0.0,596052.16,AR-2023-0350,
2023-12-01,1000,Cash – SNB Operating SAR,189172.08,0.0,AR-2023-0464,Collection
2023-12-01,1100,Accounts Receivable,0.0,189172.08,AR-2023-0464,Collection
2023-12-01,1100,Accounts Receivable,343981.27,0.0,AR-2023-0744,
2023-12-01,4020,Revenue – Government,0.0,343981.27,AR-2023-0744,
2023-12-01,1100,Accounts Receivable,996242.55,0.0,AR-2023-1242,
2023-12-01,4030,Revenue – Catering,0.0,996242.55,AR-2023-1242,
2023-12-01,5000,COGS – Food,65818.32,0.0,INV-2023-0113,
2023-12-01,2000,Accounts Payable,0.0,65818.32,INV-2023-0113,
2023-12-01,2000,Accounts Payable,137127.34,0.0,INV-2023-0613,Payment
2023-12-01,1000,Cash – SNB Operating SAR,0.0,137127.34,INV-2023-0613,Payment
2023-12-01,2000,Accounts Payable,43738.29,0.0,INV-2023-1125,Payment
2023-12-01,1000,Cash – SNB Operating SAR,0.0,43738.29,INV-2023-1125,Payment
2023-12-01,6100,Rent Expense,380000.0,0.0,RENT-2023-12,
2023-12-01,1000,Cash – SNB Operating SAR,0.0,380000.0,RENT-2023-12,
2023-12-02,1000,Cash – SNB Operating SAR,580318.66,0.0,AR-2023-0268,Collection
2023-12-02,1100,Accounts Receivable,0.0,580318.66,AR-2023-0268,Collection
2023-12-02,1000,Cash – SNB Operating SAR,498571.23,0.0,AR-2023-1087,Collection
2023-12-02,1100,Accounts Receivable,0.0,498571.23,AR-2023-1087,Collection
2023-12-02,1000,Cash – SNB Operating SAR,376164.15,0.0,AR-2023-1097,Collection
2023-12-02,1100,Accounts Receivable,0.0,376164.15,AR-2023-1097,Collection
2023-12-02,1100,Accounts Receivable,425703.64,0.0,AR-2023-1222,
2023-12-02,4030,Revenue – Catering,0.0,425703.64,AR-2023-1222,
2023-12-02,1100,Accounts Receivable,280635.96,0.0,AR-2023-1238,
2023-12-02,4030,Revenue – Catering,0.0,280635.96,AR-2023-1238,
2023-12-02,2000,Accounts Payable,78001.49,0.0,INV-2023-0111,Payment
2023-12-02,1000,Cash – SNB Operating SAR,0.0,78001.49,INV-2023-0111,Payment
2023-12-02,2000,Accounts Payable,69868.01,0.0,INV-2023-0151,Payment
2023-12-02,1000,Cash – SNB Operating SAR,0.0,69868.01,INV-2023-0151,Payment
2023-12-02,5000,COGS – Food,88069.2,0.0,INV-2023-0203,Antibiotics + analgesics — bulk SKUs
2023-12-02,2000,Accounts Payable,0.0,88069.2,INV-2023-0203,
2023-12-02,2000,Accounts Payable,148608.66,0.0,INV-2023-0279,Payment
2023-12-02,1000,Cash – SNB Operating SAR,0.0,148608.66,INV-2023-0279,Payment
2023-12-02,6100,Rent Expense,1245534.53,0.0,INV-2023-1109,Warehouse lease — Qassim WH
2023-12-02,2000,Accounts Payable,0.0,1245534.53,INV-2023-1109,
2023-12-03,1000,Cash – SNB Operating SAR,226893.52,0.0,AR-2023-0278,Collection
2023-12-03,1100,Accounts Receivable,0.0,226893.52,AR-2023-0278,Collection
2023-12-03,1000,Cash – SNB Operating SAR,570511.58,0.0,AR-2023-0283,Collection
2023-12-03,1100,Accounts Receivable,0.0,570511.58,AR-2023-0283,Collection
2023-12-03,1000,Cash – SNB Operating SAR,463859.81,0.0,AR-2023-0487,Collection
2023-12-03,1100,Accounts Receivable,0.0,463859.81,AR-2023-0487,Collection
2023-12-03,1000,Cash – SNB Operating SAR,185547.86,0.0,AR-2023-0706,Collection
2023-12-03,1100,Accounts Receivable,0.0,185547.86,AR-2023-0706,Collection
2023-12-03,1000,Cash – SNB Operating SAR,336002.3,0.0,AR-2023-1117,Collection
2023-12-03,1100,Accounts Receivable,0.0,336002.3,AR-2023-1117,Collection
2023-12-03,1100,Accounts Receivable,621171.19,0.0,AR-2023-1225,
2023-12-03,4030,Revenue – Catering,0.0,621171.19,AR-2023-1225,
2023-12-03,6110,Utilities,399396.53,0.0,INV-2023-0056,Electricity & water — Riyadh North DC
2023-12-03,2000,Accounts Payable,0.0,399396.53,INV-2023-0056,
2023-12-03,2000,Accounts Payable,79298.53,0.0,INV-2023-0118,Payment
2023-12-03,1000,Cash – SNB Operating SAR,0.0,79298.53,INV-2023-0118,Payment
2023-12-03,2000,Accounts Payable,167993.52,0.0,INV-2023-0260,Payment
2023-12-03,1000,Cash – SNB Operating SAR,0.0,167993.52,INV-2023-0260,Payment
2023-12-03,5010,COGS – Beverages,86681.87,0.0,INV-2023-0389,OTC & consumer health replenishment
2023-12-03,2000,Accounts Payable,0.0,86681.87,INV-2023-0389,
2023-12-03,2000,Accounts Payable,131627.6,0.0,INV-2023-0411,Payment
2023-12-03,1000,Cash – SNB Operating SAR,0.0,131627.6,INV-2023-0411,Payment
2023-12-03,5010,COGS – Beverages,178665.63,0.0,INV-2023-0427,
2023-12-03,2000,Accounts Payable,0.0,178665.63,INV-2023-0427,
2023-12-03,5010,COGS – Beverages,115207.26,0.0,INV-2023-0467,OTC & consumer health replenishment
2023-12-03,2000,Accounts Payable,0.0,115207.26,INV-2023-0467,
2023-12-03,2000,Accounts Payable,77764.35,0.0,INV-2023-1173,Payment
2023-12-03,1000,Cash – SNB Operating SAR,0.0,77764.35,INV-2023-1173,Payment
2023-12-04,1000,Cash – SNB Operating SAR,566744.13,0.0,AR-2023-0288,Collection
2023-12-04,1100,Accounts Receivable,0.0,566744.13,AR-2023-0288,Collection
2023-12-04,1000,Cash – SNB Operating SAR,252281.12,0.0,AR-2023-0314,Collection
2023-12-04,1100,Accounts Receivable,0.0,252281.12,AR-2023-0314,Collection
2023-12-04,1100,Accounts Receivable,336464.22,0.0,AR-2023-0348,
2023-12-04,4000,Revenue – Modern Trade,0.0,336464.22,AR-2023-0348,
2023-12-04,1000,Cash – SNB Operating SAR,482083.17,0.0,AR-2023-0489,Collection
2023-12-04,1100,Accounts Receivable,0.0,482083.17,AR-2023-0489,Collection
2023-12-04,1000,Cash – SNB Operating SAR,244478.74,0.0,AR-2023-1175,Collection
2023-12-04,1100,Accounts Receivable,0.0,244478.74,AR-2023-1175,Collection
2023-12-04,1100,Accounts Receivable,252499.5,0.0,AR-2023-1212,
2023-12-04,4030,Revenue – Catering,0.0,252499.5,AR-2023-1212,
2023-12-04,1100,Accounts Receivable,376482.67,0.0,AR-2023-1229,
2023-12-04,4030,Revenue – Catering,0.0,376482.67,AR-2023-1229,
2023-12-04,1100,Accounts Receivable,1001668.64,0.0,AR-2023-1236,
2023-12-04,4030,Revenue – Catering,0.0,1001668.64,AR-2023-1236,
2023-12-04,6110,Utilities,433838.74,0.0,INV-2023-0057,Electricity & water — Riyadh South DC
2023-12-04,2000,Accounts Payable,0.0,433838.74,INV-2023-0057,
2023-12-04,5000,COGS – Food,87761.88,0.0,INV-2023-0114,
2023-12-04,2000,Accounts Payable,0.0,87761.88,INV-2023-0114,
2023-12-04,2000,Accounts Payable,104036.94,0.0,INV-2023-0311,Payment
2023-12-04,1000,Cash – SNB Operating SAR,0.0,104036.94,INV-2023-0311,Payment
2023-12-04,2000,Accounts Payable,64641.35,0.0,INV-2023-0669,Payment
2023-12-04,1000,Cash – SNB Operating SAR,0.0,64641.35,INV-2023-0669,Payment
2023-12-04,2000,Accounts Payable,361249.1,0.0,INV-2023-0971,Payment
2023-12-04,1000,Cash – SNB Operating SAR,0.0,361249.1,INV-2023-0971,Payment
2023-12-04,6220,Professional Fees,62468.23,0.0,INV-2023-1146,
2023-12-04,2000,Accounts Payable,0.0,62468.23,INV-2023-1146,
2023-12-05,1100,Accounts Receivable,533832.07,0.0,AR-2023-0333,
2023-12-05,4000,Revenue – Modern Trade,0.0,533832.07,AR-2023-0333,
2023-12-05,1100,Accounts Receivable,377415.66,0.0,AR-2023-0340,
2023-12-05,4000,Revenue – Modern Trade,0.0,377415.66,AR-2023-0340,
2023-12-05,1100,Accounts Receivable,585377.79,0.0,AR-2023-0508,
2023-12-05,4010,Revenue – Hospitality,0.0,585377.79,AR-2023-0508,
2023-12-05,1000,Cash – SNB Operating SAR,387573.87,0.0,AR-2023-1121,Collection
2023-12-05,1100,Accounts Receivable,0.0,387573.87,AR-2023-1121,Collection
2023-12-05,1000,Cash – SNB Operating SAR,446393.87,0.0,AR-2023-1155,Collection
2023-12-05,1100,Accounts Receivable,0.0,446393.87,AR-2023-1155,Collection
2023-12-05,1000,Cash – SNB Operating SAR,306556.66,0.0,AR-2023-1180,Collection
2023-12-05,1100,Accounts Receivable,0.0,306556.66,AR-2023-1180,Collection
2023-12-05,1100,Accounts Receivable,645839.61,0.0,AR-2023-1216,
2023-12-05,4030,Revenue – Catering,0.0,645839.61,AR-2023-1216,
2023-12-05,2000,Accounts Payable,60999.17,0.0,INV-2023-0065,Payment
2023-12-05,1000,Cash – SNB Operating SAR,0.0,60999.17,INV-2023-0065,Payment
2023-12-05,2000,Accounts Payable,134077.08,0.0,INV-2023-0543,Payment
2023-12-05,1000,Cash – SNB Operating SAR,0.0,134077.08,INV-2023-0543,Payment
2023-12-05,5020,COGS – Household,86128.54,0.0,INV-2023-0733,OTC & consumer health replenishment
2023-12-05,2000,Accounts Payable,0.0,86128.54,INV-2023-0733,
2023-12-05,5020,COGS – Household,180026.02,0.0,INV-2023-0753,Antibiotics + analgesics — bulk SKUs
2023-12-05,2000,Accounts Payable,0.0,180026.02,INV-2023-0753,
2023-12-05,2000,Accounts Payable,74721.37,0.0,INV-2023-0795,Payment
2023-12-05,1000,Cash – SNB Operating SAR,0.0,74721.37,INV-2023-0795,Payment
2023-12-05,6100,Rent Expense,701311.07,0.0,INV-2023-1085,Warehouse lease — Hail WH
2023-12-05,2000,Accounts Payable,0.0,701311.07,INV-2023-1085,
2023-12-05,6100,Rent Expense,1240386.76,0.0,INV-2023-1097,Warehouse lease — Qassim WH
2023-12-05,2000,Accounts Payable,0.0,1240386.76,INV-2023-1097,
2023-12-06,1000,Cash – SNB Operating SAR,293680.67,0.0,AR-2023-0261,Collection
2023-12-06,1100,Accounts Receivable,0.0,293680.67,AR-2023-0261,Collection
2023-12-06,1000,Cash – SNB Operating SAR,476809.71,0.0,AR-2023-0293,Collection
2023-12-06,1100,Accounts Receivable,0.0,476809.71,AR-2023-0293,Collection
2023-12-06,1000,Cash – SNB Operating SAR,522563.39,0.0,AR-2023-0310,Collection
2023-12-06,1100,Accounts Receivable,0.0,522563.39,AR-2023-0310,Collection
2023-12-06,1100,Accounts Receivable,525141.56,0.0,AR-2023-0326,
2023-12-06,4000,Revenue – Modern Trade,0.0,525141.56,AR-2023-0326,
2023-12-06,1100,Accounts Receivable,664192.32,0.0,AR-2023-0334,
2023-12-06,4000,Revenue – Modern Trade,0.0,664192.32,AR-2023-0334,
2023-12-06,1100,Accounts Receivable,73934.53,0.0,AR-2023-0510,
2023-12-06,4010,Revenue – Hospitality,0.0,73934.53,AR-2023-0510,
2023-12-06,1000,Cash – SNB Operating SAR,727878.01,0.0,AR-2023-0703,Collection
2023-12-06,1100,Accounts Receivable,0.0,727878.01,AR-2023-0703,Collection
2023-12-06,1000,Cash – SNB Operating SAR,353407.58,0.0,AR-2023-1132,Collection
2023-12-06,1100,Accounts Receivable,0.0,353407.58,AR-2023-1132,Collection
2023-12-06,1000,Cash – SNB Operating SAR,111347.6,0.0,AR-2023-1139,Collection
2023-12-06,1100,Accounts Receivable,0.0,111347.6,AR-2023-1139,Collection
2023-12-06,1000,Cash – SNB Operating SAR,375217.98,0.0,AR-2023-1144,Collection
2023-12-06,1100,Accounts Receivable,0.0,375217.98,AR-2023-1144,Collection
2023-12-06,1000,Cash – SNB Operating SAR,758016.34,0.0,AR-2023-1167,Collection
2023-12-06,1100,Accounts Receivable,0.0,758016.34,AR-2023-1167,Collection
2023-12-06,6110,Utilities,421563.38,0.0,INV-2023-0058,Electricity & water — Qassim WH
2023-12-06,2000,Accounts Payable,0.0,421563.38,INV-2023-0058,
2023-12-06,6110,Utilities,432460.05,0.0,INV-2023-0060,Electricity & water — HQ Riyadh Olaya
2023-12-06,2000,Accounts Payable,0.0,432460.05,INV-2023-0060,
2023-12-06,2000,Accounts Payable,125535.58,0.0,INV-2023-0138,Payment
2023-12-06,1000,Cash – SNB Operating SAR,0.0,125535.58,INV-2023-0138,Payment
2023-12-06,5000,COGS – Food,127139.52,0.0,INV-2023-0148,
2023-12-06,2000,Accounts Payable,0.0,127139.52,INV-2023-0148,
2023-12-06,5000,COGS – Food,128628.1,0.0,INV-2023-0272,Bulk SKUs — monthly replenishment
2023-12-06,2000,Accounts Payable,0.0,128628.1,INV-2023-0272,
2023-12-06,2000,Accounts Payable,154668.64,0.0,INV-2023-0723,Payment
2023-12-06,1000,Cash – SNB Operating SAR,0.0,154668.64,INV-2023-0723,Payment
2023-12-06,2000,Accounts Payable,158198.89,0.0,INV-2023-0856,Payment
2023-12-06,1000,Cash – SNB Operating SAR,0.0,158198.89,INV-2023-0856,Payment
2023-12-06,5030,COGS – Cosmetics,73164.46,0.0,INV-2023-0869,OTC & consumer health replenishment
2023-12-06,2000,Accounts Payable,0.0,73164.46,INV-2023-0869,
2023-12-06,6300,Logistics – 3PL,208230.63,0.0,INV-2023-1019,Line-haul & distribution services
2023-12-06,2000,Accounts Payable,0.0,208230.63,INV-2023-1019,
2023-12-06,2000,Accounts Payable,50607.02,0.0,INV-2023-1184,Payment
2023-12-06,1000,Cash – SNB Operating SAR,0.0,50607.02,INV-2023-1184,Payment
2023-12-07,1000,Cash – SNB Operating SAR,795393.67,0.0,AR-2023-0274,Collection
2023-12-07,1100,Accounts Receivable,0.0,795393.67,AR-2023-0274,Collection
2023-12-07,1100,Accounts Receivable,476352.32,0.0,AR-2023-0352,
2023-12-07,4000,Revenue – Modern Trade,0.0,476352.32,AR-2023-0352,
2023-12-07,1100,Accounts Receivable,258289.07,0.0,AR-2023-0743,
2023-12-07,4020,Revenue – Government,0.0,258289.07,AR-2023-0743,
2023-12-07,1100,Accounts Receivable,199701.14,0.0,AR-2023-0747,
2023-12-07,4020,Revenue – Government,0.0,199701.14,AR-2023-0747,
2023-12-07,1100,Accounts Receivable,1001668.64,0.0,AR-2023-1224,
2023-12-07,4030,Revenue – Catering,0.0,1001668.64,AR-2023-1224,
2023-12-07,1100,Accounts Receivable,1001668.64,0.0,AR-2023-1241,
2023-12-07,4030,Revenue – Catering,0.0,1001668.64,AR-2023-1241,
2023-12-07,2000,Accounts Payable,84892.61,0.0,INV-2023-0234,Payment
2023-12-07,1000,Cash – SNB Operating SAR,0.0,84892.61,INV-2023-0234,Payment
2023-12-07,2000,Accounts Payable,167714.55,0.0,INV-2023-0451,Payment
2023-12-07,1000,Cash – SNB Operating SAR,0.0,167714.55,INV-2023-0451,Payment
2023-12-07,2000,Accounts Payable,170851.12,0.0,INV-2023-0574,Payment
2023-12-07,1000,Cash – SNB Operating SAR,0.0,170851.12,INV-2023-0574,Payment
2023-12-07,5020,COGS – Household,118056.48,0.0,INV-2023-0607,OTC & consumer health replenishment
2023-12-07,2000,Accounts Payable,0.0,118056.48,INV-2023-0607,
2023-12-07,5020,COGS – Household,96913.05,0.0,INV-2023-0679,OTC & consumer health replenishment
2023-12-07,2000,Accounts Payable,0.0,96913.05,INV-2023-0679,
2023-12-07,2000,Accounts Payable,43227.03,0.0,INV-2023-1211,Payment
2023-12-07,1000,Cash – SNB Operating SAR,0.0,43227.03,INV-2023-1211,Payment
2023-12-08,1000,Cash – SNB Operating SAR,662513.33,0.0,AR-2023-0297,Collection
2023-12-08,1100,Accounts Receivable,0.0,662513.33,AR-2023-0297,Collection
2023-12-08,1000,Cash – SNB Operating SAR,327726.05,0.0,AR-2023-0312,Collection
2023-12-08,1100,Accounts Receivable,0.0,327726.05,AR-2023-0312,Collection
2023-12-08,1100,Accounts Receivable,495562.41,0.0,AR-2023-0329,
2023-12-08,4000,Revenue – Modern Trade,0.0,495562.41,AR-2023-0329,
2023-12-08,1100,Accounts Receivable,255120.8,0.0,AR-2023-0740,
2023-12-08,4020,Revenue – Government,0.0,255120.8,AR-2023-0740,
2023-12-08,1000,Cash – SNB Operating SAR,77210.54,0.0,AR-2023-1131,Collection
2023-12-08,1100,Accounts Receivable,0.0,77210.54,AR-2023-1131,Collection
2023-12-08,1000,Cash – SNB Operating SAR,608728.95,0.0,AR-2023-1165,Collection
2023-12-08,1100,Accounts Receivable,0.0,608728.95,AR-2023-1165,Collection
2023-12-08,1100,Accounts Receivable,442226.57,0.0,AR-2023-1231,
2023-12-08,4030,Revenue – Catering,0.0,442226.57,AR-2023-1231,
2023-12-08,1100,Accounts Receivable,241369.93,0.0,AR-2023-1239,
2023-12-08,4030,Revenue – Catering,0.0,241369.93,AR-2023-1239,
2023-12-08,1100,Accounts Receivable,586120.23,0.0,AR-2023-1250,
2023-12-08,4030,Revenue – Catering,0.0,586120.23,AR-2023-1250,
2023-12-08,6110,Utilities,460025.35,0.0,INV-2023-0059,Electricity & water — Hail WH
2023-12-08,2000,Accounts Payable,0.0,460025.35,INV-2023-0059,
2023-12-08,5000,COGS – Food,74302.4,0.0,INV-2023-0251,Bulk SKUs — monthly replenishment
2023-12-08,2000,Accounts Payable,0.0,74302.4,INV-2023-0251,
2023-12-08,5000,COGS – Food,103259.71,0.0,INV-2023-0268,Antibiotics + analgesics — bulk SKUs
2023-12-08,2000,Accounts Payable,0.0,103259.71,INV-2023-0268,
2023-12-08,5020,COGS – Household,83293.7,0.0,INV-2023-0565,Antibiotics + analgesics — bulk SKUs
2023-12-08,2000,Accounts Payable,0.0,83293.7,INV-2023-0565,
2023-12-08,2000,Accounts Payable,289700.53,0.0,INV-2023-0959,Payment
2023-12-08,1000,Cash – SNB Operating SAR,0.0,289700.53,INV-2023-0959,Payment
2023-12-08,6300,Logistics – 3PL,180690.74,0.0,INV-2023-1065,Line-haul & distribution services
2023-12-08,2000,Accounts Payable,0.0,180690.74,INV-2023-1065,
2023-12-09,1000,Cash – SNB Operating SAR,823529.36,0.0,AR-2023-0291,Collection
2023-12-09,1100,Accounts Receivable,0.0,823529.36,AR-2023-0291,Collection
2023-12-09,1100,Accounts Receivable,263884.21,0.0,AR-2023-0327,
2023-12-09,4000,Revenue – Modern Trade,0.0,263884.21,AR-2023-0327,
2023-12-09,1100,Accounts Receivable,545971.1,0.0,AR-2023-0501,
2023-12-09,4010,Revenue – Hospitality,0.0,545971.1,AR-2023-0501,
2023-12-09,1000,Cash – SNB Operating SAR,377402.74,0.0,AR-2023-0691,Collection
2023-12-09,1100,Accounts Receivable,0.0,377402.74,AR-2023-0691,Collection
2023-12-09,1000,Cash – SNB Operating SAR,323559.2,0.0,AR-2023-0711,Collection
2023-12-09,1100,Accounts Receivable,0.0,323559.2,AR-2023-0711,Collection
2023-12-09,1100,Accounts Receivable,859094.39,0.0,AR-2023-0756,
2023-12-09,4020,Revenue – Government,0.0,859094.39,AR-2023-0756,
2023-12-09,1100,Accounts Receivable,267148.43,0.0,AR-2023-0759,
2023-12-09,4020,Revenue – Government,0.0,267148.43,AR-2023-0759,
2023-12-09,1000,Cash – SNB Operating SAR,158739.13,0.0,AR-2023-1143,Collection
2023-12-09,1100,Accounts Receivable,0.0,158739.13,AR-2023-1143,Collection
2023-12-09,1000,Cash – SNB Operating SAR,769450.03,0.0,AR-2023-1152,Collection
2023-12-09,1100,Accounts Receivable,0.0,769450.03,AR-2023-1152,Collection
2023-12-09,2000,Accounts Payable,119906.82,0.0,INV-2023-0641,Payment
2023-12-09,1000,Cash – SNB Operating SAR,0.0,119906.82,INV-2023-0641,Payment
2023-12-09,5030,COGS – Cosmetics,160472.14,0.0,INV-2023-0829,
2023-12-09,2000,Accounts Payable,0.0,160472.14,INV-2023-0829,
2023-12-09,6300,Logistics – 3PL,362366.03,0.0,INV-2023-0990,Line-haul & distribution services
2023-12-09,2000,Accounts Payable,0.0,362366.03,INV-2023-0990,
2023-12-09,2000,Accounts Payable,231565.9,0.0,INV-2023-1012,Payment
2023-12-09,1000,Cash – SNB Operating SAR,0.0,231565.9,INV-2023-1012,Payment
2023-12-09,2000,Accounts Payable,169695.42,0.0,INV-2023-1054,Payment
2023-12-09,1000,Cash – SNB Operating SAR,0.0,169695.42,INV-2023-1054,Payment
2023-12-10,1100,Accounts Receivable,900782.33,0.0,AR-2023-0328,
2023-12-10,4000,Revenue – Modern Trade,0.0,900782.33,AR-2023-0328,
2023-12-10,1100,Accounts Receivable,909630.42,0.0,AR-2023-0339,
2023-12-10,4000,Revenue – Modern Trade,0.0,909630.42,AR-2023-0339,
2023-12-10,1000,Cash – SNB Operating SAR,267943.96,0.0,AR-2023-1135,Collection
2023-12-10,1100,Accounts Receivable,0.0,267943.96,AR-2023-1135,Collection
2023-12-10,1100,Accounts Receivable,144740.39,0.0,AR-2023-1251,
2023-12-10,4030,Revenue – Catering,0.0,144740.39,AR-2023-1251,
2023-12-10,2000,Accounts Payable,79710.57,0.0,INV-2023-0606,Payment
2023-12-10,1000,Cash – SNB Operating SAR,0.0,79710.57,INV-2023-0606,Payment
2023-12-10,2000,Accounts Payable,161703.46,0.0,INV-2023-0979,Payment
2023-12-10,1000,Cash – SNB Operating SAR,0.0,161703.46,INV-2023-0979,Payment
2023-12-10,2000,Accounts Payable,288169.68,0.0,INV-2023-0993,Payment
2023-12-10,1000,Cash – SNB Operating SAR,0.0,288169.68,INV-2023-0993,Payment
2023-12-10,6300,Logistics – 3PL,264097.28,0.0,INV-2023-1051,Line-haul & distribution services
2023-12-10,2000,Accounts Payable,0.0,264097.28,INV-2023-1051,
2023-12-10,2000,Accounts Payable,95264.2,0.0,INV-2023-1069,Payment
2023-12-10,1000,Cash – SNB Operating SAR,0.0,95264.2,INV-2023-1069,Payment
2023-12-10,2000,Accounts Payable,1016547.01,0.0,INV-2023-1084,Payment
2023-12-10,1000,Cash – SNB Operating SAR,0.0,1016547.01,INV-2023-1084,Payment
2023-12-10,2000,Accounts Payable,54817.37,0.0,INV-2023-1136,Payment
2023-12-10,1000,Cash – SNB Operating SAR,0.0,54817.37,INV-2023-1136,Payment
2023-12-11,1000,Cash – SNB Operating SAR,305153.73,0.0,AR-2023-0292,Collection
2023-12-11,1100,Accounts Receivable,0.0,305153.73,AR-2023-0292,Collection
2023-12-11,1000,Cash – SNB Operating SAR,260005.61,0.0,AR-2023-0322,Collection
2023-12-11,1100,Accounts Receivable,0.0,260005.61,AR-2023-0322,Collection
2023-12-11,1100,Accounts Receivable,102939.11,0.0,AR-2023-0336,
2023-12-11,4000,Revenue – Modern Trade,0.0,102939.11,AR-2023-0336,
2023-12-11,1000,Cash – SNB Operating SAR,436864.84,0.0,AR-2023-0494,Collection
2023-12-11,1100,Accounts Receivable,0.0,436864.84,AR-2023-0494,Collection
2023-12-11,1000,Cash – SNB Operating SAR,103274.2,0.0,AR-2023-0697,Collection
2023-12-11,1100,Accounts Receivable,0.0,103274.2,AR-2023-0697,Collection
2023-12-11,1000,Cash – SNB Operating SAR,685334.94,0.0,AR-2023-0719,Collection
2023-12-11,1100,Accounts Receivable,0.0,685334.94,AR-2023-0719,Collection
2023-12-11,1100,Accounts Receivable,1071483.92,0.0,AR-2023-0750,
2023-12-11,4020,Revenue – Government,0.0,1071483.92,AR-2023-0750,
2023-12-11,1000,Cash – SNB Operating SAR,209400.77,0.0,AR-2023-1157,Collection
2023-12-11,1100,Accounts Receivable,0.0,209400.77,AR-2023-1157,Collection
2023-12-11,1100,Accounts Receivable,460995.11,0.0,AR-2023-1220,
2023-12-11,4030,Revenue – Catering,0.0,460995.11,AR-2023-1220,
2023-12-11,1100,Accounts Receivable,273691.54,0.0,AR-2023-1233,
2023-12-11,4030,Revenue – Catering,0.0,273691.54,AR-2023-1233,
2023-12-11,1100,Accounts Receivable,170161.93,0.0,AR-2023-1240,
2023-12-11,4030,Revenue – Catering,0.0,170161.93,AR-2023-1240,
2023-12-11,2000,Accounts Payable,146248.34,0.0,INV-2023-0294,Payment
2023-12-11,1000,Cash – SNB Operating SAR,0.0,146248.34,INV-2023-0294,Payment
2023-12-11,2000,Accounts Payable,99413.71,0.0,INV-2023-0560,Payment
2023-12-11,1000,Cash – SNB Operating SAR,0.0,99413.71,INV-2023-0560,Payment
2023-12-11,2000,Accounts Payable,73475.8,0.0,INV-2023-0819,Payment
2023-12-11,1000,Cash – SNB Operating SAR,0.0,73475.8,INV-2023-0819,Payment
2023-12-11,2000,Accounts Payable,103328.6,0.0,INV-2023-0903,Payment
2023-12-11,1000,Cash – SNB Operating SAR,0.0,103328.6,INV-2023-0903,Payment
2023-12-11,5030,COGS – Cosmetics,101517.7,0.0,INV-2023-0904,OTC & consumer health replenishment
2023-12-11,2000,Accounts Payable,0.0,101517.7,INV-2023-0904,
2023-12-11,2000,Accounts Payable,119811.5,0.0,INV-2023-0917,Payment
2023-12-11,1000,Cash – SNB Operating SAR,0.0,119811.5,INV-2023-0917,Payment
2023-12-11,2000,Accounts Payable,251962.48,0.0,INV-2023-1021,Payment
2023-12-11,1000,Cash – SNB Operating SAR,0.0,251962.48,INV-2023-1021,Payment
2023-12-11,5020,COGS – Household,173504.1,0.0,INV-2023-1203,"Blister & carton packaging PKG-1101 — 22,533 units @ SAR 7.70 (CT-2023-466)"
2023-12-11,2000,Accounts Payable,0.0,173504.1,INV-2023-1203,
2023-12-12,1100,Accounts Receivable,288991.87,0.0,AR-2023-0344,
2023-12-12,4000,Revenue – Modern Trade,0.0,288991.87,AR-2023-0344,
2023-12-12,1000,Cash – SNB Operating SAR,248136.22,0.0,AR-2023-0474,Collection
2023-12-12,1100,Accounts Receivable,0.0,248136.22,AR-2023-0474,Collection
2023-12-12,1100,Accounts Receivable,701294.79,0.0,AR-2023-0499,
2023-12-12,4010,Revenue – Hospitality,0.0,701294.79,AR-2023-0499,
2023-12-12,1100,Accounts Receivable,803125.09,0.0,AR-2023-0760,
2023-12-12,4020,Revenue – Government,0.0,803125.09,AR-2023-0760,
2023-12-12,1000,Cash – SNB Operating SAR,607102.01,0.0,AR-2023-1136,Collection
2023-12-12,1100,Accounts Receivable,0.0,607102.01,AR-2023-1136,Collection
2023-12-12,1000,Cash – SNB Operating SAR,369232.87,0.0,AR-2023-1142,Collection
2023-12-12,1100,Accounts Receivable,0.0,369232.87,AR-2023-1142,Collection
2023-12-12,1000,Cash – SNB Operating SAR,1054996.59,0.0,AR-2023-1151,Collection
2023-12-12,1100,Accounts Receivable,0.0,1054996.59,AR-2023-1151,Collection
2023-12-12,1000,Cash – SNB Operating SAR,307512.51,0.0,AR-2023-1209,Collection
2023-12-12,1100,Accounts Receivable,0.0,307512.51,AR-2023-1209,Collection
2023-12-12,1100,Accounts Receivable,148301.38,0.0,AR-2023-1235,
2023-12-12,4030,Revenue – Catering,0.0,148301.38,AR-2023-1235,
2023-12-12,1100,Accounts Receivable,1001668.64,0.0,AR-2023-1245,
2023-12-12,4030,Revenue – Catering,0.0,1001668.64,AR-2023-1245,
2023-12-12,1100,Accounts Receivable,613844.55,0.0,AR-2023-1249,
2023-12-12,4030,Revenue – Catering,0.0,613844.55,AR-2023-1249,
2023-12-12,5000,COGS – Food,157081.97,0.0,INV-2023-0227,Bulk SKUs — monthly replenishment
2023-12-12,2000,Accounts Payable,0.0,157081.97,INV-2023-0227,
2023-12-12,2000,Accounts Payable,130147.47,0.0,INV-2023-0297,Payment
2023-12-12,1000,Cash – SNB Operating SAR,0.0,130147.47,INV-2023-0297,Payment
2023-12-12,5010,COGS – Beverages,150253.26,0.0,INV-2023-0443,
2023-12-12,2000,Accounts Payable,0.0,150253.26,INV-2023-0443,
2023-12-12,5010,COGS – Beverages,151684.55,0.0,INV-2023-0503,
2023-12-12,2000,Accounts Payable,0.0,151684.55,INV-2023-0503,
2023-12-12,2000,Accounts Payable,107784.7,0.0,INV-2023-0631,Payment
2023-12-12,1000,Cash – SNB Operating SAR,0.0,107784.7,INV-2023-0631,Payment
2023-12-12,2000,Accounts Payable,149168.05,0.0,INV-2023-0699,Payment
2023-12-12,1000,Cash – SNB Operating SAR,0.0,149168.05,INV-2023-0699,Payment
2023-12-12,2000,Accounts Payable,169576.97,0.0,INV-2023-0906,Payment
2023-12-12,1000,Cash – SNB Operating SAR,0.0,169576.97,INV-2023-0906,Payment
2023-12-12,5030,COGS – Cosmetics,121019.3,0.0,INV-2023-0928,
2023-12-12,2000,Accounts Payable,0.0,121019.3,INV-2023-0928,
2023-12-12,5030,COGS – Cosmetics,131378.2,0.0,INV-2023-0933,Bulk SKUs — monthly replenishment
2023-12-12,2000,Accounts Payable,0.0,131378.2,INV-2023-0933,
2023-12-12,6200,Marketing & Advertising,46963.8,0.0,INV-2023-1128,
2023-12-12,2000,Accounts Payable,0.0,46963.8,INV-2023-1128,
2023-12-13,1100,Accounts Receivable,197751.3,0.0,AR-2023-0347,
2023-12-13,4000,Revenue – Modern Trade,0.0,197751.3,AR-2023-0347,
2023-12-13,1000,Cash – SNB Operating SAR,358296.54,0.0,AR-2023-0490,Collection
2023-12-13,1100,Accounts Receivable,0.0,358296.54,AR-2023-0490,Collection
2023-12-13,1100,Accounts Receivable,698530.29,0.0,AR-2023-0505,
2023-12-13,4010,Revenue – Hospitality,0.0,698530.29,AR-2023-0505,
2023-12-13,1100,Accounts Receivable,240337.58,0.0,AR-2023-0761,
2023-12-13,4020,Revenue – Government,0.0,240337.58,AR-2023-0761,
2023-12-13,1100,Accounts Receivable,209798.67,0.0,AR-2023-1234,
2023-12-13,4030,Revenue – Catering,0.0,209798.67,AR-2023-1234,
2023-12-13,5010,COGS – Beverages,88728.84,0.0,INV-2023-0367,
2023-12-13,2000,Accounts Payable,0.0,88728.84,INV-2023-0367,
2023-12-13,2000,Accounts Payable,155794.18,0.0,INV-2023-0371,Payment
2023-12-13,1000,Cash – SNB Operating SAR,0.0,155794.18,INV-2023-0371,Payment
2023-12-13,5030,COGS – Cosmetics,140748.95,0.0,INV-2023-0889,
2023-12-13,2000,Accounts Payable,0.0,140748.95,INV-2023-0889,
2023-12-13,2000,Accounts Payable,83961.85,0.0,INV-2023-0900,Payment
2023-12-13,1000,Cash – SNB Operating SAR,0.0,83961.85,INV-2023-0900,Payment
2023-12-13,2000,Accounts Payable,184330.3,0.0,INV-2023-1202,Payment
2023-12-13,1000,Cash – SNB Operating SAR,0.0,184330.3,INV-2023-1202,Payment
2023-12-14,1000,Cash – SNB Operating SAR,612581.46,0.0,AR-2023-0271,Collection
2023-12-14,1100,Accounts Receivable,0.0,612581.46,AR-2023-0271,Collection
2023-12-14,1100,Accounts Receivable,1072886.42,0.0,AR-2023-0332,
2023-12-14,4000,Revenue – Modern Trade,0.0,1072886.42,AR-2023-0332,
2023-12-14,1100,Accounts Receivable,275580.19,0.0,AR-2023-0500,
2023-12-14,4010,Revenue – Hospitality,0.0,275580.19,AR-2023-0500,
2023-12-14,1100,Accounts Receivable,173436.27,0.0,AR-2023-0507,
2023-12-14,4010,Revenue – Hospitality,0.0,173436.27,AR-2023-0507,
2023-12-14,1000,Cash – SNB Operating SAR,337013.94,0.0,AR-2023-1130,Collection
2023-12-14,1100,Accounts Receivable,0.0,337013.94,AR-2023-1130,Collection
2023-12-14,1000,Cash – SNB Operating SAR,219104.34,0.0,AR-2023-1140,Collection
2023-12-14,1100,Accounts Receivable,0.0,219104.34,AR-2023-1140,Collection
2023-12-14,1000,Cash – SNB Operating SAR,499642.65,0.0,AR-2023-1146,Collection
2023-12-14,1100,Accounts Receivable,0.0,499642.65,AR-2023-1146,Collection
2023-12-14,1000,Cash – SNB Operating SAR,361603.1,0.0,AR-2023-1163,Collection
2023-12-14,1100,Accounts Receivable,0.0,361603.1,AR-2023-1163,Collection
2023-12-14,1000,Cash – SNB Operating SAR,810686.39,0.0,AR-2023-1178,Collection
2023-12-14,1100,Accounts Receivable,0.0,810686.39,AR-2023-1178,Collection
2023-12-14,5000,COGS – Food,151784.47,0.0,INV-2023-0083,OTC & consumer health replenishment
2023-12-14,2000,Accounts Payable,0.0,151784.47,INV-2023-0083,
2023-12-14,5000,COGS – Food,118307.12,0.0,INV-2023-0085,
2023-12-14,2000,Accounts Payable,0.0,118307.12,INV-2023-0085,
2023-12-14,5000,COGS – Food,148503.95,0.0,INV-2023-0158,Bulk SKUs — monthly replenishment
2023-12-14,2000,Accounts Payable,0.0,148503.95,INV-2023-0158,
2023-12-14,2000,Accounts Payable,128903.78,0.0,INV-2023-0408,Payment
2023-12-14,1000,Cash – SNB Operating SAR,0.0,128903.78,INV-2023-0408,Payment
2023-12-14,2000,Accounts Payable,135146.94,0.0,INV-2023-0499,Payment
2023-12-14,1000,Cash – SNB Operating SAR,0.0,135146.94,INV-2023-0499,Payment
2023-12-14,2000,Accounts Payable,128598.38,0.0,INV-2023-0512,Payment
2023-12-14,1000,Cash – SNB Operating SAR,0.0,128598.38,INV-2023-0512,Payment
2023-12-14,2000,Accounts Payable,98953.17,0.0,INV-2023-0661,Payment
2023-12-14,1000,Cash – SNB Operating SAR,0.0,98953.17,INV-2023-0661,Payment
2023-12-14,2000,Accounts Payable,162249.53,0.0,INV-2023-0808,Payment
2023-12-14,1000,Cash – SNB Operating SAR,0.0,162249.53,INV-2023-0808,Payment
2023-12-15,1000,Cash – SNB Operating SAR,542507.02,0.0,AR-2023-0273,Collection
2023-12-15,1100,Accounts Receivable,0.0,542507.02,AR-2023-0273,Collection
2023-12-15,1100,Accounts Receivable,1072886.42,0.0,AR-2023-0330,
2023-12-15,4000,Revenue – Modern Trade,0.0,1072886.42,AR-2023-0330,
2023-12-15,1100,Accounts Receivable,1072886.42,0.0,AR-2023-0349,
2023-12-15,4000,Revenue – Modern Trade,0.0,1072886.42,AR-2023-0349,
2023-12-15,1100,Accounts Receivable,565388.26,0.0,AR-2023-0511,
2023-12-15,4010,Revenue – Hospitality,0.0,565388.26,AR-2023-0511,
2023-12-15,1000,Cash – SNB Operating SAR,934738.0,0.0,AR-2023-0674,Collection
2023-12-15,1100,Accounts Receivable,0.0,934738.0,AR-2023-0674,Collection
2023-12-15,1000,Cash – SNB Operating SAR,569112.22,0.0,AR-2023-0709,Collection
2023-12-15,1100,Accounts Receivable,0.0,569112.22,AR-2023-0709,Collection
2023-12-15,1100,Accounts Receivable,637994.2,0.0,AR-2023-0751,
2023-12-15,4020,Revenue – Government,0.0,637994.2,AR-2023-0751,
2023-12-15,1000,Cash – SNB Operating SAR,959521.65,0.0,AR-2023-1154,Collection
2023-12-15,1100,Accounts Receivable,0.0,959521.65,AR-2023-1154,Collection
2023-12-15,5000,COGS – Food,125792.04,0.0,INV-2023-0076,Bulk SKUs — monthly replenishment
2023-12-15,2000,Accounts Payable,0.0,125792.04,INV-2023-0076,
2023-12-15,2000,Accounts Payable,95134.63,0.0,INV-2023-0145,Payment
2023-12-15,1000,Cash – SNB Operating SAR,0.0,95134.63,INV-2023-0145,Payment
2023-12-15,5000,COGS – Food,137753.73,0.0,INV-2023-0179,
2023-12-15,2000,Accounts Payable,0.0,137753.73,INV-2023-0179,
2023-12-15,5000,COGS – Food,170271.9,0.0,INV-2023-0242,OTC & consumer health replenishment
2023-12-15,2000,Accounts Payable,0.0,170271.9,INV-2023-0242,
2023-12-15,5000,COGS – Food,141003.59,0.0,INV-2023-0243,
2023-12-15,2000,Accounts Payable,0.0,141003.59,INV-2023-0243,
2023-12-15,2000,Accounts Payable,90701.63,0.0,INV-2023-0493,Payment
2023-12-15,1000,Cash – SNB Operating SAR,0.0,90701.63,INV-2023-0493,Payment
2023-12-15,5020,COGS – Household,75655.34,0.0,INV-2023-0594,OTC & consumer health replenishment
2023-12-15,2000,Accounts Payable,0.0,75655.34,INV-2023-0594,
2023-12-15,2000,Accounts Payable,129600.26,0.0,INV-2023-0672,Payment
2023-12-15,1000,Cash – SNB Operating SAR,0.0,129600.26,INV-2023-0672,Payment
2023-12-15,5020,COGS – Household,175424.29,0.0,INV-2023-0698,Bulk SKUs — monthly replenishment
2023-12-15,2000,Accounts Payable,0.0,175424.29,INV-2023-0698,
2023-12-15,5030,COGS – Cosmetics,141210.61,0.0,INV-2023-0828,OTC & consumer health replenishment
2023-12-15,2000,Accounts Payable,0.0,141210.61,INV-2023-0828,
2023-12-15,5100,Freight Inwards,35469.87,0.0,INV-2023-1185,
2023-12-15,2000,Accounts Payable,0.0,35469.87,INV-2023-1185,
2023-12-16,1000,Cash – SNB Operating SAR,321564.28,0.0,AR-2023-0280,Collection
2023-12-16,1100,Accounts Receivable,0.0,321564.28,AR-2023-0280,Collection
2023-12-16,1000,Cash – SNB Operating SAR,1189941.11,0.0,AR-2023-0300,Collection
2023-12-16,1100,Accounts Receivable,0.0,1189941.11,AR-2023-0300,Collection
2023-12-16,1100,Accounts Receivable,860789.26,0.0,AR-2023-0502,
2023-12-16,4010,Revenue – Hospitality,0.0,860789.26,AR-2023-0502,
2023-12-16,1100,Accounts Receivable,218761.59,0.0,AR-2023-0738,
2023-12-16,4020,Revenue – Government,0.0,218761.59,AR-2023-0738,
2023-12-16,1100,Accounts Receivable,234077.18,0.0,AR-2023-0753,
2023-12-16,4020,Revenue – Government,0.0,234077.18,AR-2023-0753,
2023-12-16,1000,Cash – SNB Operating SAR,688239.43,0.0,AR-2023-1148,Collection
2023-12-16,1100,Accounts Receivable,0.0,688239.43,AR-2023-1148,Collection
2023-12-16,1000,Cash – SNB Operating SAR,212474.74,0.0,AR-2023-1176,Collection
2023-12-16,1100,Accounts Receivable,0.0,212474.74,AR-2023-1176,Collection
2023-12-16,1000,Cash – SNB Operating SAR,979405.86,0.0,AR-2023-1201,Collection
2023-12-16,1100,Accounts Receivable,0.0,979405.86,AR-2023-1201,Collection
2023-12-16,1100,Accounts Receivable,262190.12,0.0,AR-2023-1230,
2023-12-16,4030,Revenue – Catering,0.0,262190.12,AR-2023-1230,
2023-12-16,1100,Accounts Receivable,361806.97,0.0,AR-2023-1232,
2023-12-16,4030,Revenue – Catering,0.0,361806.97,AR-2023-1232,
2023-12-16,5000,COGS – Food,99325.34,0.0,INV-2023-0289,
2023-12-16,2000,Accounts Payable,0.0,99325.34,INV-2023-0289,
2023-12-16,2000,Accounts Payable,161997.42,0.0,INV-2023-0484,Payment
2023-12-16,1000,Cash – SNB Operating SAR,0.0,161997.42,INV-2023-0484,Payment
2023-12-16,5020,COGS – Household,114457.45,0.0,INV-2023-0554,Bulk SKUs — monthly replenishment
2023-12-16,2000,Accounts Payable,0.0,114457.45,INV-2023-0554,
2023-12-16,5030,COGS – Cosmetics,151605.15,0.0,INV-2023-0810,Bulk SKUs — monthly replenishment
2023-12-16,2000,Accounts Payable,0.0,151605.15,INV-2023-0810,
2023-12-17,1000,Cash – SNB Operating SAR,495992.09,0.0,AR-2023-1141,Collection
2023-12-17,1100,Accounts Receivable,0.0,495992.09,AR-2023-1141,Collection
2023-12-17,1100,Accounts Receivable,1001668.64,0.0,AR-2023-1214,
2023-12-17,4030,Revenue – Catering,0.0,1001668.64,AR-2023-1214,
2023-12-17,1100,Accounts Receivable,117424.3,0.0,AR-2023-1221,
2023-12-17,4030,Revenue – Catering,0.0,117424.3,AR-2023-1221,
2023-12-17,1100,Accounts Receivable,203097.65,0.0,AR-2023-1246,
2023-12-17,4030,Revenue – Catering,0.0,203097.65,AR-2023-1246,
2023-12-17,2000,Accounts Payable,75233.41,0.0,INV-2023-0274,Payment
2023-12-17,1000,Cash – SNB Operating SAR,0.0,75233.41,INV-2023-0274,Payment
2023-12-17,2000,Accounts Payable,95503.68,0.0,INV-2023-0636,Payment
2023-12-17,1000,Cash – SNB Operating SAR,0.0,95503.68,INV-2023-0636,Payment
2023-12-17,6300,Logistics – 3PL,317397.84,0.0,INV-2023-1064,Line-haul & distribution services
2023-12-17,2000,Accounts Payable,0.0,317397.84,INV-2023-1064,
2023-12-18,1100,Accounts Receivable,220830.11,0.0,AR-2023-0325,
2023-12-18,4000,Revenue – Modern Trade,0.0,220830.11,AR-2023-0325,
2023-12-18,1100,Accounts Receivable,779191.0,0.0,AR-2023-0739,
2023-12-18,4020,Revenue – Government,0.0,779191.0,AR-2023-0739,
2023-12-18,1100,Accounts Receivable,119556.65,0.0,AR-2023-0752,
2023-12-18,4020,Revenue – Government,0.0,119556.65,AR-2023-0752,
2023-12-18,1000,Cash – SNB Operating SAR,137103.03,0.0,AR-2023-1203,Collection
2023-12-18,1100,Accounts Receivable,0.0,137103.03,AR-2023-1203,Collection
2023-12-18,1000,Cash – SNB Operating SAR,117835.73,0.0,AR-2023-1207,Collection
2023-12-18,1100,Accounts Receivable,0.0,117835.73,AR-2023-1207,Collection
2023-12-18,1100,Accounts Receivable,463429.45,0.0,AR-2023-1223,
2023-12-18,4030,Revenue – Catering,0.0,463429.45,AR-2023-1223,
2023-12-18,5000,COGS – Food,151111.89,0.0,INV-2023-0195,Bulk SKUs — monthly replenishment
2023-12-18,2000,Accounts Payable,0.0,151111.89,INV-2023-0195,
2023-12-18,2000,Accounts Payable,126769.7,0.0,INV-2023-0386,Payment
2023-12-18,1000,Cash – SNB Operating SAR,0.0,126769.7,INV-2023-0386,Payment
2023-12-18,5010,COGS – Beverages,85118.99,0.0,INV-2023-0398,OTC & consumer health replenishment
2023-12-18,2000,Accounts Payable,0.0,85118.99,INV-2023-0398,
2023-12-18,5010,COGS – Beverages,104396.34,0.0,INV-2023-0428,Bulk SKUs — monthly replenishment
2023-12-18,2000,Accounts Payable,0.0,104396.34,INV-2023-0428,
2023-12-18,5020,COGS – Household,90955.06,0.0,INV-2023-0581,OTC & consumer health replenishment
2023-12-18,2000,Accounts Payable,0.0,90955.06,INV-2023-0581,
2023-12-18,5030,COGS – Cosmetics,92646.77,0.0,INV-2023-0938,OTC & consumer health replenishment
2023-12-18,2000,Accounts Payable,0.0,92646.77,INV-2023-0938,
2023-12-19,1100,Accounts Receivable,219436.3,0.0,AR-2023-0503,
2023-12-19,4010,Revenue – Hospitality,0.0,219436.3,AR-2023-0503,
2023-12-19,1000,Cash – SNB Operating SAR,1033875.24,0.0,AR-2023-0718,Collection
2023-12-19,1100,Accounts Receivable,0.0,1033875.24,AR-2023-0718,Collection
2023-12-19,1100,Accounts Receivable,101773.71,0.0,AR-2023-0755,
2023-12-19,4020,Revenue – Government,0.0,101773.71,AR-2023-0755,
2023-12-19,1000,Cash – SNB Operating SAR,482327.98,0.0,AR-2023-1198,Collection
2023-12-19,1100,Accounts Receivable,0.0,482327.98,AR-2023-1198,Collection
2023-12-19,1100,Accounts Receivable,689964.22,0.0,AR-2023-1217,
2023-12-19,4030,Revenue – Catering,0.0,689964.22,AR-2023-1217,
2023-12-19,5000,COGS – Food,143105.12,0.0,INV-2023-0074,
2023-12-19,2000,Accounts Payable,0.0,143105.12,INV-2023-0074,
2023-12-19,5000,COGS – Food,64400.59,0.0,INV-2023-0263,
2023-12-19,2000,Accounts Payable,0.0,64400.59,INV-2023-0263,
2023-12-19,2000,Accounts Payable,155602.09,0.0,INV-2023-0368,Payment
2023-12-19,1000,Cash – SNB Operating SAR,0.0,155602.09,INV-2023-0368,Payment
2023-12-19,2000,Accounts Payable,73553.07,0.0,INV-2023-0432,Payment
2023-12-19,1000,Cash – SNB Operating SAR,0.0,73553.07,INV-2023-0432,Payment
2023-12-19,5010,COGS – Beverages,141097.27,0.0,INV-2023-0476,Antibiotics + analgesics — bulk SKUs
2023-12-19,2000,Accounts Payable,0.0,141097.27,INV-2023-0476,
2023-12-19,5010,COGS – Beverages,171625.91,0.0,INV-2023-0488,
2023-12-19,2000,Accounts Payable,0.0,171625.91,INV-2023-0488,
2023-12-19,2000,Accounts Payable,97855.16,0.0,INV-2023-0664,Payment
2023-12-19,1000,Cash – SNB Operating SAR,0.0,97855.16,INV-2023-0664,Payment
2023-12-19,2000,Accounts Payable,98575.5,0.0,INV-2023-0754,Payment
2023-12-19,1000,Cash – SNB Operating SAR,0.0,98575.5,INV-2023-0754,Payment
2023-12-19,2000,Accounts Payable,89102.66,0.0,INV-2023-0801,Payment
2023-12-19,1000,Cash – SNB Operating SAR,0.0,89102.66,INV-2023-0801,Payment
2023-12-19,2000,Accounts Payable,305895.01,0.0,INV-2023-0989,Payment
2023-12-19,1000,Cash – SNB Operating SAR,0.0,305895.01,INV-2023-0989,Payment
2023-12-19,6300,Logistics – 3PL,144210.12,0.0,INV-2023-1026,Line-haul & distribution services
2023-12-19,2000,Accounts Payable,0.0,144210.12,INV-2023-1026,
2023-12-19,5100,Freight Inwards,49604.1,0.0,INV-2023-1183,
2023-12-19,2000,Accounts Payable,0.0,49604.1,INV-2023-1183,
2023-12-20,1000,Cash – SNB Operating SAR,327059.3,0.0,AR-2023-0301,Collection
2023-12-20,1100,Accounts Receivable,0.0,327059.3,AR-2023-0301,Collection
2023-12-20,1100,Accounts Receivable,446071.36,0.0,AR-2023-0331,
2023-12-20,4000,Revenue – Modern Trade,0.0,446071.36,AR-2023-0331,
2023-12-20,1100,Accounts Receivable,154376.57,0.0,AR-2023-0342,
2023-12-20,4000,Revenue – Modern Trade,0.0,154376.57,AR-2023-0342,
2023-12-20,1100,Accounts Receivable,200604.75,0.0,AR-2023-0346,
2023-12-20,4000,Revenue – Modern Trade,0.0,200604.75,AR-2023-0346,
2023-12-20,1000,Cash – SNB Operating SAR,315615.31,0.0,AR-2023-0475,Collection
2023-12-20,1100,Accounts Receivable,0.0,315615.31,AR-2023-0475,Collection
2023-12-20,1000,Cash – SNB Operating SAR,333688.19,0.0,AR-2023-0704,Collection
2023-12-20,1100,Accounts Receivable,0.0,333688.19,AR-2023-0704,Collection
2023-12-20,1000,Cash – SNB Operating SAR,983886.37,0.0,AR-2023-0705,Collection
2023-12-20,1100,Accounts Receivable,0.0,983886.37,AR-2023-0705,Collection
2023-12-20,1000,Cash – SNB Operating SAR,405931.2,0.0,AR-2023-0723,Collection
2023-12-20,1100,Accounts Receivable,0.0,405931.2,AR-2023-0723,Collection
2023-12-20,1100,Accounts Receivable,1071483.92,0.0,AR-2023-0745,
2023-12-20,4020,Revenue – Government,0.0,1071483.92,AR-2023-0745,
2023-12-20,1100,Accounts Receivable,93193.77,0.0,AR-2023-0746,
2023-12-20,4020,Revenue – Government,0.0,93193.77,AR-2023-0746,
2023-12-20,1100,Accounts Receivable,947464.33,0.0,AR-2023-0749,
2023-12-20,4020,Revenue – Government,0.0,947464.33,AR-2023-0749,
2023-12-20,1000,Cash – SNB Operating SAR,1054996.59,0.0,AR-2023-1134,Collection
2023-12-20,1100,Accounts Receivable,0.0,1054996.59,AR-2023-1134,Collection
2023-12-20,1000,Cash – SNB Operating SAR,308375.22,0.0,AR-2023-1184,Collection
2023-12-20,1100,Accounts Receivable,0.0,308375.22,AR-2023-1184,Collection
2023-12-20,1100,Accounts Receivable,245754.81,0.0,AR-2023-1228,
2023-12-20,4030,Revenue – Catering,0.0,245754.81,AR-2023-1228,
2023-12-20,2000,Accounts Payable,433838.74,0.0,INV-2023-0057,Payment
2023-12-20,1000,Cash – SNB Operating SAR,0.0,433838.74,INV-2023-0057,Payment
2023-12-20,2000,Accounts Payable,109738.3,0.0,INV-2023-0339,Payment
2023-12-20,1000,Cash – SNB Operating SAR,0.0,109738.3,INV-2023-0339,Payment
2023-12-20,2000,Accounts Payable,92266.23,0.0,INV-2023-0530,Payment
2023-12-20,1000,Cash – SNB Operating SAR,0.0,92266.23,INV-2023-0530,Payment
2023-12-20,5020,COGS – Household,174579.92,0.0,INV-2023-0638,OTC & consumer health replenishment
2023-12-20,2000,Accounts Payable,0.0,174579.92,INV-2023-0638,
2023-12-20,5020,COGS – Household,61179.2,0.0,INV-2023-0671,
2023-12-20,2000,Accounts Payable,0.0,61179.2,INV-2023-0671,
2023-12-20,5030,COGS – Cosmetics,76962.42,0.0,INV-2023-0880,Antibiotics + analgesics — bulk SKUs
2023-12-20,2000,Accounts Payable,0.0,76962.42,INV-2023-0880,
2023-12-21,1000,Cash – SNB Operating SAR,332733.2,0.0,AR-2023-0305,Collection
2023-12-21,1100,Accounts Receivable,0.0,332733.2,AR-2023-0305,Collection
2023-12-21,1000,Cash – SNB Operating SAR,430272.67,0.0,AR-2023-0311,Collection
2023-12-21,1100,Accounts Receivable,0.0,430272.67,AR-2023-0311,Collection
2023-12-21,1000,Cash – SNB Operating SAR,463403.87,0.0,AR-2023-0701,Collection
2023-12-21,1100,Accounts Receivable,0.0,463403.87,AR-2023-0701,Collection
2023-12-21,1000,Cash – SNB Operating SAR,476016.09,0.0,AR-2023-0716,Collection
2023-12-21,1100,Accounts Receivable,0.0,476016.09,AR-2023-0716,Collection
2023-12-21,1100,Accounts Receivable,615500.22,0.0,AR-2023-0758,
2023-12-21,4020,Revenue – Government,0.0,615500.22,AR-2023-0758,
2023-12-21,1000,Cash – SNB Operating SAR,61493.19,0.0,AR-2023-1137,Collection
2023-12-21,1100,Accounts Receivable,0.0,61493.19,AR-2023-1137,Collection
2023-12-21,1000,Cash – SNB Operating SAR,742487.63,0.0,AR-2023-1159,Collection
2023-12-21,1100,Accounts Receivable,0.0,742487.63,AR-2023-1159,Collection
2023-12-21,1100,Accounts Receivable,513430.53,0.0,AR-2023-1237,
2023-12-21,4030,Revenue – Catering,0.0,513430.53,AR-2023-1237,
2023-12-21,1100,Accounts Receivable,449470.66,0.0,AR-2023-1243,
2023-12-21,4030,Revenue – Catering,0.0,449470.66,AR-2023-1243,
2023-12-21,1100,Accounts Receivable,507405.76,0.0,AR-2023-1252,
2023-12-21,4030,Revenue – Catering,0.0,507405.76,AR-2023-1252,
2023-12-21,2000,Accounts Payable,132403.33,0.0,INV-2023-0351,Payment
2023-12-21,1000,Cash – SNB Operating SAR,0.0,132403.33,INV-2023-0351,Payment
2023-12-21,2000,Accounts Payable,127663.37,0.0,INV-2023-0355,Payment
2023-12-21,1000,Cash – SNB Operating SAR,0.0,127663.37,INV-2023-0355,Payment
2023-12-21,2000,Accounts Payable,244959.42,0.0,INV-2023-0999,Payment
2023-12-21,1000,Cash – SNB Operating SAR,0.0,244959.42,INV-2023-0999,Payment
2023-12-22,1000,Cash – SNB Operating SAR,875190.79,0.0,AR-2023-0481,Collection
2023-12-22,1100,Accounts Receivable,0.0,875190.79,AR-2023-0481,Collection
2023-12-22,1100,Accounts Receivable,492958.3,0.0,AR-2023-0741,
2023-12-22,4020,Revenue – Government,0.0,492958.3,AR-2023-0741,
2023-12-22,1100,Accounts Receivable,269346.07,0.0,AR-2023-0742,
2023-12-22,4020,Revenue – Government,0.0,269346.07,AR-2023-0742,
2023-12-22,1000,Cash – SNB Operating SAR,388340.97,0.0,AR-2023-1133,Collection
2023-12-22,1100,Accounts Receivable,0.0,388340.97,AR-2023-1133,Collection
2023-12-22,1000,Cash – SNB Operating SAR,515307.3,0.0,AR-2023-1138,Collection
2023-12-22,1100,Accounts Receivable,0.0,515307.3,AR-2023-1138,Collection
2023-12-22,1000,Cash – SNB Operating SAR,962503.56,0.0,AR-2023-1147,Collection
2023-12-22,1100,Accounts Receivable,0.0,962503.56,AR-2023-1147,Collection
2023-12-22,1000,Cash – SNB Operating SAR,666287.2,0.0,AR-2023-1160,Collection
2023-12-22,1100,Accounts Receivable,0.0,666287.2,AR-2023-1160,Collection
2023-12-22,1000,Cash – SNB Operating SAR,432626.91,0.0,AR-2023-1199,Collection
2023-12-22,1100,Accounts Receivable,0.0,432626.91,AR-2023-1199,Collection
2023-12-22,2000,Accounts Payable,432460.05,0.0,INV-2023-0060,Payment
2023-12-22,1000,Cash – SNB Operating SAR,0.0,432460.05,INV-2023-0060,Payment
2023-12-22,2000,Accounts Payable,75768.9,0.0,INV-2023-0096,Payment
2023-12-22,1000,Cash – SNB Operating SAR,0.0,75768.9,INV-2023-0096,Payment
2023-12-22,2000,Accounts Payable,164870.14,0.0,INV-2023-0273,Payment
2023-12-22,1000,Cash – SNB Operating SAR,0.0,164870.14,INV-2023-0273,Payment
2023-12-22,5000,COGS – Food,69558.02,0.0,INV-2023-0293,
2023-12-22,2000,Accounts Payable,0.0,69558.02,INV-2023-0293,
2023-12-22,2000,Accounts Payable,108840.86,0.0,INV-2023-0437,Payment
2023-12-22,1000,Cash – SNB Operating SAR,0.0,108840.86,INV-2023-0437,Payment
2023-12-22,5030,COGS – Cosmetics,134600.59,0.0,INV-2023-0838,Bulk SKUs — monthly replenishment
2023-12-22,2000,Accounts Payable,0.0,134600.59,INV-2023-0838,
2023-12-22,2000,Accounts Payable,121775.9,0.0,INV-2023-0926,Payment
2023-12-22,1000,Cash – SNB Operating SAR,0.0,121775.9,INV-2023-0926,Payment
2023-12-22,6300,Logistics – 3PL,105492.37,0.0,INV-2023-0985,Line-haul & distribution services
2023-12-22,2000,Accounts Payable,0.0,105492.37,INV-2023-0985,
2023-12-23,1000,Cash – SNB Operating SAR,319968.92,0.0,AR-2023-0317,Collection
2023-12-23,1100,Accounts Receivable,0.0,319968.92,AR-2023-0317,Collection
2023-12-23,1100,Accounts Receivable,208856.08,0.0,AR-2023-0335,
2023-12-23,4000,Revenue – Modern Trade,0.0,208856.08,AR-2023-0335,
2023-12-23,1100,Accounts Receivable,457161.53,0.0,AR-2023-0341,
2023-12-23,4000,Revenue – Modern Trade,0.0,457161.53,AR-2023-0341,
2023-12-23,1100,Accounts Receivable,191094.09,0.0,AR-2023-0754,
2023-12-23,4020,Revenue – Government,0.0,191094.09,AR-2023-0754,
2023-12-23,1100,Accounts Receivable,157830.68,0.0,AR-2023-0757,
2023-12-23,4020,Revenue – Government,0.0,157830.68,AR-2023-0757,
2023-12-23,1100,Accounts Receivable,302171.59,0.0,AR-2023-0762,
2023-12-23,4020,Revenue – Government,0.0,302171.59,AR-2023-0762,
2023-12-23,1000,Cash – SNB Operating SAR,206492.15,0.0,AR-2023-1162,Collection
2023-12-23,1100,Accounts Receivable,0.0,206492.15,AR-2023-1162,Collection
2023-12-23,1000,Cash – SNB Operating SAR,1021568.8,0.0,AR-2023-1202,Collection
2023-12-23,1100,Accounts Receivable,0.0,1021568.8,AR-2023-1202,Collection
2023-12-23,1100,Accounts Receivable,191976.4,0.0,AR-2023-1226,
2023-12-23,4030,Revenue – Catering,0.0,191976.4,AR-2023-1226,
2023-12-23,2000,Accounts Payable,421563.38,0.0,INV-2023-0058,Payment
2023-12-23,1000,Cash – SNB Operating SAR,0.0,421563.38,INV-2023-0058,Payment
2023-12-23,2000,Accounts Payable,94004.67,0.0,INV-2023-0093,Payment
2023-12-23,1000,Cash – SNB Operating SAR,0.0,94004.67,INV-2023-0093,Payment
2023-12-23,2000,Accounts Payable,160776.28,0.0,INV-2023-0253,Payment
2023-12-23,1000,Cash – SNB Operating SAR,0.0,160776.28,INV-2023-0253,Payment
2023-12-23,2000,Accounts Payable,150908.75,0.0,INV-2023-0407,Payment
2023-12-23,1000,Cash – SNB Operating SAR,0.0,150908.75,INV-2023-0407,Payment
2023-12-23,2000,Accounts Payable,77361.66,0.0,INV-2023-0715,Payment
2023-12-23,1000,Cash – SNB Operating SAR,0.0,77361.66,INV-2023-0715,Payment
2023-12-23,5030,COGS – Cosmetics,175585.3,0.0,INV-2023-0896,Antibiotics + analgesics — bulk SKUs
2023-12-23,2000,Accounts Payable,0.0,175585.3,INV-2023-0896,
2023-12-23,5030,COGS – Cosmetics,130916.23,0.0,INV-2023-0898,Bulk SKUs — monthly replenishment
2023-12-23,2000,Accounts Payable,0.0,130916.23,INV-2023-0898,
2023-12-23,6300,Logistics – 3PL,228824.28,0.0,INV-2023-1009,Line-haul & distribution services
2023-12-23,2000,Accounts Payable,0.0,228824.28,INV-2023-1009,
2023-12-23,6300,Logistics – 3PL,377906.65,0.0,INV-2023-1043,Line-haul & distribution services
2023-12-23,2000,Accounts Payable,0.0,377906.65,INV-2023-1043,
2023-12-24,1000,Cash – SNB Operating SAR,159869.98,0.0,AR-2023-0296,Collection
2023-12-24,1100,Accounts Receivable,0.0,159869.98,AR-2023-0296,Collection
2023-12-24,1000,Cash – SNB Operating SAR,159412.54,0.0,AR-2023-0309,Collection
2023-12-24,1100,Accounts Receivable,0.0,159412.54,AR-2023-0309,Collection
2023-12-24,1100,Accounts Receivable,1003684.16,0.0,AR-2023-0338,
2023-12-24,4000,Revenue – Modern Trade,0.0,1003684.16,AR-2023-0338,
2023-12-24,1100,Accounts Receivable,161191.05,0.0,AR-2023-0351,
2023-12-24,4000,Revenue – Modern Trade,0.0,161191.05,AR-2023-0351,
2023-12-24,1100,Accounts Receivable,487285.61,0.0,AR-2023-0353,
2023-12-24,4000,Revenue – Modern Trade,0.0,487285.61,AR-2023-0353,
2023-12-24,1000,Cash – SNB Operating SAR,302999.59,0.0,AR-2023-0722,Collection
2023-12-24,1100,Accounts Receivable,0.0,302999.59,AR-2023-0722,Collection
2023-12-24,1100,Accounts Receivable,902764.31,0.0,AR-2023-0748,
2023-12-24,4020,Revenue – Government,0.0,902764.31,AR-2023-0748,
2023-12-24,1000,Cash – SNB Operating SAR,442889.11,0.0,AR-2023-1150,Collection
2023-12-24,1100,Accounts Receivable,0.0,442889.11,AR-2023-1150,Collection
2023-12-24,1000,Cash – SNB Operating SAR,527852.78,0.0,AR-2023-1196,Collection
2023-12-24,1100,Accounts Receivable,0.0,527852.78,AR-2023-1196,Collection
2023-12-24,1100,Accounts Receivable,395368.91,0.0,AR-2023-1215,
2023-12-24,4030,Revenue – Catering,0.0,395368.91,AR-2023-1215,
2023-12-24,2000,Accounts Payable,81838.94,0.0,INV-2023-0181,Payment
2023-12-24,1000,Cash – SNB Operating SAR,0.0,81838.94,INV-2023-0181,Payment
2023-12-24,5000,COGS – Food,177512.37,0.0,INV-2023-0284,
2023-12-24,2000,Accounts Payable,0.0,177512.37,INV-2023-0284,
2023-12-24,5020,COGS – Household,94764.13,0.0,INV-2023-0724,Bulk SKUs — monthly replenishment
2023-12-24,2000,Accounts Payable,0.0,94764.13,INV-2023-0724,
2023-12-24,2000,Accounts Payable,73878.82,0.0,INV-2023-0899,Payment
2023-12-24,1000,Cash – SNB Operating SAR,0.0,73878.82,INV-2023-0899,Payment
2023-12-24,5030,COGS – Cosmetics,88581.03,0.0,INV-2023-0921,
2023-12-24,2000,Accounts Payable,0.0,88581.03,INV-2023-0921,
2023-12-24,6300,Logistics – 3PL,263894.24,0.0,INV-2023-1036,Line-haul & distribution services
2023-12-24,2000,Accounts Payable,0.0,263894.24,INV-2023-1036,
2023-12-24,2000,Accounts Payable,46002.11,0.0,INV-2023-1131,Payment
2023-12-24,1000,Cash – SNB Operating SAR,0.0,46002.11,INV-2023-1131,Payment
2023-12-24,5100,Freight Inwards,52841.73,0.0,INV-2023-1181,
2023-12-24,2000,Accounts Payable,0.0,52841.73,INV-2023-1181,
2023-12-24,1020,Cash – ANB Payroll SAR,3553695.78,0.0,JE-20231201,Transfer SNB -> ANB payroll funding
2023-12-24,1000,Cash – SNB Operating SAR,0.0,3553695.78,JE-20231201,Transfer SNB -> ANB payroll funding
2023-12-25,1000,Cash – SNB Operating SAR,183503.48,0.0,AR-2023-0275,Collection
2023-12-25,1100,Accounts Receivable,0.0,183503.48,AR-2023-0275,Collection
2023-12-25,1000,Cash – SNB Operating SAR,489088.28,0.0,AR-2023-0303,Collection
2023-12-25,1100,Accounts Receivable,0.0,489088.28,AR-2023-0303,Collection
2023-12-25,1100,Accounts Receivable,675189.49,0.0,AR-2023-0509,
2023-12-25,4010,Revenue – Hospitality,0.0,675189.49,AR-2023-0509,
2023-12-25,1100,Accounts Receivable,188885.42,0.0,AR-2023-1218,
2023-12-25,4030,Revenue – Catering,0.0,188885.42,AR-2023-1218,
2023-12-25,1100,Accounts Receivable,451921.6,0.0,AR-2023-1219,
2023-12-25,4030,Revenue – Catering,0.0,451921.6,AR-2023-1219,
2023-12-25,1000,Cash – SNB Operating SAR,1001668.64,0.0,AR-2023-1241,Collection
2023-12-25,1100,Accounts Receivable,0.0,1001668.64,AR-2023-1241,Collection
2023-12-25,2000,Accounts Payable,399396.53,0.0,INV-2023-0056,Payment
2023-12-25,1000,Cash – SNB Operating SAR,0.0,399396.53,INV-2023-0056,Payment
2023-12-25,5000,COGS – Food,131570.1,0.0,INV-2023-0089,Bulk SKUs — monthly replenishment
2023-12-25,2000,Accounts Payable,0.0,131570.1,INV-2023-0089,
2023-12-25,2000,Accounts Payable,87761.88,0.0,INV-2023-0114,Payment
2023-12-25,1000,Cash – SNB Operating SAR,0.0,87761.88,INV-2023-0114,Payment
2023-12-25,5000,COGS – Food,175231.66,0.0,INV-2023-0252,Antibiotics + analgesics — bulk SKUs
2023-12-25,2000,Accounts Payable,0.0,175231.66,INV-2023-0252,
2023-12-25,5010,COGS – Beverages,91278.42,0.0,INV-2023-0412,
2023-12-25,2000,Accounts Payable,0.0,91278.42,INV-2023-0412,
2023-12-25,5010,COGS – Beverages,127810.46,0.0,INV-2023-0519,Bulk SKUs — monthly replenishment
2023-12-25,2000,Accounts Payable,0.0,127810.46,INV-2023-0519,
2023-12-25,5030,COGS – Cosmetics,115673.54,0.0,INV-2023-0799,Antibiotics + analgesics — bulk SKUs
2023-12-25,2000,Accounts Payable,0.0,115673.54,INV-2023-0799,
2023-12-25,6300,Logistics – 3PL,226323.62,0.0,INV-2023-0974,Line-haul & distribution services
2023-12-25,2000,Accounts Payable,0.0,226323.62,INV-2023-0974,
2023-12-25,6200,Marketing & Advertising,49149.75,0.0,INV-2023-1118,
2023-12-25,2000,Accounts Payable,0.0,49149.75,INV-2023-1118,
2023-12-25,6000,Salaries & Wages,3224769.31,0.0,PAY-2023-12,Payroll batch
2023-12-25,6020,GOSI Contributions,328926.47,0.0,PAY-2023-12,Payroll batch
2023-12-25,2110,Accrued Payroll,0.0,3553695.78,PAY-2023-12,Payroll batch
2023-12-26,1000,Cash – SNB Operating SAR,166745.15,0.0,AR-2023-0279,Collection
2023-12-26,1100,Accounts Receivable,0.0,166745.15,AR-2023-0279,Collection
2023-12-26,1100,Accounts Receivable,140526.87,0.0,AR-2023-0354,
2023-12-26,4000,Revenue – Modern Trade,0.0,140526.87,AR-2023-0354,
2023-12-26,1000,Cash – SNB Operating SAR,993763.05,0.0,AR-2023-0477,Collection
2023-12-26,1100,Accounts Receivable,0.0,993763.05,AR-2023-0477,Collection
2023-12-26,1000,Cash – SNB Operating SAR,139387.89,0.0,AR-2023-1182,Collection
2023-12-26,1100,Accounts Receivable,0.0,139387.89,AR-2023-1182,Collection
2023-12-26,1100,Accounts Receivable,797249.67,0.0,AR-2023-1213,
2023-12-26,4030,Revenue – Catering,0.0,797249.67,AR-2023-1213,
2023-12-26,1000,Cash – SNB Operating SAR,1001668.64,0.0,AR-2023-1236,Collection
2023-12-26,1100,Accounts Receivable,0.0,1001668.64,AR-2023-1236,Collection
2023-12-26,1100,Accounts Receivable,339787.33,0.0,AR-2023-1248,
2023-12-26,4030,Revenue – Catering,0.0,339787.33,AR-2023-1248,
2023-12-26,2000,Accounts Payable,127139.52,0.0,INV-2023-0148,Payment
2023-12-26,1000,Cash – SNB Operating SAR,0.0,127139.52,INV-2023-0148,Payment
2023-12-26,5010,COGS – Beverages,76468.52,0.0,INV-2023-0373,
2023-12-26,2000,Accounts Payable,0.0,76468.52,INV-2023-0373,
2023-12-26,5020,COGS – Household,81771.1,0.0,INV-2023-0551,Antibiotics + analgesics — bulk SKUs
2023-12-26,2000,Accounts Payable,0.0,81771.1,INV-2023-0551,
2023-12-26,2000,Accounts Payable,78702.16,0.0,INV-2023-0847,Payment
2023-12-26,1000,Cash – SNB Operating SAR,0.0,78702.16,INV-2023-0847,Payment
2023-12-26,2110,Accrued Payroll,3553695.78,0.0,PAY-2023-12,Payroll settlement
2023-12-26,1020,Cash – ANB Payroll SAR,0.0,3553695.78,PAY-2023-12,Payroll settlement
2023-12-27,1000,Cash – SNB Operating SAR,513821.91,0.0,AR-2023-0480,Collection
2023-12-27,1100,Accounts Receivable,0.0,513821.91,AR-2023-0480,Collection
2023-12-27,1000,Cash – SNB Operating SAR,308307.76,0.0,AR-2023-0726,Collection
2023-12-27,1100,Accounts Receivable,0.0,308307.76,AR-2023-0726,Collection
2023-12-27,1000,Cash – SNB Operating SAR,124083.79,0.0,AR-2023-1169,Collection
2023-12-27,1100,Accounts Receivable,0.0,124083.79,AR-2023-1169,Collection
2023-12-27,1000,Cash – SNB Operating SAR,446949.65,0.0,AR-2023-1171,Collection
2023-12-27,1100,Accounts Receivable,0.0,446949.65,AR-2023-1171,Collection
2023-12-27,1000,Cash – SNB Operating SAR,594874.18,0.0,AR-2023-1188,Collection
2023-12-27,1100,Accounts Receivable,0.0,594874.18,AR-2023-1188,Collection
2023-12-27,2000,Accounts Payable,460025.35,0.0,INV-2023-0059,Payment
2023-12-27,1000,Cash – SNB Operating SAR,0.0,460025.35,INV-2023-0059,Payment
2023-12-27,5000,COGS – Food,110386.69,0.0,INV-2023-0124,
2023-12-27,2000,Accounts Payable,0.0,110386.69,INV-2023-0124,
2023-12-27,5000,COGS – Food,152824.97,0.0,INV-2023-0244,Bulk SKUs — monthly replenishment
2023-12-27,2000,Accounts Payable,0.0,152824.97,INV-2023-0244,
2023-12-27,2000,Accounts Payable,86798.06,0.0,INV-2023-0495,Payment
2023-12-27,1000,Cash – SNB Operating SAR,0.0,86798.06,INV-2023-0495,Payment
2023-12-27,5010,COGS – Beverages,157027.74,0.0,INV-2023-0496,Antibiotics + analgesics — bulk SKUs
2023-12-27,2000,Accounts Payable,0.0,157027.74,INV-2023-0496,
2023-12-27,6300,Logistics – 3PL,166217.57,0.0,INV-2023-0991,Line-haul & distribution services
2023-12-27,2000,Accounts Payable,0.0,166217.57,INV-2023-0991,
2023-12-27,2900,Intercompany – Group Treasury Sweep,21168375.85,0.0,JE-20231290,Treasury sweep to Tamween Holdco cash pool
2023-12-27,1000,Cash – SNB Operating SAR,0.0,21168375.85,JE-20231290,Treasury sweep to Tamween Holdco cash pool
2023-12-28,1100,Accounts Receivable,86869.14,0.0,AR-2023-0506,
2023-12-28,4010,Revenue – Hospitality,0.0,86869.14,AR-2023-0506,
2023-12-28,1000,Cash – SNB Operating SAR,590878.09,0.0,AR-2023-0728,Collection
2023-12-28,1100,Accounts Receivable,0.0,590878.09,AR-2023-0728,Collection
2023-12-28,1100,Accounts Receivable,764694.07,0.0,AR-2023-0763,
2023-12-28,4020,Revenue – Government,0.0,764694.07,AR-2023-0763,
2023-12-28,1000,Cash – SNB Operating SAR,194635.8,0.0,AR-2023-1174,Collection
2023-12-28,1100,Accounts Receivable,0.0,194635.8,AR-2023-1174,Collection
2023-12-28,1100,Accounts Receivable,760383.88,0.0,AR-2023-1227,
2023-12-28,4030,Revenue – Catering,0.0,760383.88,AR-2023-1227,
2023-12-28,1100,Accounts Receivable,368359.01,0.0,AR-2023-1253,
2023-12-28,4030,Revenue – Catering,0.0,368359.01,AR-2023-1253,
2023-12-28,2000,Accounts Payable,178665.63,0.0,INV-2023-0427,Payment
2023-12-28,1000,Cash – SNB Operating SAR,0.0,178665.63,INV-2023-0427,Payment
2023-12-28,2000,Accounts Payable,96913.05,0.0,INV-2023-0679,Payment
2023-12-28,1000,Cash – SNB Operating SAR,0.0,96913.05,INV-2023-0679,Payment
2023-12-28,2000,Accounts Payable,102325.37,0.0,INV-2023-0783,Payment
2023-12-28,1000,Cash – SNB Operating SAR,0.0,102325.37,INV-2023-0783,Payment
2023-12-28,5030,COGS – Cosmetics,83978.23,0.0,INV-2023-0800,OTC & consumer health replenishment
2023-12-28,2000,Accounts Payable,0.0,83978.23,INV-2023-0800,
2023-12-28,5030,COGS – Cosmetics,137715.25,0.0,INV-2023-0871,
2023-12-28,2000,Accounts Payable,0.0,137715.25,INV-2023-0871,
2023-12-28,5030,COGS – Cosmetics,87698.33,0.0,INV-2023-0907,OTC & consumer health replenishment
2023-12-28,2000,Accounts Payable,0.0,87698.33,INV-2023-0907,
2023-12-28,6500,Depreciation Expense,400000.0,0.0,DEP-2023-12,PPE monthly depreciation accrual
2023-12-28,1510,Accumulated Depreciation – PPE,0.0,400000.0,DEP-2023-12,PPE monthly depreciation accrual
2023-12-29,1100,Accounts Receivable,456427.18,0.0,AR-2023-0498,
2023-12-29,4010,Revenue – Hospitality,0.0,456427.18,AR-2023-0498,
2023-12-29,1100,Accounts Receivable,321954.36,0.0,AR-2023-0504,
2023-12-29,4010,Revenue – Hospitality,0.0,321954.36,AR-2023-0504,
2023-12-29,1100,Accounts Receivable,448157.76,0.0,AR-2023-1247,
2023-12-29,4030,Revenue – Catering,0.0,448157.76,AR-2023-1247,
2023-12-29,5030,COGS – Cosmetics,70589.05,0.0,INV-2023-0833,
2023-12-29,2000,Accounts Payable,0.0,70589.05,INV-2023-0833,
2023-12-30,1000,Cash – SNB Operating SAR,242279.94,0.0,AR-2023-0319,Collection
2023-12-30,1100,Accounts Receivable,0.0,242279.94,AR-2023-0319,Collection
2023-12-30,1100,Accounts Receivable,588784.48,0.0,AR-2023-0337,
2023-12-30,4000,Revenue – Modern Trade,0.0,588784.48,AR-2023-0337,
2023-12-30,1100,Accounts Receivable,208201.83,0.0,AR-2023-0343,
2023-12-30,4000,Revenue – Modern Trade,0.0,208201.83,AR-2023-0343,
2023-12-30,1100,Accounts Receivable,193669.43,0.0,AR-2023-0345,
2023-12-30,4000,Revenue – Modern Trade,0.0,193669.43,AR-2023-0345,
2023-12-30,1000,Cash – SNB Operating SAR,346996.87,0.0,AR-2023-1191,Collection
2023-12-30,1100,Accounts Receivable,0.0,346996.87,AR-2023-1191,Collection
2023-12-30,1100,Accounts Receivable,83067.83,0.0,AR-2023-1244,
2023-12-30,4030,Revenue – Catering,0.0,83067.83,AR-2023-1244,
2023-12-30,5020,COGS – Household,106211.66,0.0,INV-2023-0579,Bulk SKUs — monthly replenishment
2023-12-30,2000,Accounts Payable,0.0,106211.66,INV-2023-0579,
2023-12-30,5030,COGS – Cosmetics,125880.88,0.0,INV-2023-0890,Antibiotics + analgesics — bulk SKUs
2023-12-30,2000,Accounts Payable,0.0,125880.88,INV-2023-0890,
2023-12-31,1000,Cash – SNB Operating SAR,254499.85,0.0,AR-2023-0488,Collection
2023-12-31,1100,Accounts Receivable,0.0,254499.85,AR-2023-0488,Collection
2023-12-31,1000,Cash – SNB Operating SAR,326858.23,0.0,AR-2023-0491,Collection
2023-12-31,1100,Accounts Receivable,0.0,326858.23,AR-2023-0491,Collection
2023-12-31,1000,Cash – SNB Operating SAR,1033683.24,0.0,AR-2023-0495,Collection
2023-12-31,1100,Accounts Receivable,0.0,1033683.24,AR-2023-0495,Collection
2023-12-31,1000,Cash – SNB Operating SAR,966774.02,0.0,AR-2023-0721,Collection
2023-12-31,1100,Accounts Receivable,0.0,966774.02,AR-2023-0721,Collection
2023-12-31,1000,Cash – SNB Operating SAR,162189.19,0.0,AR-2023-1128,Collection
2023-12-31,1100,Accounts Receivable,0.0,162189.19,AR-2023-1128,Collection
2023-12-31,6700,Insurance Expense,150000.0,0.0,INS-2023-Q4,
2023-12-31,1000,Cash – SNB Operating SAR,0.0,150000.0,INS-2023-Q4,
